time_window,attack_probability,attack_ratio,attack_stage,stage_confidence,actual_is_attack,actual_attack_ratio,actual_attack_stage
2018-02-14 01:01:40,0.0015838418621569872,0.046403903514146805,Benign,0.9988999366760254,0,0.0,Benign
2018-02-14 01:01:45,0.0015387909952551126,0.046795886009931564,Benign,0.9989401698112488,0,0.0,Benign
2018-02-14 01:01:50,0.0015144366770982742,0.04633292928338051,Benign,0.9989533424377441,0,0.0,Benign
2018-02-14 01:01:55,0.0015770362224429846,0.047577012330293655,Benign,0.9989333748817444,0,0.0,Benign
2018-02-14 01:02:00,0.0015734671615064144,0.04775775969028473,Benign,0.9989126920700073,0,0.0,Benign
2018-02-14 01:02:05,0.0016171070747077465,0.04828840494155884,Benign,0.9988901019096375,0,0.0,Benign
2018-02-14 01:02:10,0.0016481736674904823,0.04742296785116196,Benign,0.9988717436790466,0,0.0,Benign
2018-02-14 01:02:15,0.0016369979130104184,0.045861922204494476,Benign,0.9988611936569214,0,0.0,Benign
2018-02-14 01:02:20,0.0016511522699147463,0.04558376967906952,Benign,0.9988131523132324,0,0.0,Benign
2018-02-14 01:02:25,0.0016757746925577521,0.0461595393717289,Benign,0.9987564086914062,0,0.0,Benign
2018-02-14 01:02:30,0.0017540933331474662,0.04621138051152229,Benign,0.9986866116523743,0,0.0,Benign
2018-02-14 01:02:35,0.0017806056421250105,0.044696129858493805,Benign,0.9986801743507385,0,0.0,Benign
2018-02-14 01:02:40,0.0018365313299000263,0.044999703764915466,Benign,0.9986308217048645,0,0.0,Benign
2018-02-14 01:02:45,0.001994938589632511,0.0452812984585762,Benign,0.9985135197639465,0,0.0,Benign
2018-02-14 01:02:50,0.0020790372509509325,0.04675934463739395,Benign,0.9984803795814514,0,0.0,Benign
2018-02-14 01:02:55,0.001978493295609951,0.045120641589164734,Benign,0.9985690116882324,0,0.0,Benign
2018-02-14 01:03:00,0.0020088101737201214,0.04633723571896553,Benign,0.9985837936401367,0,0.0,Benign
2018-02-14 01:03:05,0.0019594698678702116,0.044541336596012115,Benign,0.9986844658851624,0,0.0,Benign
2018-02-14 01:03:10,0.002056647324934602,0.04498986154794693,Benign,0.9986090064048767,0,0.0,Benign
2018-02-14 01:03:15,0.002376462332904339,0.04540824517607689,Benign,0.998363196849823,0,0.0,Benign
2018-02-14 01:03:20,0.002950728638097644,0.047491077333688736,Benign,0.997923731803894,0,0.0,Benign
2018-02-14 01:03:25,0.0038181995041668415,0.05130515247583389,Benign,0.9973238706588745,0,0.0,Benign
2018-02-14 01:03:30,0.004892646335065365,0.056697458028793335,Benign,0.9965536594390869,0,0.0,Benign
2018-02-14 01:03:35,0.006870587356388569,0.06773383915424347,Benign,0.9950207471847534,0,0.0,Benign
2018-02-14 01:03:40,0.008462405763566494,0.07609779387712479,Benign,0.9936553239822388,0,0.0,Benign
2018-02-14 01:03:45,0.010132147930562496,0.08455459773540497,Benign,0.9920427203178406,0,0.0,Benign
2018-02-14 01:03:50,0.011348492465913296,0.09043091535568237,Benign,0.9907543659210205,0,0.0,Benign
2018-02-14 01:03:55,0.013184450566768646,0.09995438158512115,Benign,0.9890748858451843,0,0.0,Benign
2018-02-14 01:04:00,0.016006233170628548,0.1126563623547554,Benign,0.9867337942123413,0,0.0,Benign
2018-02-14 01:04:05,0.014275658875703812,0.1089174896478653,Benign,0.9883395433425903,0,0.0,Benign
2018-02-14 01:04:10,0.009983495809137821,0.09622698277235031,Benign,0.9922767281532288,0,0.0,Benign
2018-02-14 01:04:15,0.006979769561439753,0.08227787166833878,Benign,0.9948179125785828,0,0.0,Benign
2018-02-14 01:04:20,0.00756217772141099,0.08368479460477829,Benign,0.9946786165237427,0,0.0,Benign
2018-02-14 01:04:25,0.005837713368237019,0.06972450017929077,Benign,0.9960330128669739,0,0.0,Benign
2018-02-14 01:04:30,0.005731271114200354,0.06890541315078735,Benign,0.9961728453636169,0,0.0,Benign
2018-02-14 01:04:35,0.005438235588371754,0.06458311527967453,Benign,0.9963377714157104,0,0.0,Benign
2018-02-14 01:04:40,0.006341483909636736,0.06574461609125137,Benign,0.9957454800605774,0,0.0,Benign
2018-02-14 01:04:45,0.005540513899177313,0.0617961622774601,Benign,0.9964312314987183,0,0.0,Benign
2018-02-14 01:04:50,0.005222146864980459,0.06119556352496147,Benign,0.9966487288475037,0,0.0,Benign
2018-02-14 01:04:55,0.00445973128080368,0.057914040982723236,Benign,0.9971938133239746,0,0.0,Benign
2018-02-14 01:05:00,0.004294367041438818,0.05711931362748146,Benign,0.997269332408905,0,0.0,Benign
2018-02-14 01:05:05,0.0040939366444945335,0.05557530000805855,Benign,0.9973835349082947,0,0.0,Benign
2018-02-14 01:05:10,0.00432731444016099,0.055510539561510086,Benign,0.9972591400146484,0,0.0,Benign
2018-02-14 01:05:15,0.004484008066356182,0.05775212496519089,Benign,0.9972422122955322,0,0.0,Benign
2018-02-14 01:05:20,0.004396848846226931,0.056991685181856155,Benign,0.9972841739654541,0,0.0,Benign
2018-02-14 01:05:25,0.0044256942346692085,0.05601279065012932,Benign,0.9972877502441406,0,0.0,Benign
2018-02-14 01:05:30,0.004303380381315947,0.055000875145196915,Benign,0.9974172115325928,0,0.0,Benign
2018-02-14 01:05:35,0.004519320093095303,0.05714245140552521,Benign,0.9972881078720093,0,0.0,Benign
2018-02-14 01:05:40,0.0042745755054056644,0.057566262781620026,Benign,0.9973922967910767,0,0.0,Benign
2018-02-14 01:05:45,0.004383919760584831,0.05651427060365677,Benign,0.9973352551460266,0,0.0,Benign
2018-02-14 01:05:50,0.004971384536474943,0.05821443721652031,Benign,0.9969707727432251,0,0.0,Benign
2018-02-14 01:05:55,0.0052685667760670185,0.0598972886800766,Benign,0.9967880249023438,0,0.0,Benign
2018-02-14 01:06:00,0.006907454691827297,0.06577637046575546,Benign,0.9957751631736755,0,0.0,Benign
2018-02-14 01:06:05,0.007539872545748949,0.06788270175457001,Benign,0.9953829646110535,0,0.0,Benign
2018-02-14 01:06:10,0.00905565731227398,0.07299884408712387,Benign,0.9944568872451782,0,0.0,Benign
2018-02-14 01:06:15,0.009770059958100319,0.07791537791490555,Benign,0.9941148161888123,0,0.0,Benign
2018-02-14 01:06:20,0.009630982764065266,0.07848451286554337,Benign,0.994208812713623,0,0.0,Benign
2018-02-14 01:06:25,0.0112218726426363,0.08082617819309235,Benign,0.9931942224502563,0,0.0,Benign
2018-02-14 01:06:30,0.01381039060652256,0.08309917896986008,Benign,0.9918307662010193,0,0.0,Benign
2018-02-14 01:06:35,0.017650902271270752,0.08714008331298828,Benign,0.9897768497467041,0,0.0,Benign
2018-02-14 01:06:40,0.020896337926387787,0.09029577672481537,Benign,0.9878280162811279,0,0.0,Benign
2018-02-14 01:06:45,0.02294408716261387,0.09236632287502289,Benign,0.9866320490837097,0,0.0,Benign
2018-02-14 01:06:50,0.02128201723098755,0.09152740985155106,Benign,0.9875380992889404,0,0.0,Benign
2018-02-14 01:06:55,0.024342892691493034,0.0956486389040947,Benign,0.9858942031860352,0,0.0,Benign
2018-02-14 01:07:00,0.025932297110557556,0.1002376526594162,Benign,0.9848923683166504,0,0.0,Benign
2018-02-14 01:07:05,0.03151613473892212,0.1091039851307869,Benign,0.981656014919281,0,0.0,Benign
2018-02-14 01:07:10,0.037070382386446,0.11286196857690811,Benign,0.9789248704910278,0,0.0,Benign
2018-02-14 01:07:15,0.04918482154607773,0.12347204983234406,Benign,0.9722651243209839,0,0.0,Benign
2018-02-14 01:07:20,0.059706106781959534,0.13265107572078705,Benign,0.9662529230117798,0,0.0,Benign
2018-02-14 01:07:25,0.059945251792669296,0.1302945762872696,Benign,0.9664930701255798,0,0.0,Benign
2018-02-14 01:07:30,0.06158457323908806,0.12774014472961426,Benign,0.9667548537254333,0,0.0,Benign
2018-02-14 01:07:35,0.07064953446388245,0.12860910594463348,Benign,0.9627333879470825,0,0.0,Benign
2018-02-14 01:07:40,0.06337479501962662,0.12438929080963135,Benign,0.9664444327354431,0,0.0,Benign
2018-02-14 01:07:45,0.05991395562887192,0.12181288748979568,Benign,0.9681521058082581,0,0.0,Benign
2018-02-14 01:07:50,0.05300137773156166,0.1200069934129715,Benign,0.9715073108673096,0,0.0,Benign
2018-02-14 01:07:55,0.05928076058626175,0.1284148097038269,Benign,0.9670475721359253,0,0.0,Benign
2018-02-14 01:08:00,0.060351092368364334,0.1282859742641449,Benign,0.967427670955658,0,0.0,Benign
2018-02-14 01:08:05,0.04241849482059479,0.1104200929403305,Benign,0.9778384566307068,0,0.0,Benign
2018-02-14 01:08:10,0.02990799956023693,0.0990295559167862,Benign,0.9843356609344482,0,0.0,Benign
2018-02-14 01:08:15,0.01679714024066925,0.08307158201932907,Benign,0.9908698201179504,0,0.0,Benign
2018-02-14 01:08:20,0.012258895672857761,0.07144265621900558,Benign,0.9932636022567749,0,0.0,Benign
2018-02-14 01:08:25,0.010392830707132816,0.06504099071025848,Benign,0.9942440390586853,0,0.0,Benign
2018-02-14 01:08:30,0.009286236017942429,0.062011927366256714,Benign,0.9948132038116455,0,0.0,Benign
2018-02-14 01:08:35,0.008344899863004684,0.06098651885986328,Benign,0.9952185750007629,0,0.0,Benign
2018-02-14 01:08:40,0.007440663408488035,0.06122969463467598,Benign,0.9956297874450684,0,0.0,Benign
2018-02-14 01:08:45,0.005983182229101658,0.05684252828359604,Benign,0.9964679479598999,0,0.0,Benign
2018-02-14 01:08:50,0.005079148802906275,0.05354004353284836,Benign,0.9969993829727173,0,0.0,Benign
2018-02-14 01:08:55,0.004683361854404211,0.05200057476758957,Benign,0.9972273707389832,0,0.0,Benign
2018-02-14 01:09:00,0.004972415044903755,0.05316485837101936,Benign,0.997097373008728,0,0.0,Benign
2018-02-14 01:09:05,0.005243734456598759,0.055087994784116745,Benign,0.9969648718833923,0,0.0,Benign
2018-02-14 01:09:10,0.005497842561453581,0.05620885267853737,Benign,0.9968584775924683,0,0.0,Benign
2018-02-14 01:09:15,0.005317867733538151,0.05743011087179184,Benign,0.997001588344574,0,0.0,Benign
2018-02-14 01:09:20,0.004768835846334696,0.05761165916919708,Benign,0.997266411781311,0,0.0,Benign
2018-02-14 01:09:25,0.004156508017331362,0.05566227063536644,Benign,0.9975685477256775,0,0.0,Benign
2018-02-14 01:09:30,0.004229333251714706,0.05657976493239403,Benign,0.9974517226219177,0,0.0,Benign
2018-02-14 01:09:35,0.004709172528237104,0.059242505580186844,Benign,0.9971697926521301,0,0.0,Benign
2018-02-14 01:09:40,0.0037032291293144226,0.05587960407137871,Benign,0.9977596998214722,0,0.0,Benign
2018-02-14 01:09:45,0.003212942276149988,0.05531814321875572,Benign,0.9980047345161438,0,0.0,Benign
2018-02-14 01:09:50,0.002959365723654628,0.05396900698542595,Benign,0.998187243938446,0,0.0,Benign
2018-02-14 01:09:55,0.0029534921050071716,0.05303423851728439,Benign,0.9981745481491089,0,0.0,Benign
2018-02-14 01:10:00,0.003115745959803462,0.05301222577691078,Benign,0.998068630695343,0,0.0,Benign
2018-02-14 01:10:05,0.0032886499539017677,0.05291515588760376,Benign,0.9979523420333862,0,0.0,Benign
2018-02-14 01:10:10,0.0034112303983420134,0.052456751465797424,Benign,0.9979017972946167,0,0.0,Benign
2018-02-14 01:10:15,0.0034117538016289473,0.05350000783801079,Benign,0.9979058504104614,0,0.0,Benign
2018-02-14 01:10:20,0.003820122918114066,0.053114138543605804,Benign,0.9975926280021667,0,0.0,Benign
2018-02-14 01:10:25,0.0044805994257330894,0.054150473326444626,Benign,0.9971398115158081,0,0.0,Benign
2018-02-14 01:10:30,0.0043644472025334835,0.05284927412867546,Benign,0.9972510933876038,0,0.0,Benign
2018-02-14 01:10:35,0.0048524364829063416,0.0539458729326725,Benign,0.9969505071640015,0,0.0,Benign
2018-02-14 01:10:40,0.004595729988068342,0.05511938035488129,Benign,0.9971129894256592,0,0.0,Benign
2018-02-14 01:10:45,0.004382138606160879,0.053646523505449295,Benign,0.9972671270370483,0,0.0,Benign
2018-02-14 01:10:50,0.004073937889188528,0.051430366933345795,Benign,0.9975035786628723,0,0.0,Benign
2018-02-14 01:10:55,0.004085207358002663,0.05238862708210945,Benign,0.9975111484527588,0,0.0,Benign
2018-02-14 01:11:00,0.00477829622104764,0.05780263617634773,Benign,0.9971247315406799,0,0.0,Benign
2018-02-14 01:11:05,0.0045125847682356834,0.05665142834186554,Benign,0.9973570704460144,0,0.0,Benign
2018-02-14 01:11:10,0.004506469238549471,0.05704418197274208,Benign,0.9973604083061218,0,0.0,Benign
2018-02-14 01:11:15,0.0042872242629528046,0.05509176850318909,Benign,0.9974073767662048,0,0.0,Benign
2018-02-14 01:11:20,0.004397571552544832,0.0543707013130188,Benign,0.9973830580711365,0,0.0,Benign
2018-02-14 01:11:25,0.005004518665373325,0.05578833073377609,Benign,0.997042715549469,0,0.0,Benign
2018-02-14 01:11:30,0.005467505659908056,0.05542334169149399,Benign,0.9966733455657959,0,0.0,Benign
2018-02-14 01:11:35,0.006460210308432579,0.05787774920463562,Benign,0.9959803819656372,0,0.0,Benign
2018-02-14 01:11:40,0.006818808149546385,0.05973789840936661,Benign,0.9956492781639099,0,0.0,Benign
2018-02-14 01:11:45,0.006719834171235561,0.061792898923158646,Benign,0.9957492351531982,0,0.0,Benign
2018-02-14 01:11:50,0.006483088713139296,0.06312045454978943,Benign,0.995999813079834,0,0.0,Benign
2018-02-14 01:11:55,0.007447530515491962,0.06561890989542007,Benign,0.9953796863555908,0,0.0,Benign
2018-02-14 01:12:00,0.0073001994751393795,0.06375069916248322,Benign,0.995612621307373,0,0.0,Benign
2018-02-14 01:12:05,0.0067624798975884914,0.06152419000864029,Benign,0.9959750771522522,0,0.0,Benign
2018-02-14 01:12:10,0.007420321926474571,0.061684031039476395,Benign,0.9955275654792786,0,0.0,Benign
2018-02-14 01:12:15,0.00737245287746191,0.06076686084270477,Benign,0.9955049157142639,0,0.0,Benign
2018-02-14 01:12:20,0.007935973815619946,0.06258091330528259,Benign,0.9952096343040466,0,0.0,Benign
2018-02-14 01:12:25,0.007753812242299318,0.06072172522544861,Benign,0.9953609108924866,0,0.0,Benign
2018-02-14 01:12:30,0.0076256184838712215,0.06056348234415054,Benign,0.9955085515975952,0,0.0,Benign
2018-02-14 01:12:35,0.008853134699165821,0.06097269430756569,Benign,0.9948425889015198,0,0.0,Benign
2018-02-14 01:12:40,0.010457287542521954,0.0647449865937233,Benign,0.9938051700592041,0,0.0,Benign
2018-02-14 01:12:45,0.009500863961875439,0.06461161375045776,Benign,0.9943022727966309,0,0.0,Benign
2018-02-14 01:12:50,0.00873031746596098,0.06548962742090225,Benign,0.9944702386856079,0,0.0,Benign
2018-02-14 01:12:55,0.008233231492340565,0.06507140398025513,Benign,0.9948204755783081,0,0.0,Benign
2018-02-14 01:13:00,0.0076239085756242275,0.06337375193834305,Benign,0.9952989220619202,0,0.0,Benign
2018-02-14 01:13:05,0.008145296014845371,0.06751227378845215,Benign,0.9949786067008972,0,0.0,Benign
2018-02-14 01:13:10,0.007789877709001303,0.06865371018648148,Benign,0.9953522682189941,0,0.0,Benign
2018-02-14 01:13:15,0.007754902821034193,0.07020729035139084,Benign,0.9953849911689758,0,0.0,Benign
2018-02-14 01:13:20,0.0068901958875358105,0.06441840529441833,Benign,0.9959307312965393,0,0.0,Benign
2018-02-14 01:13:25,0.006570097524672747,0.06275329738855362,Benign,0.9961872696876526,0,0.0,Benign
2018-02-14 01:13:30,0.0060343691147863865,0.061815619468688965,Benign,0.9965382814407349,0,0.0,Benign
2018-02-14 01:13:35,0.005562571808695793,0.058478206396102905,Benign,0.9968125224113464,0,0.0,Benign
2018-02-14 01:13:40,0.0048779030330479145,0.057038988918066025,Benign,0.9971851706504822,0,0.0,Benign
2018-02-14 01:13:45,0.004460091236978769,0.057907186448574066,Benign,0.9973335266113281,0,0.0,Benign
2018-02-14 01:13:50,0.0041264561004936695,0.053880564868450165,Benign,0.9974808096885681,0,0.0,Benign
2018-02-14 01:13:55,0.0041068061254918575,0.053453508764505386,Benign,0.9975269436836243,0,0.0,Benign
2018-02-14 01:14:00,0.0037486532237380743,0.05521383509039879,Benign,0.9977273344993591,0,0.0,Benign
2018-02-14 01:14:05,0.003239547135308385,0.05285712704062462,Benign,0.998013973236084,0,0.0,Benign
2018-02-14 01:14:10,0.003037029644474387,0.05162700638175011,Benign,0.9981619715690613,0,0.0,Benign
2018-02-14 01:14:15,0.002833995735272765,0.051508739590644836,Benign,0.9982547163963318,0,0.0,Benign
2018-02-14 01:14:20,0.0024022518191486597,0.04895327240228653,Benign,0.9985417127609253,0,0.0,Benign
2018-02-14 01:14:25,0.0021877477411180735,0.04784475639462471,Benign,0.9986489415168762,0,0.0,Benign
2018-02-14 01:14:30,0.0021816103253513575,0.0475931316614151,Benign,0.9986332058906555,0,0.0,Benign
2018-02-14 01:14:35,0.0023476053029298782,0.046821221709251404,Benign,0.998508870601654,0,0.0,Benign
2018-02-14 01:14:40,0.002357904566451907,0.047640781849622726,Benign,0.9985210299491882,0,0.0,Benign
2018-02-14 01:14:45,0.0023670357186347246,0.04645475745201111,Benign,0.9984809756278992,0,0.0,Benign
2018-02-14 01:14:50,0.0023468537256121635,0.046457573771476746,Benign,0.9985117316246033,0,0.0,Benign
2018-02-14 01:14:55,0.002427423372864723,0.04573599621653557,Benign,0.998489499092102,0,0.0,Benign
2018-02-14 01:15:00,0.0023109917528927326,0.04611821845173836,Benign,0.9985610842704773,0,0.0,Benign
2018-02-14 01:15:05,0.002319468418136239,0.045993588864803314,Benign,0.998531699180603,0,0.0,Benign
2018-02-14 01:15:10,0.00228355685248971,0.04534939303994179,Benign,0.998539924621582,0,0.0,Benign
2018-02-14 01:15:15,0.0022302826400846243,0.04384854808449745,Benign,0.9985955357551575,0,0.0,Benign
2018-02-14 01:15:20,0.0021637247409671545,0.04223749414086342,Benign,0.9986538887023926,0,0.0,Benign
2018-02-14 01:15:25,0.0021734589245170355,0.044071219861507416,Benign,0.9986568689346313,0,0.0,Benign
2018-02-14 01:15:30,0.0020219848956912756,0.04193209484219551,Benign,0.9987534284591675,0,0.0,Benign
2018-02-14 01:15:35,0.0020974338985979557,0.042363494634628296,Benign,0.9986818432807922,0,0.0,Benign
2018-02-14 01:15:40,0.0021999727468937635,0.04164160043001175,Benign,0.9986237287521362,0,0.0,Benign
2018-02-14 01:15:45,0.0023365281522274017,0.04209626466035843,Benign,0.9985505938529968,0,0.0,Benign
2018-02-14 01:15:50,0.0023472532629966736,0.04322538897395134,Benign,0.9985430240631104,0,0.0,Benign
2018-02-14 01:15:55,0.0023565141018480062,0.0427236370742321,Benign,0.9985213875770569,0,0.0,Benign
2018-02-14 01:16:00,0.0023462041281163692,0.042630527168512344,Benign,0.9985252022743225,0,0.0,Benign
2018-02-14 01:16:05,0.002405485836789012,0.04459919407963753,Benign,0.9984806180000305,0,0.0,Benign
2018-02-14 01:16:10,0.0022631941828876734,0.0447961688041687,Benign,0.9986372590065002,0,0.0,Benign
2018-02-14 01:16:15,0.0022924551740288734,0.045186180621385574,Benign,0.9985621571540833,0,0.0,Benign
2018-02-14 01:16:20,0.002319819526746869,0.04333821311593056,Benign,0.9985346794128418,0,0.0,Benign
2018-02-14 01:16:25,0.0024115398991853,0.04355752468109131,Benign,0.9984595775604248,0,0.0,Benign
2018-02-14 01:16:30,0.0025804222095757723,0.04377491772174835,Benign,0.998391330242157,0,0.0,Benign
2018-02-14 01:16:35,0.0025817209389060736,0.044375449419021606,Benign,0.9984109401702881,0,0.0,Benign
2018-02-14 01:16:40,0.00252493005245924,0.04328998550772667,Benign,0.9984886646270752,0,0.0,Benign
2018-02-14 01:16:45,0.002728678286075592,0.04278163984417915,Benign,0.9983129501342773,0,0.0,Benign
2018-02-14 01:16:50,0.003250405192375183,0.0448770746588707,Benign,0.9979351758956909,0,0.0,Benign
2018-02-14 01:16:55,0.003665435593575239,0.0469757616519928,Benign,0.9976551532745361,0,0.0,Benign
2018-02-14 01:17:00,0.0039339251816272736,0.0499100498855114,Benign,0.9975368976593018,0,0.0,Benign
2018-02-14 01:17:05,0.004499718546867371,0.051520172506570816,Benign,0.9972398281097412,0,0.0,Benign
2018-02-14 01:17:10,0.005964921321719885,0.05775153636932373,Benign,0.996364414691925,0,0.0,Benign
2018-02-14 01:17:15,0.007028744090348482,0.059343624860048294,Benign,0.9958053827285767,0,0.0,Benign
2018-02-14 01:17:20,0.008845598436892033,0.06522206217050552,Benign,0.9947929978370667,0,0.0,Benign
2018-02-14 01:17:25,0.010607787407934666,0.06700138002634048,Benign,0.993876039981842,0,0.0,Benign
2018-02-14 01:17:30,0.014392059296369553,0.07482729852199554,Benign,0.9921126365661621,0,0.0,Benign
2018-02-14 01:17:35,0.014280677773058414,0.072889544069767,Benign,0.9923821091651917,0,0.0,Benign
2018-02-14 01:17:40,0.015402494929730892,0.07103466987609863,Benign,0.9922387003898621,0,0.0,Benign
2018-02-14 01:17:45,0.014607670716941357,0.06660043448209763,Benign,0.9929317235946655,0,0.0,Benign
2018-02-14 01:17:50,0.014345597475767136,0.06337851285934448,Benign,0.9932742118835449,0,0.0,Benign
2018-02-14 01:17:55,0.013160858303308487,0.06235390901565552,Benign,0.9939321875572205,0,0.0,Benign
2018-02-14 01:18:00,0.010618102736771107,0.05729183927178383,Benign,0.9950952529907227,0,0.0,Benign
2018-02-14 01:18:05,0.00908568874001503,0.05472300201654434,Benign,0.9956670999526978,0,0.0,Benign
2018-02-14 01:18:10,0.007948989979922771,0.05344007536768913,Benign,0.9960970282554626,0,0.0,Benign
2018-02-14 01:18:15,0.007588989567011595,0.05403044819831848,Benign,0.9961523413658142,0,0.0,Benign
2018-02-14 01:18:20,0.006593414582312107,0.05432485044002533,Benign,0.9963639378547668,0,0.0,Benign
2018-02-14 01:18:25,0.005838554818183184,0.05343884602189064,Benign,0.9965856075286865,0,0.0,Benign
2018-02-14 01:18:30,0.005092036444693804,0.05362897366285324,Benign,0.9969582557678223,0,0.0,Benign
2018-02-14 01:18:35,0.004256702493876219,0.05123718082904816,Benign,0.9974133372306824,0,0.0,Benign
2018-02-14 01:18:40,0.003907985053956509,0.05030469596385956,Benign,0.9976123571395874,0,0.0,Benign
2018-02-14 01:18:45,0.003561980789527297,0.05011007934808731,Benign,0.997829020023346,0,0.0,Benign
2018-02-14 01:18:50,0.0031341861467808485,0.047956883907318115,Benign,0.9981188178062439,0,0.0,Benign
2018-02-14 01:18:55,0.002892379881814122,0.04864960163831711,Benign,0.9982426166534424,0,0.0,Benign
2018-02-14 01:19:00,0.0025946481619030237,0.048337604850530624,Benign,0.9984435439109802,0,0.0,Benign
2018-02-14 01:19:05,0.0023285718634724617,0.04746430367231369,Benign,0.9986017346382141,0,0.0,Benign
2018-02-14 01:19:10,0.0021952122915536165,0.04798203334212303,Benign,0.9986467957496643,0,0.0,Benign
2018-02-14 01:19:15,0.0021910881623625755,0.0482482835650444,Benign,0.9986271858215332,0,0.0,Benign
2018-02-14 01:19:20,0.0020771280396729708,0.04848149046301842,Benign,0.9987163543701172,0,0.0,Benign
2018-02-14 01:19:25,0.0019076885655522346,0.04759017378091812,Benign,0.9988449811935425,0,0.0,Benign
2018-02-14 01:19:30,0.001851635635830462,0.04778403043746948,Benign,0.9988566637039185,0,0.0,Benign
2018-02-14 01:19:35,0.0018796909134835005,0.04660790041089058,Benign,0.9988068342208862,0,0.0,Benign
2018-02-14 01:19:40,0.0018727186834439635,0.045881982892751694,Benign,0.9988389611244202,0,0.0,Benign
2018-02-14 01:19:45,0.0018772664479911327,0.046620361506938934,Benign,0.9988216757774353,0,0.0,Benign
2018-02-14 01:19:50,0.001853788853622973,0.04737510159611702,Benign,0.9988399147987366,0,0.0,Benign
2018-02-14 01:19:55,0.001871163141913712,0.046152111142873764,Benign,0.998796820640564,0,0.0,Benign
2018-02-14 01:20:00,0.0019745465833693743,0.0461687371134758,Benign,0.9987183809280396,0,0.0,Benign
2018-02-14 01:20:05,0.002056808676570654,0.0462227389216423,Benign,0.9986594915390015,0,0.0,Benign
2018-02-14 01:20:10,0.0023214288521558046,0.048222728073596954,Benign,0.9984645843505859,0,0.0,Benign
2018-02-14 01:20:15,0.0024358031805604696,0.048170316964387894,Benign,0.9983830451965332,0,0.0,Benign
2018-02-14 01:20:20,0.002577722305431962,0.048146311193704605,Benign,0.9982808828353882,0,0.0,Benign
2018-02-14 01:20:25,0.0026792320422828197,0.048057541251182556,Benign,0.9982383251190186,0,0.0,Benign
2018-02-14 01:20:30,0.0029350719414651394,0.048947375267744064,Benign,0.9980588555335999,0,0.0,Benign
2018-02-14 01:20:35,0.003520773956552148,0.051415104418992996,Benign,0.9977140426635742,0,0.0,Benign
2018-02-14 01:20:40,0.00381878181360662,0.05168364942073822,Benign,0.9976089000701904,0,0.0,Benign
2018-02-14 01:20:45,0.004476947244256735,0.054346002638339996,Benign,0.9971835017204285,0,0.0,Benign
2018-02-14 01:20:50,0.005195398349314928,0.057172659784555435,Benign,0.9967003464698792,0,0.0,Benign
2018-02-14 01:20:55,0.005483386106789112,0.05735604465007782,Benign,0.9965724945068359,0,0.0,Benign
2018-02-14 01:21:00,0.006814366672188044,0.06252286583185196,Benign,0.995786726474762,0,0.0,Benign
2018-02-14 01:21:05,0.008716083131730556,0.06677864491939545,Benign,0.9947383999824524,0,0.0,Benign
2018-02-14 01:21:10,0.011193610727787018,0.0722014307975769,Benign,0.9934099316596985,0,0.0,Benign
2018-02-14 01:21:15,0.012880541384220123,0.07567745447158813,Benign,0.9922713041305542,0,0.0,Benign
2018-02-14 01:21:20,0.013258013874292374,0.07775624096393585,Benign,0.9919213056564331,0,0.0,Benign
2018-02-14 01:21:25,0.014827023260295391,0.0824834406375885,Benign,0.9904926419258118,0,0.0,Benign
2018-02-14 01:21:30,0.016940930858254433,0.08676103502511978,Benign,0.9893984794616699,0,0.0,Benign
2018-02-14 01:21:35,0.01658536121249199,0.08813059329986572,Benign,0.9893593788146973,0,0.0,Benign
2018-02-14 01:21:40,0.01638859137892723,0.08798684924840927,Benign,0.9892309308052063,0,0.0,Benign
2018-02-14 01:21:45,0.01689840294420719,0.09021637588739395,Benign,0.9885002374649048,0,0.0,Benign
2018-02-14 01:21:50,0.021059496328234673,0.10422588139772415,Benign,0.9849663972854614,0,0.0,Benign
2018-02-14 01:21:55,0.025438398122787476,0.11553891748189926,Benign,0.9812244176864624,0,0.0,Benign
2018-02-14 01:22:00,0.03555180877447128,0.13547265529632568,Benign,0.9720954298973083,0,0.0,Benign
2018-02-14 01:22:05,0.04828426241874695,0.15426920354366302,Benign,0.9606959819793701,0,0.0,Benign
2018-02-14 01:22:10,0.055954013019800186,0.170387402176857,Benign,0.9539532661437988,0,0.0,Benign
2018-02-14 01:22:15,0.056197892874479294,0.17781326174736023,Benign,0.9534285068511963,0,0.0,Benign
2018-02-14 01:22:20,0.073292076587677,0.19891902804374695,Benign,0.9390106797218323,0,0.0,Benign
2018-02-14 01:22:25,0.0846773311495781,0.2174372524023056,Benign,0.9305274486541748,0,0.0,Benign
2018-02-14 01:22:30,0.10597225278615952,0.2365102767944336,Benign,0.9160540103912354,0,0.0,Benign
2018-02-14 01:22:35,0.13465674221515656,0.2594006061553955,Benign,0.8974357843399048,0,0.0,Benign
2018-02-14 01:22:40,0.17082622647285461,0.28904035687446594,Benign,0.8711127638816833,0,0.0,Benign
2018-02-14 01:22:45,0.1493355631828308,0.2859906852245331,Benign,0.8869466185569763,0,0.0,Benign
2018-02-14 01:22:50,0.1115763708949089,0.25967010855674744,Benign,0.9157392382621765,0,0.0,Benign
2018-02-14 01:22:55,0.06846059858798981,0.21464276313781738,Benign,0.9493575692176819,0,0.0,Benign
2018-02-14 01:23:00,0.06822638213634491,0.21599659323692322,Benign,0.9493666887283325,0,0.0,Benign
2018-02-14 01:23:05,0.08179866522550583,0.23583783209323883,Benign,0.940822422504425,0,0.0,Benign
2018-02-14 01:23:10,0.07331793010234833,0.22529953718185425,Benign,0.9507389068603516,0,0.0,Benign
2018-02-14 01:23:15,0.06220144033432007,0.20791608095169067,Benign,0.9590505361557007,0,0.0,Benign
2018-02-14 01:23:20,0.041317418217659,0.17007368803024292,Benign,0.9735339283943176,0,0.0,Benign
2018-02-14 01:23:25,0.02112029306590557,0.11966301500797272,Benign,0.9866808652877808,0,0.0,Benign
2018-02-14 01:23:30,0.014514127746224403,0.09422861784696579,Benign,0.9910544753074646,0,0.0,Benign
2018-02-14 01:23:35,0.00941454153507948,0.0763707160949707,Benign,0.9943253397941589,0,0.0,Benign
2018-02-14 01:23:40,0.007042462471872568,0.06714759021997452,Benign,0.9958251714706421,0,0.0,Benign
2018-02-14 01:23:45,0.0055594677105546,0.06273780763149261,Benign,0.9966533780097961,0,0.0,Benign
2018-02-14 01:23:50,0.004382995888590813,0.057602234184741974,Benign,0.9973459243774414,0,0.0,Benign
2018-02-14 01:23:55,0.0041966065764427185,0.05356743186712265,Benign,0.9973917007446289,0,0.0,Benign
2018-02-14 01:24:00,0.004399769939482212,0.056336671113967896,Benign,0.997277557849884,0,0.0,Benign
2018-02-14 01:24:05,0.0045266649685800076,0.058122795075178146,Benign,0.9972211122512817,0,0.0,Benign
2018-02-14 01:24:10,0.004516635090112686,0.0580684170126915,Benign,0.9972177743911743,0,0.0,Benign
2018-02-14 01:24:15,0.004933144897222519,0.06091109290719032,Benign,0.997063934803009,0,0.0,Benign
2018-02-14 01:24:20,0.005054001230746508,0.05819707363843918,Benign,0.9970259070396423,0,0.0,Benign
2018-02-14 01:24:25,0.004462607204914093,0.056838564574718475,Benign,0.9974019527435303,0,0.0,Benign
2018-02-14 01:24:30,0.004190664738416672,0.05413135141134262,Benign,0.9974919557571411,0,0.0,Benign
2018-02-14 01:24:35,0.004386262036859989,0.05371325835585594,Benign,0.9974046349525452,0,0.0,Benign
2018-02-14 01:24:40,0.0045553105883300304,0.053548235446214676,Benign,0.9973607659339905,0,0.0,Benign
2018-02-14 01:24:45,0.004574958235025406,0.05156176537275314,Benign,0.9973781108856201,0,0.0,Benign
2018-02-14 01:24:50,0.004833337385207415,0.05227014422416687,Benign,0.9973211884498596,0,0.0,Benign
2018-02-14 01:24:55,0.005070358049124479,0.051754940301179886,Benign,0.9972471594810486,0,0.0,Benign
2018-02-14 01:25:00,0.0054564508609473705,0.051619697362184525,Benign,0.9970679879188538,0,0.0,Benign
2018-02-14 01:25:05,0.006483832374215126,0.05304384231567383,Benign,0.996556282043457,0,0.0,Benign
2018-02-14 01:25:10,0.007315042894333601,0.05775119736790657,Benign,0.996260404586792,0,0.0,Benign
2018-02-14 01:25:15,0.007110510021448135,0.05676949396729469,Benign,0.9963722229003906,0,0.0,Benign
2018-02-14 01:25:20,0.007028970401734114,0.05492566525936127,Benign,0.9963646531105042,0,0.0,Benign
2018-02-14 01:25:25,0.007039545103907585,0.053526926785707474,Benign,0.9964118599891663,0,0.0,Benign
2018-02-14 01:25:30,0.006372029893100262,0.050435345619916916,Benign,0.9967516660690308,0,0.0,Benign
2018-02-14 01:25:35,0.006254229228943586,0.050613295286893845,Benign,0.9967637062072754,0,0.0,Benign
2018-02-14 01:25:40,0.006180641241371632,0.051219914108514786,Benign,0.9967957139015198,0,0.0,Benign
2018-02-14 01:25:45,0.006038443185389042,0.05067851394414902,Benign,0.9967944025993347,0,0.0,Benign
2018-02-14 01:25:50,0.005467342212796211,0.04819030314683914,Benign,0.9971627593040466,0,0.0,Benign
2018-02-14 01:25:55,0.005236298311501741,0.0480000302195549,Benign,0.9972631931304932,0,0.0,Benign
2018-02-14 01:26:00,0.005702462512999773,0.049755342304706573,Benign,0.9970704317092896,0,0.0,Benign
2018-02-14 01:26:05,0.005656993016600609,0.04878139868378639,Benign,0.9970775842666626,0,0.0,Benign
2018-02-14 01:26:10,0.0054086982272565365,0.047397680580616,Benign,0.9972183704376221,0,0.0,Benign
2018-02-14 01:26:15,0.0055579496547579765,0.050058431923389435,Benign,0.9970495700836182,0,0.0,Benign
2018-02-14 01:26:20,0.0050063119269907475,0.04927881062030792,Benign,0.9972074627876282,0,0.0,Benign
2018-02-14 01:26:25,0.0047931307926774025,0.05198752135038376,Benign,0.9971871972084045,0,0.0,Benign
2018-02-14 01:26:30,0.004792507737874985,0.05148150026798248,Benign,0.9971924424171448,0,0.0,Benign
2018-02-14 01:26:35,0.0048362440429627895,0.05209624767303467,Benign,0.997124969959259,0,0.0,Benign
2018-02-14 01:26:40,0.005258627235889435,0.05311162769794464,Benign,0.9967901110649109,0,0.0,Benign
2018-02-14 01:26:45,0.005730271805077791,0.057643406093120575,Benign,0.9965003728866577,0,0.0,Benign
2018-02-14 01:26:50,0.006051203701645136,0.061194147914648056,Benign,0.9963460564613342,0,0.0,Benign
2018-02-14 01:26:55,0.0060943784192204475,0.061499133706092834,Benign,0.9963868856430054,0,0.0,Benign
2018-02-14 01:27:00,0.005839725490659475,0.06072454899549484,Benign,0.9965785145759583,0,0.0,Benign
2018-02-14 01:27:05,0.0064231157302856445,0.06321924924850464,Benign,0.9962741136550903,0,0.0,Benign
2018-02-14 01:27:10,0.007347145117819309,0.06998708099126816,Benign,0.995886504650116,0,0.0,Benign
2018-02-14 01:27:15,0.007317165844142437,0.07029429823160172,Benign,0.995768666267395,0,0.0,Benign
2018-02-14 01:27:20,0.00798751413822174,0.0713396891951561,Benign,0.9953011274337769,0,0.0,Benign
2018-02-14 01:27:25,0.007568224798887968,0.06774252653121948,Benign,0.9955345392227173,0,0.0,Benign
2018-02-14 01:27:30,0.00668006855994463,0.06590975075960159,Benign,0.9959903359413147,0,0.0,Benign
2018-02-14 01:27:35,0.005924061872065067,0.06093898043036461,Benign,0.9964728951454163,0,0.0,Benign
2018-02-14 01:27:40,0.005560448858886957,0.06305350363254547,Benign,0.9967352747917175,0,0.0,Benign
2018-02-14 01:27:45,0.004940580576658249,0.061468008905649185,Benign,0.9970446228981018,0,0.0,Benign
2018-02-14 01:27:50,0.004474446177482605,0.06300637871026993,Benign,0.9972359538078308,0,0.0,Benign
2018-02-14 01:27:55,0.004074630793184042,0.061280257999897,Benign,0.9975025057792664,0,0.0,Benign
2018-02-14 01:28:00,0.004529336467385292,0.0618254616856575,Benign,0.9971821308135986,0,0.0,Benign
2018-02-14 01:28:05,0.004521581809967756,0.05960087850689888,Benign,0.9972283244132996,0,0.0,Benign
2018-02-14 01:28:10,0.004707373678684235,0.05816951394081116,Benign,0.9971086382865906,0,0.0,Benign
2018-02-14 01:28:15,0.005073613487184048,0.0584050752222538,Benign,0.9969320297241211,0,0.0,Benign
2018-02-14 01:28:20,0.005448701325803995,0.057314787060022354,Benign,0.9967406392097473,0,0.0,Benign
2018-02-14 01:28:25,0.006115333642810583,0.05720781162381172,Benign,0.9963396787643433,0,0.0,Benign
2018-02-14 01:28:30,0.006869086995720863,0.057437311857938766,Benign,0.9959661960601807,0,0.0,Benign
2018-02-14 01:28:35,0.007030908018350601,0.05628962814807892,Benign,0.9960154891014099,0,0.0,Benign
2018-02-14 01:28:40,0.007057139649987221,0.057374585419893265,Benign,0.9959287047386169,0,0.0,Benign
2018-02-14 01:28:45,0.0069363974034786224,0.06132706627249718,Benign,0.9957770109176636,0,0.0,Benign
2018-02-14 01:28:50,0.006741470191627741,0.06532208621501923,Benign,0.9959059953689575,0,0.0,Benign
2018-02-14 01:28:55,0.006093965843319893,0.066070057451725,Benign,0.9963257908821106,0,0.0,Benign
2018-02-14 01:29:00,0.005662958137691021,0.06534632295370102,Benign,0.9964974522590637,0,0.0,Benign
2018-02-14 01:29:05,0.005959221627563238,0.06447897106409073,Benign,0.996321439743042,0,0.0,Benign
2018-02-14 01:29:10,0.006994631141424179,0.06581243872642517,Benign,0.9956661462783813,0,0.0,Benign
2018-02-14 01:29:15,0.007947556674480438,0.06801921129226685,Benign,0.9949339032173157,0,0.0,Benign
2018-02-14 01:29:20,0.008868558332324028,0.0710374191403389,Benign,0.9943048357963562,0,0.0,Benign
2018-02-14 01:29:25,0.008447039872407913,0.06646902859210968,Benign,0.9945650100708008,0,0.0,Benign
2018-02-14 01:29:30,0.008148575201630592,0.0673326700925827,Benign,0.9948051571846008,0,0.0,Benign
2018-02-14 01:29:35,0.007015162613242865,0.06274779886007309,Benign,0.9955534338951111,0,0.0,Benign
2018-02-14 01:29:40,0.006426041014492512,0.06151769682765007,Benign,0.9958810806274414,0,0.0,Benign
2018-02-14 01:29:45,0.005153923761099577,0.057196442037820816,Benign,0.9967185854911804,0,0.0,Benign
2018-02-14 01:29:50,0.00435000192373991,0.054063066840171814,Benign,0.997236967086792,0,0.0,Benign
2018-02-14 01:29:55,0.004266371950507164,0.0545523576438427,Benign,0.997277557849884,0,0.0,Benign
2018-02-14 01:30:00,0.004021931905299425,0.0534372441470623,Benign,0.9974930286407471,0,0.0,Benign
2018-02-14 01:30:05,0.0035869532730430365,0.05298221483826637,Benign,0.9977632761001587,0,0.0,Benign
2018-02-14 01:30:10,0.003268972970545292,0.05367550626397133,Benign,0.9979519248008728,0,0.0,Benign
2018-02-14 01:30:15,0.003292758483439684,0.052602410316467285,Benign,0.9978770017623901,0,0.0,Benign
2018-02-14 01:30:20,0.0035673226229846478,0.05361325666308403,Benign,0.997692346572876,0,0.0,Benign
2018-02-14 01:30:25,0.003980562090873718,0.057055216282606125,Benign,0.9974138736724854,0,0.0,Benign
2018-02-14 01:30:30,0.004581077490001917,0.06269559264183044,Benign,0.9970511198043823,0,0.0,Benign
2018-02-14 01:30:35,0.004429374355822802,0.06369158625602722,Benign,0.99708491563797,0,0.0,Benign
2018-02-14 01:30:40,0.004076248500496149,0.06230772286653519,Benign,0.997169554233551,0,0.0,Benign
2018-02-14 01:30:45,0.004044912289828062,0.06297461688518524,Benign,0.9969862103462219,0,0.0,Benign
2018-02-14 01:30:50,0.0037871859967708588,0.06284019351005554,Benign,0.9971634745597839,0,0.0,Benign
2018-02-14 01:30:55,0.003630721475929022,0.06266821920871735,Benign,0.9973446726799011,0,0.0,Benign
2018-02-14 01:31:00,0.0031029002275317907,0.06035885214805603,Benign,0.9977461695671082,0,0.0,Benign
2018-02-14 01:31:05,0.002696820069104433,0.05576375871896744,Benign,0.9980137348175049,0,0.0,Benign
2018-02-14 01:31:10,0.002507499884814024,0.055256783962249756,Benign,0.998112678527832,0,0.0,Benign
2018-02-14 01:31:15,0.0023078364320099354,0.052935756742954254,Benign,0.9983193278312683,0,0.0,Benign
2018-02-14 01:31:20,0.00229370454326272,0.05043027549982071,Benign,0.9983661770820618,0,0.0,Benign
2018-02-14 01:31:25,0.00247783912345767,0.04812793433666229,Benign,0.9983083009719849,0,0.0,Benign
2018-02-14 01:31:30,0.002674044808372855,0.04928812384605408,Benign,0.9981915354728699,0,0.0,Benign
2018-02-14 01:31:35,0.0026316605508327484,0.04872329905629158,Benign,0.9981912970542908,0,0.0,Benign
2018-02-14 01:31:40,0.002691185800358653,0.0498318187892437,Benign,0.9981939196586609,0,0.0,Benign
2018-02-14 01:31:45,0.002444264478981495,0.04895353317260742,Benign,0.9984265565872192,0,0.0,Benign
2018-02-14 01:31:50,0.0023448860738426447,0.05020849034190178,Benign,0.998490571975708,0,0.0,Benign
2018-02-14 01:31:55,0.0020822177175432444,0.047330304980278015,Benign,0.9986677169799805,0,0.0,Benign
2018-02-14 01:32:00,0.002184782177209854,0.046964991837739944,Benign,0.998563826084137,0,0.0,Benign
2018-02-14 01:32:05,0.002327444264665246,0.04737003520131111,Benign,0.998458981513977,0,0.0,Benign
2018-02-14 01:32:10,0.0023803813382983208,0.04795895144343376,Benign,0.9984897375106812,0,0.0,Benign
2018-02-14 01:32:15,0.002331674564629793,0.04769327491521835,Benign,0.998543381690979,0,0.0,Benign
2018-02-14 01:32:20,0.0023709542583674192,0.0470905639231205,Benign,0.9985414743423462,0,0.0,Benign
2018-02-14 01:32:25,0.0022235061042010784,0.045786041766405106,Benign,0.998648464679718,0,0.0,Benign
2018-02-14 01:32:30,0.0023262533359229565,0.04522191733121872,Benign,0.9986093044281006,0,0.0,Benign
2018-02-14 01:32:35,0.0025495807640254498,0.04962237924337387,Benign,0.9985180497169495,0,0.0,Benign
2018-02-14 01:32:40,0.002414950169622898,0.048911161720752716,Benign,0.9985588192939758,0,0.0,Benign
2018-02-14 01:32:45,0.002300262451171875,0.04779281094670296,Benign,0.9986080527305603,0,0.0,Benign
2018-02-14 01:32:50,0.002384793944656849,0.049400217831134796,Benign,0.9985685348510742,0,0.0,Benign
2018-02-14 01:32:55,0.002214768435806036,0.048396430909633636,Benign,0.9986448884010315,0,0.0,Benign
2018-02-14 01:33:00,0.0021237966138869524,0.04798049107193947,Benign,0.9986948370933533,0,0.0,Benign
2018-02-14 01:33:05,0.0020622331649065018,0.04815589264035225,Benign,0.9987784028053284,0,0.0,Benign
2018-02-14 01:33:10,0.001995265018194914,0.04846345633268356,Benign,0.9988077878952026,0,0.0,Benign
2018-02-14 01:33:15,0.0019920344930142164,0.04901454970240593,Benign,0.9987943172454834,0,0.0,Benign
2018-02-14 01:33:20,0.0020322564523667097,0.04889410734176636,Benign,0.9987887740135193,0,0.0,Benign
2018-02-14 01:33:25,0.0021255589090287685,0.04919564723968506,Benign,0.9986987113952637,0,0.0,Benign
2018-02-14 01:33:30,0.0022210851311683655,0.04941432550549507,Benign,0.9986112117767334,0,0.0,Benign
2018-02-14 01:33:35,0.002403086284175515,0.05014404281973839,Benign,0.9984731078147888,0,0.0,Benign
2018-02-14 01:33:40,0.0023652315139770508,0.050012703984975815,Benign,0.9984996318817139,0,0.0,Benign
2018-02-14 01:33:45,0.0023308061063289642,0.04787513613700867,Benign,0.9984765648841858,0,0.0,Benign
2018-02-14 01:33:50,0.0022888907697051764,0.04728859290480614,Benign,0.998521625995636,0,0.0,Benign
2018-02-14 01:33:55,0.0024179054889827967,0.04805033281445503,Benign,0.9984397292137146,0,0.0,Benign
2018-02-14 01:34:00,0.0023654215037822723,0.04751456528902054,Benign,0.9984949827194214,0,0.0,Benign
2018-02-14 01:34:05,0.0024275050964206457,0.04750176519155502,Benign,0.9984330534934998,0,0.0,Benign
2018-02-14 01:34:10,0.0024342245887964964,0.047265227884054184,Benign,0.9984410405158997,0,0.0,Benign
2018-02-14 01:34:15,0.0026617366820573807,0.049011144787073135,Benign,0.9982933402061462,0,0.0,Benign
2018-02-14 01:34:20,0.00275873183272779,0.048244375735521317,Benign,0.9982296824455261,0,0.0,Benign
2018-02-14 01:34:25,0.0030522197484970093,0.04952004924416542,Benign,0.9980496168136597,0,0.0,Benign
2018-02-14 01:34:30,0.0036174512933939695,0.051467981189489365,Benign,0.9977394342422485,0,0.0,Benign
2018-02-14 01:34:35,0.0038713363464921713,0.05089898034930229,Benign,0.9976446032524109,0,0.0,Benign
2018-02-14 01:34:40,0.004710620269179344,0.052392154932022095,Benign,0.9970605969429016,0,0.0,Benign
2018-02-14 01:34:45,0.006117369048297405,0.05675186589360237,Benign,0.9963217973709106,0,0.0,Benign
2018-02-14 01:34:50,0.006563185248523951,0.05723125487565994,Benign,0.9961739182472229,0,0.0,Benign
2018-02-14 01:34:55,0.007401693146675825,0.059944283217191696,Benign,0.9957423806190491,0,0.0,Benign
2018-02-14 01:35:00,0.008255410939455032,0.06030059605836868,Benign,0.9953010082244873,0,0.0,Benign
2018-02-14 01:35:05,0.008514086715877056,0.06354130804538727,Benign,0.9948387742042542,0,0.0,Benign
2018-02-14 01:35:10,0.00752096064388752,0.0632663369178772,Benign,0.995166540145874,0,0.0,Benign
2018-02-14 01:35:15,0.007204349618405104,0.06513605266809464,Benign,0.9952541589736938,0,0.0,Benign
2018-02-14 01:35:20,0.008414492942392826,0.07184784859418869,Benign,0.9945600628852844,0,0.0,Benign
2018-02-14 01:35:25,0.008419360034167767,0.07299022376537323,Benign,0.9945557117462158,0,0.0,Benign
2018-02-14 01:35:30,0.009605614468455315,0.07993271946907043,Benign,0.9938337802886963,0,0.0,Benign
2018-02-14 01:35:35,0.010873882099986076,0.08533401042222977,Benign,0.9929053783416748,0,0.0,Benign
2018-02-14 01:35:40,0.010172457434237003,0.08808551728725433,Benign,0.9935259819030762,0,0.0,Benign
2018-02-14 01:35:45,0.007633792702108622,0.08197345584630966,Benign,0.995158851146698,0,0.0,Benign
2018-02-14 01:35:50,0.006338104605674744,0.07466278970241547,Benign,0.9958437085151672,0,0.0,Benign
2018-02-14 01:35:55,0.0062489500269293785,0.0734148770570755,Benign,0.9958808422088623,0,0.0,Benign
2018-02-14 01:36:00,0.004601992201060057,0.06458605080842972,Benign,0.9969987869262695,0,0.0,Benign
2018-02-14 01:36:05,0.0035746830981224775,0.058374833315610886,Benign,0.9976396560668945,0,0.0,Benign
2018-02-14 01:36:10,0.003175365040078759,0.05553129315376282,Benign,0.9978994131088257,0,0.0,Benign
2018-02-14 01:36:15,0.002754717832431197,0.052701886743307114,Benign,0.9982301592826843,0,0.0,Benign
2018-02-14 01:36:20,0.002565751550719142,0.051454078406095505,Benign,0.9984139204025269,0,0.0,Benign
2018-02-14 01:36:25,0.0024755641352385283,0.04854120314121246,Benign,0.9984103441238403,0,0.0,Benign
2018-02-14 01:36:30,0.0023915921337902546,0.04899460822343826,Benign,0.9984826445579529,0,0.0,Benign
2018-02-14 01:36:35,0.002267879666760564,0.04840502887964249,Benign,0.9985511898994446,0,0.0,Benign
2018-02-14 01:36:40,0.002128699328750372,0.047528065741062164,Benign,0.9986650943756104,0,0.0,Benign
2018-02-14 01:36:45,0.002152911853045225,0.04626372084021568,Benign,0.998647153377533,0,0.0,Benign
2018-02-14 01:36:50,0.0024195564910769463,0.046390142291784286,Benign,0.9984822869300842,0,0.0,Benign
2018-02-14 01:36:55,0.00274381460621953,0.04715416207909584,Benign,0.9982680082321167,0,0.0,Benign
2018-02-14 01:37:00,0.003523739753291011,0.051280245184898376,Benign,0.9977990984916687,0,0.0,Benign
2018-02-14 01:37:05,0.003973726648837328,0.051916565746068954,Benign,0.9975347518920898,0,0.0,Benign
2018-02-14 01:37:10,0.004891689866781235,0.057150036096572876,Benign,0.9969918727874756,0,0.0,Benign
2018-02-14 01:37:15,0.0052918982692062855,0.0579192116856575,Benign,0.9967893958091736,0,0.0,Benign
2018-02-14 01:37:20,0.007910355925559998,0.06758441776037216,Benign,0.99530029296875,0,0.0,Benign
2018-02-14 01:37:25,0.010738800279796124,0.07688924670219421,Benign,0.9936738014221191,0,0.0,Benign
2018-02-14 01:37:30,0.011753416620194912,0.07866300642490387,Benign,0.9930849075317383,0,0.0,Benign
2018-02-14 01:37:35,0.014117436483502388,0.08259619027376175,Benign,0.9917483329772949,0,0.0,Benign
2018-02-14 01:37:40,0.015911392867565155,0.08788907527923584,Benign,0.9905688166618347,0,0.0,Benign
2018-02-14 01:37:45,0.017999550327658653,0.09147205203771591,Benign,0.9894928932189941,0,0.0,Benign
2018-02-14 01:37:50,0.017106885090470314,0.09351494908332825,Benign,0.9898515939712524,0,0.0,Benign
2018-02-14 01:37:55,0.016020838171243668,0.0978168398141861,Benign,0.9903491735458374,0,0.0,Benign
2018-02-14 01:38:00,0.014211197383701801,0.09434059262275696,Benign,0.9910462498664856,0,0.0,Benign
2018-02-14 01:38:05,0.010091416537761688,0.08672665059566498,Benign,0.993613064289093,0,0.0,Benign
2018-02-14 01:38:10,0.009088175371289253,0.08263691514730453,Benign,0.9941871166229248,0,0.0,Benign
2018-02-14 01:38:15,0.008820895105600357,0.07858539372682571,Benign,0.9942609071731567,0,0.0,Benign
2018-02-14 01:38:20,0.008308911696076393,0.07395096868276596,Benign,0.9947159886360168,0,0.0,Benign
2018-02-14 01:38:25,0.007355857640504837,0.06860841810703278,Benign,0.995262622833252,0,0.0,Benign
2018-02-14 01:38:30,0.006406182423233986,0.06684477627277374,Benign,0.9958088397979736,0,0.0,Benign
2018-02-14 01:38:35,0.005329257342964411,0.06405985355377197,Benign,0.9965002536773682,0,0.0,Benign
2018-02-14 01:38:40,0.004853037651628256,0.06281714886426926,Benign,0.9967584013938904,0,0.0,Benign
2018-02-14 01:38:45,0.004530685022473335,0.060710541903972626,Benign,0.9969593286514282,0,0.0,Benign
2018-02-14 01:38:50,0.0043424577452242374,0.05892131105065346,Benign,0.9971140623092651,0,0.0,Benign
2018-02-14 01:38:55,0.003865239443257451,0.055769141763448715,Benign,0.9974797368049622,0,0.0,Benign
2018-02-14 01:39:00,0.0038613085635006428,0.05533922091126442,Benign,0.9975247979164124,0,0.0,Benign
2018-02-14 01:39:05,0.003956474829465151,0.05267658084630966,Benign,0.9974457025527954,0,0.0,Benign
2018-02-14 01:39:10,0.0037297778762876987,0.0520188994705677,Benign,0.9975302815437317,0,0.0,Benign
2018-02-14 01:39:15,0.004129308275878429,0.05337819084525108,Benign,0.9972987771034241,0,0.0,Benign
2018-02-14 01:39:20,0.004935761913657188,0.05789873003959656,Benign,0.996745228767395,0,0.0,Benign
2018-02-14 01:39:25,0.005459341686218977,0.05981379747390747,Benign,0.9964244961738586,0,0.0,Benign
2018-02-14 01:39:30,0.006853805389255285,0.06531480699777603,Benign,0.9953553676605225,0,0.0,Benign
2018-02-14 01:39:35,0.011102437041699886,0.08106806129217148,Benign,0.9923844337463379,0,0.0,Benign
2018-02-14 01:39:40,0.010784775018692017,0.08420158177614212,Benign,0.9928748607635498,0,0.0,Benign
2018-02-14 01:39:45,0.011551991105079651,0.08749434351921082,Benign,0.9922502040863037,0,0.0,Benign
2018-02-14 01:39:50,0.009534429758787155,0.08078444004058838,Benign,0.9935972690582275,0,0.0,Benign
2018-02-14 01:39:55,0.007447688840329647,0.07161463797092438,Benign,0.9951525926589966,0,0.0,Benign
2018-02-14 01:40:00,0.006877142935991287,0.07027190178632736,Benign,0.9955651164054871,0,0.0,Benign
2018-02-14 01:40:05,0.00724817393347621,0.07251301407814026,Benign,0.9954515099525452,0,0.0,Benign
2018-02-14 01:40:10,0.0081798005849123,0.07592463493347168,Benign,0.9949570298194885,0,0.0,Benign
2018-02-14 01:40:15,0.009333228692412376,0.08004080504179001,Benign,0.9943034648895264,0,0.0,Benign
2018-02-14 01:40:20,0.00897020474076271,0.07681397348642349,Benign,0.99460369348526,0,0.0,Benign
2018-02-14 01:40:25,0.008783400058746338,0.07290983200073242,Benign,0.9947598576545715,0,0.0,Benign
2018-02-14 01:40:30,0.008242336101830006,0.06985893845558167,Benign,0.9951444268226624,0,0.0,Benign
2018-02-14 01:40:35,0.007617572322487831,0.06753962486982346,Benign,0.995519757270813,0,0.0,Benign
2018-02-14 01:40:40,0.006004392635077238,0.06430567055940628,Benign,0.9964606165885925,0,0.0,Benign
2018-02-14 01:40:45,0.0046319859102368355,0.05949390307068825,Benign,0.9970736503601074,0,0.0,Benign
2018-02-14 01:40:50,0.004356444347649813,0.05647726729512215,Benign,0.9972015619277954,0,0.0,Benign
2018-02-14 01:40:55,0.00382899004034698,0.05561038851737976,Benign,0.9975800514221191,0,0.0,Benign
2018-02-14 01:41:00,0.003437879728153348,0.055320076644420624,Benign,0.9978710412979126,0,0.0,Benign
2018-02-14 01:41:05,0.0028713156934827566,0.05066808685660362,Benign,0.9981600642204285,0,0.0,Benign
2018-02-14 01:41:10,0.002651758026331663,0.04804370179772377,Benign,0.9983444213867188,0,0.0,Benign
2018-02-14 01:41:15,0.0029989832546561956,0.050958290696144104,Benign,0.9981256127357483,0,0.0,Benign
2018-02-14 01:41:20,0.002938966266810894,0.051008474081754684,Benign,0.9981983304023743,0,0.0,Benign
2018-02-14 01:41:25,0.0027079954743385315,0.051110442727804184,Benign,0.9983671307563782,0,0.0,Benign
2018-02-14 01:41:30,0.002515076193958521,0.05192764848470688,Benign,0.9984955787658691,0,0.0,Benign
2018-02-14 01:41:35,0.002309171948581934,0.051421158015728,Benign,0.9986206293106079,0,0.0,Benign
2018-02-14 01:41:40,0.002196627901867032,0.051675911992788315,Benign,0.998737633228302,0,0.0,Benign
2018-02-14 01:41:45,0.002088090404868126,0.05188003554940224,Benign,0.998738706111908,0,0.0,Benign
2018-02-14 01:41:50,0.001970314886420965,0.05099049583077431,Benign,0.9987837672233582,0,0.0,Benign
2018-02-14 01:41:55,0.001902807503938675,0.04961758852005005,Benign,0.9988107681274414,0,0.0,Benign
2018-02-14 01:42:00,0.0019316246034577489,0.04778125509619713,Benign,0.9987595081329346,0,0.0,Benign
2018-02-14 01:42:05,0.002095135860145092,0.04746133089065552,Benign,0.9986316561698914,0,0.0,Benign
2018-02-14 01:42:10,0.0023653237149119377,0.049404725432395935,Benign,0.9984849095344543,0,0.0,Benign
2018-02-14 01:42:15,0.0025179299991577864,0.04778769239783287,Benign,0.9983890056610107,0,0.0,Benign
2018-02-14 01:42:20,0.002776231849566102,0.047666165977716446,Benign,0.9982364177703857,0,0.0,Benign
2018-02-14 01:42:25,0.003222462721168995,0.04797142371535301,Benign,0.997968852519989,0,0.0,Benign
2018-02-14 01:42:30,0.003564269747585058,0.04774152860045433,Benign,0.9978380799293518,0,0.0,Benign
2018-02-14 01:42:35,0.003989727236330509,0.04826976731419563,Benign,0.9976159334182739,0,0.0,Benign
2018-02-14 01:42:40,0.004733463283628225,0.050474684685468674,Benign,0.9973013997077942,0,0.0,Benign
2018-02-14 01:42:45,0.00540437176823616,0.053077489137649536,Benign,0.9970695376396179,0,0.0,Benign
2018-02-14 01:42:50,0.005588070023804903,0.05470269173383713,Benign,0.9970149993896484,0,0.0,Benign
2018-02-14 01:42:55,0.006015912629663944,0.056835148483514786,Benign,0.9968360662460327,0,0.0,Benign
2018-02-14 01:43:00,0.007107540965080261,0.06000278890132904,Benign,0.9964209794998169,0,0.0,Benign
2018-02-14 01:43:05,0.0069529814645648,0.058005817234516144,Benign,0.9964942336082458,0,0.0,Benign
2018-02-14 01:43:10,0.007649289909750223,0.058401547372341156,Benign,0.9961872696876526,0,0.0,Benign
2018-02-14 01:43:15,0.007079715840518475,0.05440068989992142,Benign,0.9965131878852844,0,0.0,Benign
2018-02-14 01:43:20,0.006722078192979097,0.04790783300995827,Benign,0.9967094659805298,0,0.0,Benign
2018-02-14 01:43:25,0.006908157374709845,0.04553745687007904,Benign,0.996508777141571,0,0.0,Benign
2018-02-14 01:43:30,0.006393373943865299,0.04219413548707962,Benign,0.996795117855072,0,0.0,Benign
2018-02-14 01:43:35,0.0063913119956851006,0.044686414301395416,Benign,0.9965634942054749,0,0.0,Benign
2018-02-14 01:43:40,0.005982757080346346,0.04707267880439758,Benign,0.9965963959693909,0,0.0,Benign
2018-02-14 01:43:45,0.00603167898952961,0.04761249199509621,Benign,0.9965083003044128,0,0.0,Benign
2018-02-14 01:43:50,0.005669878330081701,0.04844438284635544,Benign,0.9967119693756104,0,0.0,Benign
2018-02-14 01:43:55,0.005321498028934002,0.04807067662477493,Benign,0.9969114661216736,0,0.0,Benign
2018-02-14 01:44:00,0.00482878927141428,0.048803914338350296,Benign,0.9971886277198792,0,0.0,Benign
2018-02-14 01:44:05,0.004548694938421249,0.04765700176358223,Benign,0.9973438382148743,0,0.0,Benign
2018-02-14 01:44:10,0.004374124109745026,0.04603854939341545,Benign,0.997418999671936,0,0.0,Benign
2018-02-14 01:44:15,0.004539357498288155,0.04869033768773079,Benign,0.9973457455635071,0,0.0,Benign
2018-02-14 01:44:20,0.004984906408935785,0.048087816685438156,Benign,0.9971415400505066,0,0.0,Benign
2018-02-14 01:44:25,0.005118394736200571,0.04987567663192749,Benign,0.9970036149024963,0,0.0,Benign
2018-02-14 01:44:30,0.005228452850133181,0.0522196888923645,Benign,0.9969428181648254,0,0.0,Benign
2018-02-14 01:44:35,0.004992831032723188,0.05183449387550354,Benign,0.9970687031745911,0,0.0,Benign
2018-02-14 01:44:40,0.005786440335214138,0.053604383021593094,Benign,0.9966146349906921,0,0.0,Benign
2018-02-14 01:44:45,0.006161313969641924,0.054314084351062775,Benign,0.9964323043823242,0,0.0,Benign
2018-02-14 01:44:50,0.006527666933834553,0.05620693042874336,Benign,0.9963032007217407,0,0.0,Benign
2018-02-14 01:44:55,0.0064607467502355576,0.05626460537314415,Benign,0.9963294863700867,0,0.0,Benign
2018-02-14 01:45:00,0.005461584310978651,0.054723210632801056,Benign,0.9968857169151306,0,0.0,Benign
2018-02-14 01:45:05,0.004676086362451315,0.05171796679496765,Benign,0.9972923398017883,0,0.0,Benign
2018-02-14 01:45:10,0.004565417766571045,0.047566868364810944,Benign,0.997350811958313,0,0.0,Benign
2018-02-14 01:45:15,0.004641156177967787,0.049300506711006165,Benign,0.9973230957984924,0,0.0,Benign
2018-02-14 01:45:20,0.004332497250288725,0.04774944484233856,Benign,0.9974876642227173,0,0.0,Benign
2018-02-14 01:45:25,0.003945725504308939,0.0476263202726841,Benign,0.9976813793182373,0,0.0,Benign
2018-02-14 01:45:30,0.0036950556095689535,0.04512457922101021,Benign,0.9978256821632385,0,0.0,Benign
2018-02-14 01:45:35,0.003435944439843297,0.045954685658216476,Benign,0.9979775547981262,0,0.0,Benign
2018-02-14 01:45:40,0.0033241554629057646,0.04667286574840546,Benign,0.9981016516685486,0,0.0,Benign
2018-02-14 01:45:45,0.0031328753102570772,0.04629164934158325,Benign,0.9981967806816101,0,0.0,Benign
2018-02-14 01:45:50,0.002923063701018691,0.04570640251040459,Benign,0.9982979893684387,0,0.0,Benign
2018-02-14 01:45:55,0.00273502548225224,0.046480078250169754,Benign,0.9984530210494995,0,0.0,Benign
2018-02-14 01:46:00,0.0024981058668345213,0.04688933491706848,Benign,0.9985468983650208,0,0.0,Benign
2018-02-14 01:46:05,0.0023753412533551455,0.04746546223759651,Benign,0.998606264591217,0,0.0,Benign
2018-02-14 01:46:10,0.0022766091860830784,0.04686221852898598,Benign,0.9986562728881836,0,0.0,Benign
2018-02-14 01:46:15,0.002287125214934349,0.04601683095097542,Benign,0.9986051917076111,0,0.0,Benign
2018-02-14 01:46:20,0.0022622039541602135,0.044390566647052765,Benign,0.9986312985420227,0,0.0,Benign
2018-02-14 01:46:25,0.002303478540852666,0.04219288378953934,Benign,0.9985887408256531,0,0.0,Benign
2018-02-14 01:46:30,0.002335747703909874,0.041125308722257614,Benign,0.9985686540603638,0,0.0,Benign
2018-02-14 01:46:35,0.0024202666245400906,0.04333171993494034,Benign,0.998514711856842,0,0.0,Benign
2018-02-14 01:46:40,0.002497865818440914,0.043851714581251144,Benign,0.9984879493713379,0,0.0,Benign
2018-02-14 01:46:45,0.0025318688713014126,0.045200787484645844,Benign,0.9984330534934998,0,0.0,Benign
2018-02-14 01:46:50,0.0022469167597591877,0.04326948523521423,Benign,0.998630702495575,0,0.0,Benign
2018-02-14 01:46:55,0.0025530012790113688,0.04414496198296547,Benign,0.9983965754508972,0,0.0,Benign
2018-02-14 01:47:00,0.002887567738071084,0.046775203198194504,Benign,0.9981980919837952,0,0.0,Benign
2018-02-14 01:47:05,0.003154826583340764,0.04720320552587509,Benign,0.9980060458183289,0,0.0,Benign
2018-02-14 01:47:10,0.0033977548591792583,0.047166839241981506,Benign,0.9978541731834412,0,0.0,Benign
2018-02-14 01:47:15,0.004012532066553831,0.04928366839885712,Benign,0.9975264668464661,0,0.0,Benign
2018-02-14 01:47:20,0.004334534052759409,0.04970373585820198,Benign,0.997381865978241,0,0.0,Benign
2018-02-14 01:47:25,0.004778330214321613,0.05130842700600624,Benign,0.9971486926078796,0,0.0,Benign
2018-02-14 01:47:30,0.005234480369836092,0.052053794264793396,Benign,0.9969334602355957,0,0.0,Benign
2018-02-14 01:47:35,0.0067533766850829124,0.05470794811844826,Benign,0.9962288737297058,0,0.0,Benign
2018-02-14 01:47:40,0.008721449412405491,0.060164839029312134,Benign,0.9952464699745178,0,0.0,Benign
2018-02-14 01:47:45,0.010061189532279968,0.06284523755311966,Benign,0.9945947527885437,0,0.0,Benign
2018-02-14 01:47:50,0.011226878501474857,0.06347525864839554,Benign,0.9942092895507812,0,0.0,Benign
2018-02-14 01:47:55,0.01212389301508665,0.06515049189329147,Benign,0.9939895868301392,0,0.0,Benign
2018-02-14 01:48:00,0.012054013088345528,0.06332261115312576,Benign,0.994146466255188,0,0.0,Benign
2018-02-14 01:48:05,0.011053717695176601,0.06349994242191315,Benign,0.9942225813865662,0,0.0,Benign
2018-02-14 01:48:10,0.009979018941521645,0.06597733497619629,Benign,0.9943934679031372,0,0.0,Benign
2018-02-14 01:48:15,0.011497551575303078,0.06897947937250137,Benign,0.9932748079299927,0,0.0,Benign
2018-02-14 01:48:20,0.011373494751751423,0.06851615011692047,Benign,0.9932922124862671,0,0.0,Benign
2018-02-14 01:48:25,0.0124858058989048,0.06907204538583755,Benign,0.9927130341529846,0,0.0,Benign
2018-02-14 01:48:30,0.013531440868973732,0.06672614067792892,Benign,0.9921505451202393,0,0.0,Benign
2018-02-14 01:48:35,0.014116439037024975,0.06898230314254761,Benign,0.9918564558029175,0,0.0,Benign
2018-02-14 01:48:40,0.01339164562523365,0.07105964422225952,Benign,0.9920125603675842,0,0.0,Benign
2018-02-14 01:48:45,0.01093173585832119,0.07118447870016098,Benign,0.9931926131248474,0,0.0,Benign
2018-02-14 01:48:50,0.01059470884501934,0.06883488595485687,Benign,0.993248701095581,0,0.0,Benign
2018-02-14 01:48:55,0.011132181622087955,0.07123789191246033,Benign,0.9926877021789551,0,0.0,Benign
2018-02-14 01:49:00,0.012142026796936989,0.07393188029527664,Benign,0.9920725226402283,0,0.0,Benign
2018-02-14 01:49:05,0.01200776919722557,0.07301484793424606,Benign,0.9921643733978271,0,0.0,Benign
2018-02-14 01:49:10,0.01018423680216074,0.07114794105291367,Benign,0.993314802646637,0,0.0,Benign
2018-02-14 01:49:15,0.008614109829068184,0.0679374411702156,Benign,0.99440997838974,0,0.0,Benign
2018-02-14 01:49:20,0.00800271425396204,0.07114052027463913,Benign,0.9947516322135925,0,0.0,Benign
2018-02-14 01:49:25,0.0062256804667413235,0.06901782006025314,Benign,0.995763897895813,0,0.0,Benign
2018-02-14 01:49:30,0.005025869235396385,0.06312623620033264,Benign,0.9966152310371399,0,0.0,Benign
2018-02-14 01:49:35,0.004507521633058786,0.060900770127773285,Benign,0.9969815611839294,0,0.0,Benign
2018-02-14 01:49:40,0.004121605306863785,0.060212522745132446,Benign,0.9973633885383606,0,0.0,Benign
2018-02-14 01:49:45,0.004017187748104334,0.059239115566015244,Benign,0.9973746538162231,0,0.0,Benign
2018-02-14 01:49:50,0.0039894673973321915,0.060855742543935776,Benign,0.9974656105041504,0,0.0,Benign
2018-02-14 01:49:55,0.0035265388432890177,0.0572894923388958,Benign,0.9977606534957886,0,0.0,Benign
2018-02-14 01:50:00,0.0031329141929745674,0.05459240823984146,Benign,0.9980231523513794,0,0.0,Benign
2018-02-14 01:50:05,0.0027141787577420473,0.052160002291202545,Benign,0.9982944130897522,0,0.0,Benign
2018-02-14 01:50:10,0.0023738874588161707,0.04977697506546974,Benign,0.9985170960426331,0,0.0,Benign
2018-02-14 01:50:15,0.002267163246870041,0.05011012405157089,Benign,0.9985972046852112,0,0.0,Benign
2018-02-14 01:50:20,0.0021849877666682005,0.048062123358249664,Benign,0.9986358284950256,0,0.0,Benign
2018-02-14 01:50:25,0.0022960309870541096,0.046442948281764984,Benign,0.9985723495483398,0,0.0,Benign
2018-02-14 01:50:30,0.002484760945662856,0.04565097764134407,Benign,0.99846351146698,0,0.0,Benign
2018-02-14 01:50:35,0.002552282763645053,0.04745359718799591,Benign,0.9984785914421082,0,0.0,Benign
2018-02-14 01:50:40,0.0023704806808382273,0.04685211181640625,Benign,0.9985561966896057,0,0.0,Benign
2018-02-14 01:50:45,0.002230987651273608,0.04498177394270897,Benign,0.9986544847488403,0,0.0,Benign
2018-02-14 01:50:50,0.002419069642201066,0.04562937840819359,Benign,0.9985198378562927,0,0.0,Benign
2018-02-14 01:50:55,0.002511704806238413,0.04479208216071129,Benign,0.9984809756278992,0,0.0,Benign
2018-02-14 01:51:00,0.0028010627720505,0.04485892131924629,Benign,0.9982708692550659,0,0.0,Benign
2018-02-14 01:51:05,0.0036801169626414776,0.049573179334402084,Benign,0.997710108757019,0,0.0,Benign
2018-02-14 01:51:10,0.004054832737892866,0.052578624337911606,Benign,0.9975323677062988,0,0.0,Benign
2018-02-14 01:51:15,0.00415766891092062,0.05201689153909683,Benign,0.9974374771118164,0,0.0,Benign
2018-02-14 01:51:20,0.005127717275172472,0.05580632761120796,Benign,0.9968063831329346,0,0.0,Benign
2018-02-14 01:51:25,0.005622459575533867,0.0581362321972847,Benign,0.9965734481811523,0,0.0,Benign
2018-02-14 01:51:30,0.0066496143117547035,0.06414907425642014,Benign,0.995914876461029,0,0.0,Benign
2018-02-14 01:51:35,0.007612703833729029,0.06699391454458237,Benign,0.9953286647796631,0,0.0,Benign
2018-02-14 01:51:40,0.007724818307906389,0.06807001680135727,Benign,0.9952953457832336,0,0.0,Benign
2018-02-14 01:51:45,0.009117922745645046,0.07309671491384506,Benign,0.994531512260437,0,0.0,Benign
2018-02-14 01:51:50,0.010225006379187107,0.07329042255878448,Benign,0.9939072728157043,0,0.0,Benign
2018-02-14 01:51:55,0.012018403969705105,0.07560109347105026,Benign,0.9927091598510742,0,0.0,Benign
2018-02-14 01:52:00,0.012514789588749409,0.07552682608366013,Benign,0.9923722743988037,0,0.0,Benign
2018-02-14 01:52:05,0.012143137864768505,0.08063887059688568,Benign,0.9923629760742188,0,0.0,Benign
2018-02-14 01:52:10,0.010342956520617008,0.08302512764930725,Benign,0.9932863116264343,0,0.0,Benign
2018-02-14 01:52:15,0.012024124152958393,0.09953714907169342,Benign,0.9915643930435181,0,0.0,Benign
2018-02-14 01:52:20,0.011672298423945904,0.10270266979932785,Benign,0.9915288686752319,0,0.0,Benign
2018-02-14 01:52:25,0.010281773284077644,0.09809359908103943,Benign,0.9923606514930725,0,0.0,Benign
2018-02-14 01:52:30,0.009144999086856842,0.09465685486793518,Benign,0.9931219220161438,0,0.0,Benign
2018-02-14 01:52:35,0.00834646262228489,0.09074659645557404,Benign,0.9937228560447693,0,0.0,Benign
2018-02-14 01:52:40,0.007554502226412296,0.08870728313922882,Benign,0.9944595098495483,0,0.0,Benign
2018-02-14 01:52:45,0.006325827911496162,0.08316495269536972,Benign,0.9952797889709473,0,0.0,Benign
2018-02-14 01:52:50,0.005800717044621706,0.0813756138086319,Benign,0.9954333901405334,0,0.0,Benign
2018-02-14 01:52:55,0.005671869032084942,0.07791159301996231,Benign,0.9953428506851196,0,0.0,Benign
2018-02-14 01:53:00,0.006222430616617203,0.07673926651477814,Benign,0.9949070811271667,0,0.0,Benign
2018-02-14 01:53:05,0.006797183770686388,0.07728715240955353,Benign,0.9943687319755554,0,0.0,Benign
2018-02-14 01:53:10,0.007660961244255304,0.07877881079912186,Benign,0.9936118721961975,0,0.0,Benign
2018-02-14 01:53:15,0.00946799200028181,0.08577974885702133,Benign,0.9923077821731567,0,0.0,Benign
2018-02-14 01:53:20,0.009781995788216591,0.09188485145568848,Benign,0.9920471906661987,0,0.0,Benign
2018-02-14 01:53:25,0.01288430206477642,0.10372330993413925,Benign,0.9898121953010559,0,0.0,Benign
2018-02-14 01:53:30,0.013241474516689777,0.10438202321529388,Benign,0.9896681308746338,0,0.0,Benign
2018-02-14 01:53:35,0.014035489410161972,0.10664968192577362,Benign,0.9893652200698853,0,0.0,Benign
2018-02-14 01:53:40,0.013509862124919891,0.10368330776691437,Benign,0.9901582598686218,0,0.0,Benign
2018-02-14 01:53:45,0.025289570912718773,0.12594038248062134,Benign,0.982466459274292,0,0.0,Benign
2018-02-14 01:53:50,0.055909499526023865,0.16618596017360687,Benign,0.961024820804596,0,0.0,Benign
2018-02-14 01:53:55,0.10313800722360611,0.19772766530513763,Benign,0.9292333126068115,0,0.0,Benign
2018-02-14 01:54:00,0.13047108054161072,0.21111513674259186,Benign,0.9164532423019409,0,0.0,Benign
2018-02-14 01:54:05,0.100863978266716,0.1820957511663437,Benign,0.9388344883918762,0,0.0,Benign
2018-02-14 01:54:10,0.07826433330774307,0.1707010716199875,Benign,0.9505659937858582,0,0.0,Benign
2018-02-14 01:54:15,0.042062126100063324,0.13498519361019135,Benign,0.9736871719360352,0,0.0,Benign
2018-02-14 01:54:20,0.02805117331445217,0.11779092252254486,Benign,0.9822378754615784,0,0.0,Benign
2018-02-14 01:54:25,0.016788795590400696,0.09519501775503159,Benign,0.9894860982894897,0,0.0,Benign
2018-02-14 01:54:30,0.012333446182310581,0.08027839660644531,Benign,0.9923534989356995,0,0.0,Benign
2018-02-14 01:54:35,0.008832894265651703,0.06608593463897705,Benign,0.9946182370185852,0,0.0,Benign
2018-02-14 01:54:40,0.006392341107130051,0.0601075254380703,Benign,0.9960992336273193,0,0.0,Benign
2018-02-14 01:54:45,0.005079688038676977,0.05506864935159683,Benign,0.9968881011009216,0,0.0,Benign
2018-02-14 01:54:50,0.004657131619751453,0.05629551783204079,Benign,0.9971427321434021,0,0.0,Benign
2018-02-14 01:54:55,0.004349118564277887,0.05848485976457596,Benign,0.9972955584526062,0,0.0,Benign
2018-02-14 01:55:00,0.004223744384944439,0.0593114010989666,Benign,0.9972836971282959,0,0.0,Benign
2018-02-14 01:55:05,0.004404593259096146,0.05971124395728111,Benign,0.9970633387565613,0,0.0,Benign
2018-02-14 01:55:10,0.004378728102892637,0.05928296968340874,Benign,0.9970190525054932,0,0.0,Benign
2018-02-14 01:55:15,0.004365019034594297,0.05954047292470932,Benign,0.9969654679298401,0,0.0,Benign
2018-02-14 01:55:20,0.004220576956868172,0.058122944086790085,Benign,0.9970888495445251,0,0.0,Benign
2018-02-14 01:55:25,0.0037305927835404873,0.05388219654560089,Benign,0.9974402189254761,0,0.0,Benign
2018-02-14 01:55:30,0.0036434500943869352,0.053571924567222595,Benign,0.9975735545158386,0,0.0,Benign
2018-02-14 01:55:35,0.0034626878332346678,0.052211832255125046,Benign,0.9977093935012817,0,0.0,Benign
2018-02-14 01:55:40,0.003091791644692421,0.052450187504291534,Benign,0.9979730248451233,0,0.0,Benign
2018-02-14 01:55:45,0.0029971774201840162,0.05046868696808815,Benign,0.9980157613754272,0,0.0,Benign
2018-02-14 01:55:50,0.0034776523243635893,0.054074909538030624,Benign,0.9977604150772095,0,0.0,Benign
2018-02-14 01:55:55,0.0034092336427420378,0.05343860387802124,Benign,0.9978455305099487,0,0.0,Benign
2018-02-14 01:56:00,0.0035370804835110903,0.054107699543237686,Benign,0.9977249503135681,0,0.0,Benign
2018-02-14 01:56:05,0.0042380779050290585,0.05629366636276245,Benign,0.997291624546051,0,0.0,Benign
2018-02-14 01:56:10,0.0045282915234565735,0.05576207861304283,Benign,0.9970738887786865,0,0.0,Benign
2018-02-14 01:56:15,0.004898832179605961,0.05703730136156082,Benign,0.9969269633293152,0,0.0,Benign
2018-02-14 01:56:20,0.005858680699020624,0.06173396855592728,Benign,0.9963127970695496,0,0.0,Benign
2018-02-14 01:56:25,0.0062762959860265255,0.06316012889146805,Benign,0.9961218237876892,0,0.0,Benign
2018-02-14 01:56:30,0.006766913458704948,0.06435146182775497,Benign,0.9958752989768982,0,0.0,Benign
2018-02-14 01:56:35,0.008561993017792702,0.07007266581058502,Benign,0.9949040412902832,0,0.0,Benign
2018-02-14 01:56:40,0.008775325492024422,0.06759776175022125,Benign,0.9947630763053894,0,0.0,Benign
2018-02-14 01:56:45,0.008670180104672909,0.06993864476680756,Benign,0.9947202205657959,0,0.0,Benign
2018-02-14 01:56:50,0.007488947827368975,0.06515955179929733,Benign,0.9953413009643555,0,0.0,Benign
2018-02-14 01:56:55,0.007014256436377764,0.06114846467971802,Benign,0.9956477284431458,0,0.0,Benign
2018-02-14 01:57:00,0.00697448430582881,0.061642564833164215,Benign,0.9957232475280762,0,0.0,Benign
2018-02-14 01:57:05,0.006124798208475113,0.061387799680233,Benign,0.9961830973625183,0,0.0,Benign
2018-02-14 01:57:10,0.005604065489023924,0.06111132726073265,Benign,0.9964638352394104,0,0.0,Benign
2018-02-14 01:57:15,0.006027476862072945,0.06121167913079262,Benign,0.9961148500442505,0,0.0,Benign
2018-02-14 01:57:20,0.006615122780203819,0.06234702095389366,Benign,0.9956933856010437,0,0.0,Benign
2018-02-14 01:57:25,0.006215596105903387,0.05968264490365982,Benign,0.995960533618927,0,0.0,Benign
2018-02-14 01:57:30,0.0062564522959291935,0.06208401545882225,Benign,0.9958903193473816,0,0.0,Benign
2018-02-14 01:57:35,0.0057583763264119625,0.06139498949050903,Benign,0.9960964322090149,0,0.0,Benign
2018-02-14 01:57:40,0.005836219526827335,0.06410978734493256,Benign,0.995873749256134,0,0.0,Benign
2018-02-14 01:57:45,0.005726716481149197,0.06625162810087204,Benign,0.9957171082496643,0,0.0,Benign
2018-02-14 01:57:50,0.006186877377331257,0.07074137032032013,Benign,0.9952496290206909,0,0.0,Benign
2018-02-14 01:57:55,0.006066190544515848,0.07488816231489182,Benign,0.9951664209365845,0,0.0,Benign
2018-02-14 01:58:00,0.0062007722444832325,0.07562646269798279,Benign,0.9951267242431641,0,0.0,Benign
2018-02-14 01:58:05,0.006384090520441532,0.07743864506483078,Benign,0.9949744939804077,0,0.0,Benign
2018-02-14 01:58:10,0.00709172897040844,0.07595214992761612,Benign,0.9945138692855835,0,0.0,Benign
2018-02-14 01:58:15,0.007346365135163069,0.07432413101196289,Benign,0.9943979382514954,0,0.0,Benign
2018-02-14 01:58:20,0.007231134455651045,0.07149670273065567,Benign,0.9945886135101318,0,0.0,Benign
2018-02-14 01:58:25,0.00809619203209877,0.07471605390310287,Benign,0.9940160512924194,0,0.0,Benign
2018-02-14 01:58:30,0.00927064847201109,0.07371650636196136,Benign,0.9932625889778137,0,0.0,Benign
2018-02-14 01:58:35,0.009263455867767334,0.07155847549438477,Benign,0.9935393929481506,0,0.0,Benign
2018-02-14 01:58:40,0.009204641915857792,0.07118542492389679,Benign,0.9937293529510498,0,0.0,Benign
2018-02-14 01:58:45,0.010362498462200165,0.07497210055589676,Benign,0.9929867386817932,0,0.0,Benign
2018-02-14 01:58:50,0.009287578985095024,0.07251579314470291,Benign,0.9939520955085754,0,0.0,Benign
2018-02-14 01:58:55,0.0073398384265601635,0.06501691043376923,Benign,0.9953981041908264,0,0.0,Benign
2018-02-14 01:59:00,0.007297483738511801,0.0629609003663063,Benign,0.9954519867897034,0,0.0,Benign
2018-02-14 01:59:05,0.006434418726712465,0.0614861398935318,Benign,0.9960663914680481,0,0.0,Benign
2018-02-14 01:59:10,0.00610488373786211,0.06035592034459114,Benign,0.9963259100914001,0,0.0,Benign
2018-02-14 01:59:15,0.006585677154362202,0.059182316064834595,Benign,0.9960628151893616,0,0.0,Benign
2018-02-14 01:59:20,0.006646956317126751,0.06079943850636482,Benign,0.996056318283081,0,0.0,Benign
2018-02-14 01:59:25,0.005851336754858494,0.0608706921339035,Benign,0.9964859485626221,0,0.0,Benign
2018-02-14 01:59:30,0.004824371077120304,0.05885086953639984,Benign,0.9970638155937195,0,0.0,Benign
2018-02-14 01:59:35,0.004038472659885883,0.05729653686285019,Benign,0.9975764155387878,0,0.0,Benign
2018-02-14 01:59:40,0.003399602835997939,0.05386875569820404,Benign,0.9979299306869507,0,0.0,Benign
2018-02-14 01:59:45,0.0037203317042440176,0.05642314255237579,Benign,0.9976840019226074,0,0.0,Benign
2018-02-14 01:59:50,0.003528899047523737,0.057371001690626144,Benign,0.9978240728378296,0,0.0,Benign
2018-02-14 01:59:55,0.0035109075251966715,0.057293497025966644,Benign,0.9977561831474304,0,0.0,Benign
2018-02-14 02:00:00,0.0033230434637516737,0.05719554051756859,Benign,0.9979652166366577,0,0.0,Benign
2018-02-14 02:00:05,0.0031140961218625307,0.055607013404369354,Benign,0.9980778694152832,0,0.0,Benign
2018-02-14 02:00:10,0.002980926539748907,0.05413063243031502,Benign,0.9981263279914856,0,0.0,Benign
2018-02-14 02:00:15,0.0029846946708858013,0.05175802856683731,Benign,0.9981017708778381,0,0.0,Benign
2018-02-14 02:00:20,0.0029948188457638025,0.04887743294239044,Benign,0.998102605342865,0,0.0,Benign
2018-02-14 02:00:25,0.0033197083976119757,0.04819780960679054,Benign,0.9978908896446228,0,0.0,Benign
2018-02-14 02:00:30,0.0035151559859514236,0.048480886965990067,Benign,0.9977779984474182,0,0.0,Benign
2018-02-14 02:00:35,0.0035857397597283125,0.04894851893186569,Benign,0.997750461101532,0,0.0,Benign
2018-02-14 02:00:40,0.003736167447641492,0.048992738127708435,Benign,0.9976690411567688,0,0.0,Benign
2018-02-14 02:00:45,0.00382374064065516,0.048910219222307205,Benign,0.9976584911346436,0,0.0,Benign
2018-02-14 02:00:50,0.003951541148126125,0.04854685068130493,Benign,0.9975739121437073,0,0.0,Benign
2018-02-14 02:00:55,0.004162222146987915,0.04911419376730919,Benign,0.9974496960639954,0,0.0,Benign
2018-02-14 02:01:00,0.004114979412406683,0.048921599984169006,Benign,0.9975691437721252,0,0.0,Benign
2018-02-14 02:01:05,0.004428352694958448,0.05092572048306465,Benign,0.9973190426826477,0,0.0,Benign
2018-02-14 02:01:10,0.0048058535903692245,0.05127508193254471,Benign,0.9970520734786987,0,0.0,Benign
2018-02-14 02:01:15,0.005945452954620123,0.05245333909988403,Benign,0.9963891506195068,0,0.0,Benign
2018-02-14 02:01:20,0.00675626564770937,0.05202319100499153,Benign,0.9959702491760254,1,0.2,Initial Access
2018-02-14 02:01:25,0.007867326028645039,0.05487515777349472,Benign,0.9953332543373108,0,0.0,Benign
2018-02-14 02:01:30,0.00882037915289402,0.058598775416612625,Benign,0.9947651624679565,0,0.0,Benign
2018-02-14 02:01:35,0.009600607678294182,0.06031917780637741,Benign,0.9944189786911011,0,0.0,Benign
2018-02-14 02:01:40,0.01030663214623928,0.061647552996873856,Benign,0.9941092729568481,0,0.0,Benign
2018-02-14 02:01:45,0.01168807502835989,0.06178745627403259,Benign,0.9935545921325684,0,0.0,Benign
2018-02-14 02:01:50,0.012965149246156216,0.06152673810720444,Benign,0.9931169748306274,1,0.673469387755102,Initial Access
2018-02-14 02:01:55,0.020444601774215698,0.0760921910405159,Benign,0.9889500737190247,1,0.7753623188405797,Initial Access
2018-02-14 02:02:00,0.04074519872665405,0.10495606064796448,Benign,0.9773926138877869,1,0.4835680751173709,Initial Access
2018-02-14 02:02:05,0.12562483549118042,0.16870523989200592,Benign,0.9252485036849976,1,0.3503184713375796,Initial Access
2018-02-14 02:02:10,0.485092431306839,0.2981263995170593,Benign,0.6634320020675659,1,0.515,Initial Access
2018-02-14 02:02:15,0.8604763746261597,0.49658650159835815,Initial Access,0.7863113880157471,1,0.6851851851851852,Initial Access
2018-02-14 02:02:20,0.9520478248596191,0.5921832323074341,Initial Access,0.9420328140258789,1,0.6108108108108108,Initial Access
2018-02-14 02:02:25,0.9774966835975647,0.6283801794052124,Initial Access,0.9747920632362366,1,0.6470588235294118,Initial Access
2018-02-14 02:02:30,0.9869807362556458,0.6601607799530029,Initial Access,0.9860674738883972,1,0.7333333333333333,Initial Access
2018-02-14 02:02:35,0.9907071590423584,0.6788074374198914,Initial Access,0.9903942942619324,1,0.6770186335403726,Initial Access
2018-02-14 02:02:40,0.992210865020752,0.6879611015319824,Initial Access,0.992281973361969,1,0.7555555555555555,Initial Access
2018-02-14 02:02:45,0.9928964972496033,0.693245530128479,Initial Access,0.9931374788284302,1,0.74,Initial Access
2018-02-14 02:02:50,0.9932119250297546,0.6964184641838074,Initial Access,0.9935228824615479,1,0.6770186335403726,Initial Access
2018-02-14 02:02:55,0.9933859705924988,0.6977577209472656,Initial Access,0.9936221241950989,1,0.6709677419354839,Initial Access
2018-02-14 02:03:00,0.9934554696083069,0.700100302696228,Initial Access,0.9937604069709778,1,0.7619047619047619,Initial Access
2018-02-14 02:03:05,0.993537187576294,0.701392650604248,Initial Access,0.993878960609436,1,0.5780346820809249,Initial Access
2018-02-14 02:03:10,0.9932599663734436,0.7009463906288147,Initial Access,0.9936528205871582,1,0.3274336283185841,Initial Access
2018-02-14 02:03:15,0.9931090474128723,0.6976565718650818,Initial Access,0.9935804605484009,1,0.2211155378486055,Initial Access
2018-02-14 02:03:20,0.9930285215377808,0.6922708749771118,Initial Access,0.9934572577476501,1,0.2610966057441253,Initial Access
2018-02-14 02:03:25,0.9928439259529114,0.6911070346832275,Initial Access,0.993164598941803,1,0.2505694760820046,Initial Access
2018-02-14 02:03:30,0.9927796721458435,0.6893752813339233,Initial Access,0.9929399490356445,1,0.5618556701030928,Initial Access
2018-02-14 02:03:35,0.9925779700279236,0.6902073621749878,Initial Access,0.9927512407302856,1,0.4052044609665427,Initial Access
2018-02-14 02:03:40,0.9922475814819336,0.6886515617370605,Initial Access,0.9924312829971313,1,0.3372781065088757,Initial Access
2018-02-14 02:03:45,0.9919525384902954,0.6869206428527832,Initial Access,0.992146909236908,1,0.339041095890411,Initial Access
2018-02-14 02:03:50,0.9917694926261902,0.6856655478477478,Initial Access,0.9918368458747864,1,0.6766467065868264,Initial Access
2018-02-14 02:03:55,0.9916455745697021,0.6857012510299683,Initial Access,0.9915904402732849,1,0.7333333333333333,Initial Access
2018-02-14 02:04:00,0.9916226863861084,0.6854743957519531,Initial Access,0.9916839599609375,1,0.6011560693641619,Initial Access
2018-02-14 02:04:05,0.9915811419487,0.6854038238525391,Initial Access,0.9916675686836243,1,0.7708333333333334,Initial Access
2018-02-14 02:04:10,0.9918479919433594,0.6859873533248901,Initial Access,0.9920658469200134,1,0.7333333333333333,Initial Access
2018-02-14 02:04:15,0.9917337894439697,0.6852973699569702,Initial Access,0.9920390844345093,1,0.6832298136645962,Initial Access
2018-02-14 02:04:20,0.9916492700576782,0.6853017210960388,Initial Access,0.9920673370361328,1,0.762589928057554,Initial Access
2018-02-14 02:04:25,0.9912192821502686,0.6843702793121338,Initial Access,0.9917339086532593,1,0.756578947368421,Initial Access
2018-02-14 02:04:30,0.9910243153572083,0.6831005811691284,Initial Access,0.9915083646774292,1,0.7573529411764706,Initial Access
2018-02-14 02:04:35,0.9910618662834167,0.6837575435638428,Initial Access,0.9915986061096191,1,0.75,Initial Access
2018-02-14 02:04:40,0.990867555141449,0.6830808520317078,Initial Access,0.9914255142211914,1,0.8357142857142857,Initial Access
2018-02-14 02:04:45,0.9911389350891113,0.6854706406593323,Initial Access,0.9917033314704895,1,0.4393305439330544,Initial Access
2018-02-14 02:04:50,0.9908992052078247,0.6842319369316101,Initial Access,0.9915362596511841,1,0.2614678899082568,Initial Access
2018-02-14 02:04:55,0.991127073764801,0.6843921542167664,Initial Access,0.991696298122406,1,0.5380710659898477,Initial Access
2018-02-14 02:05:00,0.9919337630271912,0.6895014643669128,Initial Access,0.9921991229057312,1,0.7226277372262774,Initial Access
2018-02-14 02:05:05,0.9922800660133362,0.692288875579834,Initial Access,0.9925158619880676,1,0.6706586826347305,Initial Access
2018-02-14 02:05:10,0.9926708936691284,0.6947211027145386,Initial Access,0.9928576946258545,1,0.5611111111111111,Initial Access
2018-02-14 02:05:15,0.9924033284187317,0.6941660642623901,Initial Access,0.9926786422729492,1,0.5699481865284974,Initial Access
2018-02-14 02:05:20,0.9922434687614441,0.6937161684036255,Initial Access,0.9924766421318054,1,0.6292134831460674,Initial Access
2018-02-14 02:05:25,0.992199182510376,0.6922063827514648,Initial Access,0.992460310459137,1,0.5247524752475248,Initial Access
2018-02-14 02:05:30,0.9920667409896851,0.6922333240509033,Initial Access,0.9922366738319397,1,0.4628099173553719,Initial Access
2018-02-14 02:05:35,0.992119312286377,0.6914660930633545,Initial Access,0.9922811388969421,1,0.6516129032258065,Initial Access
2018-02-14 02:05:40,0.9917573928833008,0.6906589865684509,Initial Access,0.9918943047523499,1,0.6797385620915033,Initial Access
2018-02-14 02:05:45,0.9916797876358032,0.6892446279525757,Initial Access,0.9918796420097351,1,0.7586206896551724,Initial Access
2018-02-14 02:05:50,0.9917566180229187,0.6889379024505615,Initial Access,0.9919852018356323,1,0.6477987421383647,Initial Access
2018-02-14 02:05:55,0.9914774298667908,0.6878890991210938,Initial Access,0.9917746782302856,1,0.7197452229299363,Initial Access
2018-02-14 02:06:00,0.9914279580116272,0.6872140169143677,Initial Access,0.9917725920677185,1,0.5729166666666666,Initial Access
2018-02-14 02:06:05,0.9912869930267334,0.6859016418457031,Initial Access,0.9915741086006165,1,0.4678899082568807,Initial Access
2018-02-14 02:06:10,0.9918755292892456,0.6863596439361572,Initial Access,0.992091178894043,1,0.3933823529411764,Initial Access
2018-02-14 02:06:15,0.9917162656784058,0.6853408217430115,Initial Access,0.9918156266212463,1,0.6214689265536724,Initial Access
2018-02-14 02:06:20,0.9919292330741882,0.6875272393226624,Initial Access,0.991951584815979,1,0.691358024691358,Initial Access
2018-02-14 02:06:25,0.9920035004615784,0.6886005401611328,Initial Access,0.9921047687530518,1,0.6824324324324325,Initial Access
2018-02-14 02:06:30,0.9921203255653381,0.689361572265625,Initial Access,0.9922459721565247,1,0.6043956043956044,Initial Access
2018-02-14 02:06:35,0.9920442700386047,0.6895201206207275,Initial Access,0.9921457171440125,1,0.6626506024096386,Initial Access
2018-02-14 02:06:40,0.992074191570282,0.6908184885978699,Initial Access,0.9922294020652771,1,0.7142857142857143,Initial Access
2018-02-14 02:06:45,0.9921144843101501,0.6919944286346436,Initial Access,0.992336094379425,1,0.6547619047619048,Initial Access
2018-02-14 02:06:50,0.9921364784240723,0.692548394203186,Initial Access,0.992363691329956,1,0.6149732620320856,Initial Access
2018-02-14 02:06:55,0.9920330047607422,0.691952109336853,Initial Access,0.9923812747001648,1,0.7786259541984732,Initial Access
2018-02-14 02:07:00,0.9920837879180908,0.6922987103462219,Initial Access,0.9924646615982056,1,0.70625,Initial Access
2018-02-14 02:07:05,0.9924602508544922,0.6940372586250305,Initial Access,0.9928724765777588,1,0.7253521126760564,Initial Access
2018-02-14 02:07:10,0.992455780506134,0.6942971348762512,Initial Access,0.9928966164588928,1,0.630057803468208,Initial Access
2018-02-14 02:07:15,0.9926454424858093,0.6957138180732727,Initial Access,0.9930930137634277,1,0.6256983240223464,Initial Access
2018-02-14 02:07:20,0.9926406741142273,0.6961190104484558,Initial Access,0.9931069016456604,1,0.6,Initial Access
2018-02-14 02:07:25,0.9928610920906067,0.696149468421936,Initial Access,0.9933933615684509,1,0.6285714285714286,Initial Access
2018-02-14 02:07:30,0.9929647445678711,0.6976467370986938,Initial Access,0.9933870434761047,1,0.6706586826347305,Initial Access
2018-02-14 02:07:35,0.992982029914856,0.6986358165740967,Initial Access,0.9934048056602478,1,0.7692307692307693,Initial Access
2018-02-14 02:07:40,0.9929792881011963,0.6995488405227661,Initial Access,0.9934453964233398,1,0.3089887640449438,Initial Access
2018-02-14 02:07:45,0.9929795861244202,0.6963645219802856,Initial Access,0.9934184551239014,1,0.2997275204359673,Initial Access
2018-02-14 02:07:50,0.9932376146316528,0.6977841854095459,Initial Access,0.9936115145683289,1,0.4150943396226415,Initial Access
2018-02-14 02:07:55,0.9930936098098755,0.695472002029419,Initial Access,0.9933835864067078,1,0.6298342541436464,Initial Access
2018-02-14 02:08:00,0.9930953979492188,0.6967641115188599,Initial Access,0.9932871460914612,1,0.6568047337278107,Initial Access
2018-02-14 02:08:05,0.9930634498596191,0.6975954174995422,Initial Access,0.9933024644851685,1,0.244131455399061,Initial Access
2018-02-14 02:08:10,0.9931269288063049,0.695124626159668,Initial Access,0.9934177398681641,1,0.38,Initial Access
2018-02-14 02:08:15,0.9931215047836304,0.695663332939148,Initial Access,0.993378221988678,1,0.5185185185185185,Initial Access
2018-02-14 02:08:20,0.9929993152618408,0.693861722946167,Initial Access,0.9932512640953064,1,0.5113122171945701,Initial Access
2018-02-14 02:08:25,0.9928288459777832,0.6936690807342529,Initial Access,0.9928840398788452,1,0.4885844748858447,Initial Access
2018-02-14 02:08:30,0.9929174780845642,0.6942048072814941,Initial Access,0.9930272698402405,1,0.653179190751445,Initial Access
2018-02-14 02:08:35,0.9927623271942139,0.694266676902771,Initial Access,0.9929234981536865,1,0.6705882352941176,Initial Access
2018-02-14 02:08:40,0.9926055073738098,0.6937100887298584,Initial Access,0.9928265810012817,1,0.5137614678899083,Initial Access
2018-02-14 02:08:45,0.9923147559165955,0.6916638612747192,Initial Access,0.9926130771636963,1,0.3737024221453287,Initial Access
2018-02-14 02:08:50,0.9916414022445679,0.686619758605957,Initial Access,0.9918422698974609,1,0.5532994923857868,Initial Access
2018-02-14 02:08:55,0.9915663003921509,0.6877739429473877,Initial Access,0.991679847240448,1,0.6187845303867403,Initial Access
2018-02-14 02:09:00,0.9917630553245544,0.6893472671508789,Initial Access,0.9918375611305237,1,0.5683060109289617,Initial Access
2018-02-14 02:09:05,0.9918904900550842,0.6900351047515869,Initial Access,0.9919438362121582,1,0.8409090909090909,Initial Access
2018-02-14 02:09:10,0.9922429919242859,0.6924054026603699,Initial Access,0.9923657774925232,1,0.7254901960784313,Initial Access
2018-02-14 02:09:15,0.9924424886703491,0.6929984092712402,Initial Access,0.992668628692627,1,0.7862595419847328,Initial Access
2018-02-14 02:09:20,0.9924473166465759,0.693509578704834,Initial Access,0.9927390217781067,1,0.7586206896551724,Initial Access
2018-02-14 02:09:25,0.9927447438240051,0.6943721175193787,Initial Access,0.9930757284164429,1,0.8346456692913385,Initial Access
2018-02-14 02:09:30,0.9931758046150208,0.6968977451324463,Initial Access,0.9935228824615479,1,0.7611940298507462,Initial Access
2018-02-14 02:09:35,0.9935439229011536,0.6984008550643921,Initial Access,0.9939139485359192,1,0.7956204379562044,Initial Access
2018-02-14 02:09:40,0.9936731457710266,0.6992542743682861,Initial Access,0.994080126285553,1,0.7202797202797203,Initial Access
2018-02-14 02:09:45,0.9937745928764343,0.7000963687896729,Initial Access,0.9941806197166443,1,0.3787375415282392,Initial Access
2018-02-14 02:09:50,0.9937555193901062,0.6995830535888672,Initial Access,0.9941728711128235,1,0.5103092783505154,Initial Access
2018-02-14 02:09:55,0.9939243793487549,0.7004104852676392,Initial Access,0.9943388104438782,1,0.6411764705882353,Initial Access
2018-02-14 02:10:00,0.9940686821937561,0.7028654217720032,Initial Access,0.9944256544113159,1,0.703030303030303,Initial Access
2018-02-14 02:10:05,0.9940087795257568,0.7039729952812195,Initial Access,0.9943360686302185,1,0.6325301204819277,Initial Access
2018-02-14 02:10:10,0.9938905239105225,0.7046833038330078,Initial Access,0.9942452311515808,1,0.6256983240223464,Initial Access
2018-02-14 02:10:15,0.9938104748725891,0.705378532409668,Initial Access,0.9941755533218384,1,0.7346938775510204,Initial Access
2018-02-14 02:10:20,0.9939368963241577,0.7055433988571167,Initial Access,0.9943240880966187,1,0.7279411764705882,Initial Access
2018-02-14 02:10:25,0.9938608407974243,0.7050420641899109,Initial Access,0.994283139705658,1,0.7925925925925926,Initial Access
2018-02-14 02:10:30,0.9938854575157166,0.7044243216514587,Initial Access,0.9943137168884277,1,0.703030303030303,Initial Access
2018-02-14 02:10:35,0.9938962459564209,0.7039830684661865,Initial Access,0.9942790269851685,1,0.5625,Initial Access
2018-02-14 02:10:40,0.9937002062797546,0.7023831605911255,Initial Access,0.9939557909965515,1,0.7898550724637681,Initial Access
2018-02-14 02:10:45,0.9937846064567566,0.7040737867355347,Initial Access,0.9940927624702454,1,0.7730496453900709,Initial Access
2018-02-14 02:10:50,0.9935854077339172,0.7031302452087402,Initial Access,0.9939460158348083,1,0.8045112781954887,Initial Access
2018-02-14 02:10:55,0.9933310747146606,0.7018008828163147,Initial Access,0.9937593936920166,1,0.8863636363636364,Initial Access
2018-02-14 02:11:00,0.9930556416511536,0.6997103095054626,Initial Access,0.9935433864593506,1,0.8188405797101449,Initial Access
2018-02-14 02:11:05,0.9929548501968384,0.6987526416778564,Initial Access,0.9934713840484619,1,0.3834586466165413,Initial Access
2018-02-14 02:11:10,0.9925839900970459,0.6934994459152222,Initial Access,0.9931487441062927,1,0.823076923076923,Initial Access
2018-02-14 02:11:15,0.9926348924636841,0.6943192481994629,Initial Access,0.9931249022483826,1,0.8148148148148148,Initial Access
2018-02-14 02:11:20,0.9925360679626465,0.6937288641929626,Initial Access,0.9930590391159058,1,0.756578947368421,Initial Access
2018-02-14 02:11:25,0.9925293922424316,0.6934791803359985,Initial Access,0.9930549263954163,1,0.8306451612903226,Initial Access
2018-02-14 02:11:30,0.9923611879348755,0.6929240226745605,Initial Access,0.9929202198982239,1,0.722972972972973,Initial Access
2018-02-14 02:11:35,0.9923605918884277,0.6935021877288818,Initial Access,0.992913544178009,1,0.4767932489451477,Initial Access
2018-02-14 02:11:40,0.9924761056900024,0.6929214000701904,Initial Access,0.9930031895637512,1,0.5288461538461539,Initial Access
2018-02-14 02:11:45,0.9924966096878052,0.6933610439300537,Initial Access,0.9930158853530884,1,0.8770491803278688,Initial Access
2018-02-14 02:11:50,0.9924782514572144,0.6934249401092529,Initial Access,0.9930039048194885,1,0.675,Initial Access
2018-02-14 02:11:55,0.9925873279571533,0.6937452554702759,Initial Access,0.9930729269981384,1,0.7534246575342466,Initial Access
2018-02-14 02:12:00,0.9926704168319702,0.6952725052833557,Initial Access,0.9931626319885254,1,0.7761194029850746,Initial Access
2018-02-14 02:12:05,0.992599368095398,0.6953905820846558,Initial Access,0.9931362867355347,1,0.8870967741935484,Initial Access
2018-02-14 02:12:10,0.9928594827651978,0.6957005858421326,Initial Access,0.9933913946151733,1,0.7734375,Initial Access
2018-02-14 02:12:15,0.9931181073188782,0.6964935064315796,Initial Access,0.9936351776123047,1,0.4572649572649572,Initial Access
2018-02-14 02:12:20,0.993260383605957,0.6952173709869385,Initial Access,0.9937999844551086,1,0.7552447552447552,Initial Access
2018-02-14 02:12:25,0.9934319853782654,0.6977093815803528,Initial Access,0.9939020872116089,1,0.6035502958579881,Initial Access
2018-02-14 02:12:30,0.993273913860321,0.6975710391998291,Initial Access,0.9937818646430969,1,0.7236842105263158,Initial Access
2018-02-14 02:12:35,0.9933037161827087,0.698058009147644,Initial Access,0.9938014149665833,1,0.6136363636363636,Initial Access
2018-02-14 02:12:40,0.9932605624198914,0.6980576515197754,Initial Access,0.9937532544136047,1,0.4463519313304721,Initial Access
2018-02-14 02:12:45,0.9931744337081909,0.6964975595474243,Initial Access,0.9936755299568176,1,0.6770186335403726,Initial Access
2018-02-14 02:12:50,0.9932083487510681,0.6978408098220825,Initial Access,0.9936607480049133,1,0.4558139534883721,Initial Access
2018-02-14 02:12:55,0.9929056763648987,0.6958209276199341,Initial Access,0.9933996200561523,1,0.4508196721311475,Initial Access
2018-02-14 02:13:00,0.9928151369094849,0.6939712762832642,Initial Access,0.9932511448860168,1,0.6646706586826348,Initial Access
2018-02-14 02:13:05,0.99265056848526,0.6940931081771851,Initial Access,0.9930102229118347,1,0.7703703703703704,Initial Access
2018-02-14 02:13:10,0.9921313524246216,0.6920053958892822,Initial Access,0.9925215840339661,1,0.7692307692307693,Initial Access
2018-02-14 02:13:15,0.9920040965080261,0.6907690763473511,Initial Access,0.992418646812439,1,0.7902097902097902,Initial Access
2018-02-14 02:13:20,0.9917892813682556,0.6897459030151367,Initial Access,0.9922663569450378,1,0.8396946564885496,Initial Access
2018-02-14 02:13:25,0.9913819432258606,0.687299370765686,Initial Access,0.991915762424469,1,0.7659574468085106,Initial Access
2018-02-14 02:13:30,0.9910873770713806,0.6848810911178589,Initial Access,0.991675078868866,1,0.7517241379310344,Initial Access
2018-02-14 02:13:35,0.9908889532089233,0.6835595965385437,Initial Access,0.9915564060211182,1,0.7777777777777778,Initial Access
2018-02-14 02:13:40,0.9909148812294006,0.6832325458526611,Initial Access,0.9915916919708252,1,0.7744360902255639,Initial Access
2018-02-14 02:13:45,0.9908477663993835,0.6827247142791748,Initial Access,0.9915372133255005,1,0.8296296296296296,Initial Access
2018-02-14 02:13:50,0.9898258447647095,0.6757142543792725,Initial Access,0.9906414151191711,1,0.7671232876712328,Initial Access
2018-02-14 02:13:55,0.9896929264068604,0.6747810244560242,Initial Access,0.9905558228492737,1,0.6518987341772152,Initial Access
2018-02-14 02:14:00,0.9896875023841858,0.676146924495697,Initial Access,0.990476131439209,1,0.8102189781021898,Initial Access
2018-02-14 02:14:05,0.9898585677146912,0.6770192384719849,Initial Access,0.9906676411628723,1,0.9076923076923076,Initial Access
2018-02-14 02:14:10,0.9901210069656372,0.6778914928436279,Initial Access,0.9909778833389282,1,0.6901408450704225,Initial Access
2018-02-14 02:14:15,0.9898194670677185,0.6761677265167236,Initial Access,0.9906635284423828,1,0.7872340425531915,Initial Access
2018-02-14 02:14:20,0.9898530840873718,0.6774448156356812,Initial Access,0.9907421469688416,1,0.7638888888888888,Initial Access
2018-02-14 02:14:25,0.9894561171531677,0.6759546399116516,Initial Access,0.9903303384780884,1,0.6518987341772152,Initial Access
2018-02-14 02:14:30,0.9890758991241455,0.6751776933670044,Initial Access,0.9900068044662476,1,0.5625,Initial Access
2018-02-14 02:14:35,0.9893158674240112,0.6750141382217407,Initial Access,0.9900446534156799,1,0.7204968944099379,Initial Access
2018-02-14 02:14:40,0.9894202947616577,0.677151083946228,Initial Access,0.9900505542755127,1,0.8181818181818182,Initial Access
2018-02-14 02:14:45,0.9890167117118835,0.676185131072998,Initial Access,0.989763617515564,1,0.7642857142857142,Initial Access
2018-02-14 02:14:50,0.9879741072654724,0.6696432828903198,Initial Access,0.9888026118278503,1,0.7697841726618705,Initial Access
2018-02-14 02:14:55,0.9869460463523865,0.6646934747695923,Initial Access,0.9879012107849121,1,0.8346456692913385,Initial Access
2018-02-14 02:15:00,0.9850001335144043,0.656244158744812,Initial Access,0.986137330532074,1,0.8296296296296296,Initial Access
2018-02-14 02:15:05,0.9836559891700745,0.6491179466247559,Initial Access,0.9851168394088745,1,0.4545454545454545,Initial Access
2018-02-14 02:15:10,0.9806690812110901,0.6410191655158997,Initial Access,0.9825567603111267,1,0.3144475920679886,Initial Access
2018-02-14 02:15:15,0.9774208664894104,0.6341571807861328,Initial Access,0.9797297716140747,1,0.4862385321100917,Initial Access
2018-02-14 02:15:20,0.9769328236579895,0.6301846504211426,Initial Access,0.9790754914283752,1,0.6858974358974359,Initial Access
2018-02-14 02:15:25,0.9771604537963867,0.6297961473464966,Initial Access,0.9791573882102966,1,0.7161290322580646,Initial Access
2018-02-14 02:15:30,0.9789862632751465,0.6327298283576965,Initial Access,0.9807510375976562,1,0.6666666666666666,Initial Access
2018-02-14 02:15:35,0.9794171452522278,0.6334891319274902,Initial Access,0.981168270111084,1,0.7482517482517482,Initial Access
2018-02-14 02:15:40,0.9804211854934692,0.6353447437286377,Initial Access,0.9821493029594421,1,0.7142857142857143,Initial Access
2018-02-14 02:15:45,0.9815153479576111,0.6384590268135071,Initial Access,0.9831176996231079,1,0.7278481012658228,Initial Access
2018-02-14 02:15:50,0.9830107092857361,0.644515872001648,Initial Access,0.984307050704956,1,0.8106060606060606,Initial Access
2018-02-14 02:15:55,0.9850872159004211,0.6526238322257996,Initial Access,0.9862004518508911,1,0.7676056338028169,Initial Access
2018-02-14 02:16:00,0.9863007664680481,0.6570398211479187,Initial Access,0.987330436706543,1,0.7551020408163265,Initial Access
2018-02-14 02:16:05,0.9880120754241943,0.6642979383468628,Initial Access,0.9888939261436462,1,0.853448275862069,Initial Access
2018-02-14 02:16:10,0.9885454177856445,0.6671531200408936,Initial Access,0.9894518256187439,1,0.6055555555555555,Initial Access
2018-02-14 02:16:15,0.9893688559532166,0.6722768545150757,Initial Access,0.9901874661445618,1,0.7635135135135135,Initial Access
2018-02-14 02:16:20,0.9895985722541809,0.674745500087738,Initial Access,0.9904384016990662,1,0.7278911564625851,Initial Access
2018-02-14 02:16:25,0.9901515245437622,0.6792364120483398,Initial Access,0.9909079074859619,1,0.7730496453900709,Initial Access
2018-02-14 02:16:30,0.9909380674362183,0.684543251991272,Initial Access,0.9915891289710999,1,0.5223880597014925,Initial Access
2018-02-14 02:16:35,0.991278886795044,0.6845592260360718,Initial Access,0.9919679760932922,1,0.3623693379790941,Initial Access
2018-02-14 02:16:40,0.9915305972099304,0.6854729652404785,Initial Access,0.9922094345092773,1,0.4285714285714285,Initial Access
2018-02-14 02:16:45,0.9915737509727478,0.6845270395278931,Initial Access,0.9920623302459717,1,0.7445255474452555,Initial Access
2018-02-14 02:16:50,0.991853654384613,0.687312126159668,Initial Access,0.9922118186950684,1,0.507177033492823,Initial Access
2018-02-14 02:16:55,0.9918542504310608,0.6882251501083374,Initial Access,0.9922681450843811,1,0.8028169014084507,Initial Access
2018-02-14 02:17:00,0.9919573664665222,0.6889106631278992,Initial Access,0.9923586249351501,1,0.7971014492753623,Initial Access
2018-02-14 02:17:05,0.9920670390129089,0.6889830827713013,Initial Access,0.9924713373184204,1,0.7703703703703704,Initial Access
2018-02-14 02:17:10,0.9921456575393677,0.6880979537963867,Initial Access,0.9925265312194824,1,0.4198473282442748,Initial Access
2018-02-14 02:17:15,0.9920452237129211,0.6866034865379333,Initial Access,0.9925165772438049,1,0.4871794871794871,Initial Access
2018-02-14 02:17:20,0.9921181201934814,0.6868833303451538,Initial Access,0.9925611615180969,1,0.6802721088435374,Initial Access
2018-02-14 02:17:25,0.9920629262924194,0.6869816780090332,Initial Access,0.9923821091651917,1,0.6625766871165644,Initial Access
2018-02-14 02:17:30,0.9920236468315125,0.6868436336517334,Initial Access,0.9924135804176331,1,0.4541666666666666,Initial Access
2018-02-14 02:17:35,0.9918854236602783,0.6849836707115173,Initial Access,0.9922997951507568,1,0.4621848739495798,Initial Access
2018-02-14 02:17:40,0.9917929172515869,0.6844431161880493,Initial Access,0.9921810626983643,1,0.7034482758620689,Initial Access
2018-02-14 02:17:45,0.9916120171546936,0.6851527690887451,Initial Access,0.992016077041626,1,0.7785714285714286,Initial Access
2018-02-14 02:17:50,0.9915868043899536,0.6855900287628174,Initial Access,0.9920328259468079,1,0.8382352941176471,Initial Access
2018-02-14 02:17:55,0.9917148947715759,0.6861091256141663,Initial Access,0.9921889305114746,1,0.8387096774193549,Initial Access
2018-02-14 02:18:00,0.9912712574005127,0.6836285591125488,Initial Access,0.9918407201766968,1,0.7702702702702703,Initial Access
2018-02-14 02:18:05,0.9909345507621765,0.6817065477371216,Initial Access,0.9915581941604614,1,0.7125,Initial Access
2018-02-14 02:18:10,0.9915198087692261,0.6849440336227417,Initial Access,0.9920382499694824,1,0.5309278350515464,Initial Access
2018-02-14 02:18:15,0.9920940399169922,0.6884371042251587,Initial Access,0.9925570487976074,1,0.4233576642335766,Initial Access
2018-02-14 02:18:20,0.9919314384460449,0.689336359500885,Initial Access,0.9924241304397583,1,0.7635135135135135,Initial Access
2018-02-14 02:18:25,0.9919865131378174,0.6914567351341248,Initial Access,0.9924780130386353,1,0.7894736842105263,Initial Access
2018-02-14 02:18:30,0.9919785857200623,0.6914017200469971,Initial Access,0.9925306439399719,1,0.6098901098901099,Initial Access
2018-02-14 02:18:35,0.99190354347229,0.6911197304725647,Initial Access,0.9923674464225769,1,0.6709677419354839,Initial Access
2018-02-14 02:18:40,0.9913930892944336,0.6894894242286682,Initial Access,0.9919458031654358,1,0.7142857142857143,Initial Access
2018-02-14 02:18:45,0.9914169311523438,0.6896712779998779,Initial Access,0.9919935464859009,1,0.7218543046357616,Initial Access
2018-02-14 02:18:50,0.991611659526825,0.6907062530517578,Initial Access,0.992159903049469,1,0.7637795275590551,Initial Access
2018-02-14 02:18:55,0.9916625022888184,0.6913310885429382,Initial Access,0.9922502636909485,1,0.8,Initial Access
2018-02-14 02:19:00,0.9919090867042542,0.6925870180130005,Initial Access,0.9925190210342407,1,0.2522727272727272,Initial Access
2018-02-14 02:19:05,0.9920171499252319,0.6892471313476562,Initial Access,0.9927436113357544,1,0.2109375,Initial Access
2018-02-14 02:19:10,0.9921435713768005,0.6863386034965515,Initial Access,0.9926803708076477,1,0.3364485981308411,Initial Access
2018-02-14 02:19:15,0.9922786951065063,0.6884558796882629,Initial Access,0.9925721287727356,1,0.7088607594936709,Initial Access
2018-02-14 02:19:20,0.9923093914985657,0.6905965805053711,Initial Access,0.9924732446670532,1,0.717391304347826,Initial Access
2018-02-14 02:19:25,0.9920548796653748,0.6896527409553528,Initial Access,0.9922828078269958,1,0.6871165644171779,Initial Access
2018-02-14 02:19:30,0.9918596148490906,0.6888306140899658,Initial Access,0.9919973015785217,1,0.3234421364985163,Initial Access
2018-02-14 02:19:35,0.991375207901001,0.6851549744606018,Initial Access,0.9915703535079956,1,0.2314606741573033,Initial Access
2018-02-14 02:19:40,0.9912404417991638,0.6828919053077698,Initial Access,0.9914067983627319,1,0.4,Initial Access
2018-02-14 02:19:45,0.9909095168113708,0.6812775135040283,Initial Access,0.9908122420310974,1,0.6894409937888198,Initial Access
2018-02-14 02:19:50,0.99081951379776,0.681909441947937,Initial Access,0.9906689524650574,1,0.608433734939759,Initial Access
2018-02-14 02:19:55,0.9911242723464966,0.6838803291320801,Initial Access,0.9910039901733398,1,0.7161290322580646,Initial Access
2018-02-14 02:20:00,0.9913176894187927,0.6854174137115479,Initial Access,0.9913318157196045,1,0.4806866952789699,Initial Access
2018-02-14 02:20:05,0.9912413954734802,0.6837811470031738,Initial Access,0.9912961721420288,1,0.3653250773993808,Initial Access
2018-02-14 02:20:10,0.9904859662055969,0.6775050759315491,Initial Access,0.9903278946876526,1,0.25,Initial Access
2018-02-14 02:20:15,0.9903444647789001,0.6764442920684814,Initial Access,0.9902456998825073,1,0.5851063829787234,Initial Access
2018-02-14 02:20:20,0.9902058243751526,0.6761722564697266,Initial Access,0.9900980591773987,1,0.6626506024096386,Initial Access
2018-02-14 02:20:25,0.9901285171508789,0.6753711104393005,Initial Access,0.9900124073028564,1,0.6405228758169934,Initial Access
2018-02-14 02:20:30,0.9898440837860107,0.6742902398109436,Initial Access,0.989810585975647,1,0.7032258064516129,Initial Access
2018-02-14 02:20:35,0.9897973537445068,0.6742917895317078,Initial Access,0.9899120926856995,1,0.6967741935483871,Initial Access
2018-02-14 02:20:40,0.9890795350074768,0.6704120635986328,Initial Access,0.9892927408218384,1,0.6303030303030303,Initial Access
2018-02-14 02:20:45,0.9890783429145813,0.670857310295105,Initial Access,0.9894456267356873,1,0.7152317880794702,Initial Access
2018-02-14 02:20:50,0.9893142580986023,0.6730645895004272,Initial Access,0.9898238778114319,1,0.7709923664122137,Initial Access
2018-02-14 02:20:55,0.9890642166137695,0.6721381545066833,Initial Access,0.9896959066390991,1,0.6829268292682927,Initial Access
2018-02-14 02:21:00,0.9889634251594543,0.6706461906433105,Initial Access,0.9895648956298828,1,0.5253456221198156,Initial Access
2018-02-14 02:21:05,0.9886550307273865,0.6697684526443481,Initial Access,0.9891414642333984,1,0.5126903553299492,Initial Access
2018-02-14 02:21:10,0.9884175062179565,0.66930091381073,Initial Access,0.9889705181121826,1,0.345679012345679,Initial Access
2018-02-14 02:21:15,0.9883790612220764,0.6671280860900879,Initial Access,0.9889121055603027,1,0.2010676156583629,Initial Access
2018-02-14 02:21:20,0.98920077085495,0.6668826341629028,Initial Access,0.9896605014801025,1,0.2639225181598063,Initial Access
2018-02-14 02:21:25,0.9894270896911621,0.6652539372444153,Initial Access,0.9897528886795044,1,0.3478260869565217,Initial Access
2018-02-14 02:21:30,0.9891483783721924,0.6619919538497925,Initial Access,0.9894715547561646,1,0.5024630541871922,Initial Access
2018-02-14 02:21:35,0.988919198513031,0.6593341827392578,Initial Access,0.989083468914032,1,0.2704081632653061,Initial Access
2018-02-14 02:21:40,0.9882450103759766,0.6542030572891235,Initial Access,0.9884267449378967,1,0.4522821576763485,Initial Access
2018-02-14 02:21:45,0.9881223440170288,0.6532638072967529,Initial Access,0.9881253242492676,1,0.732484076433121,Initial Access
2018-02-14 02:21:50,0.98848956823349,0.6578340530395508,Initial Access,0.9885459542274475,1,0.6130952380952381,Initial Access
2018-02-14 02:21:55,0.9888302683830261,0.6613995432853699,Initial Access,0.988853931427002,1,0.5678391959798995,Initial Access
2018-02-14 02:22:00,0.9887840747833252,0.6621646285057068,Initial Access,0.9887439012527466,1,0.5567010309278351,Initial Access
2018-02-14 02:22:05,0.9893236756324768,0.6662124395370483,Initial Access,0.9892611503601074,1,0.5786516853932584,Initial Access
2018-02-14 02:22:10,0.9896625876426697,0.6694976091384888,Initial Access,0.9896167516708374,1,0.5876288659793815,Initial Access
2018-02-14 02:22:15,0.9899415969848633,0.67242431640625,Initial Access,0.9898712038993835,1,0.3551401869158878,Initial Access
2018-02-14 02:22:20,0.9905481934547424,0.6737427115440369,Initial Access,0.9905275106430054,1,0.6518987341772152,Initial Access
2018-02-14 02:22:25,0.9907700419425964,0.6772079467773438,Initial Access,0.9907219409942627,1,0.4890829694323144,Initial Access
2018-02-14 02:22:30,0.9904637336730957,0.67662113904953,Initial Access,0.9903780221939087,1,0.5737704918032787,Initial Access
2018-02-14 02:22:35,0.9905471205711365,0.6785815954208374,Initial Access,0.9903764128684998,1,0.5966850828729282,Initial Access
2018-02-14 02:22:40,0.990924060344696,0.6822320818901062,Initial Access,0.9907982349395752,1,0.7062937062937062,Initial Access
2018-02-14 02:22:45,0.9913963079452515,0.6858499646186829,Initial Access,0.9914364218711853,1,0.7108433734939759,Initial Access
2018-02-14 02:22:50,0.9915987253189087,0.6876879930496216,Initial Access,0.9917457699775696,1,0.7254901960784313,Initial Access
2018-02-14 02:22:55,0.9917329549789429,0.6897958517074585,Initial Access,0.9920275807380676,1,0.6688741721854304,Initial Access
2018-02-14 02:23:00,0.9915196299552917,0.6891664266586304,Initial Access,0.9918089509010315,1,0.6153846153846154,Initial Access
2018-02-14 02:23:05,0.9914018511772156,0.6901590824127197,Initial Access,0.9917221665382385,1,0.5396039603960396,Initial Access
2018-02-14 02:23:10,0.9914634823799133,0.6915857791900635,Initial Access,0.9917280673980713,1,0.4705882352941176,Initial Access
2018-02-14 02:23:15,0.991296112537384,0.6916335225105286,Initial Access,0.9914775490760803,1,0.3177842565597668,Initial Access
2018-02-14 02:23:20,0.9911865592002869,0.6905533075332642,Initial Access,0.9913186430931091,1,0.5698924731182796,Initial Access
2018-02-14 02:23:25,0.9905142188072205,0.6875340938568115,Initial Access,0.9906551241874695,1,0.6686046511627907,Initial Access
2018-02-14 02:23:30,0.9896047711372375,0.6794434785842896,Initial Access,0.9897446036338806,1,0.5988372093023255,Initial Access
2018-02-14 02:23:35,0.9889297485351562,0.6768460273742676,Initial Access,0.9890314936637878,1,0.5707070707070707,Initial Access
2018-02-14 02:23:40,0.9885590672492981,0.6746573448181152,Initial Access,0.9887725710868835,1,0.6284153005464481,Initial Access
2018-02-14 02:23:45,0.988557755947113,0.6751598715782166,Initial Access,0.9887282848358154,1,0.6022727272727273,Initial Access
2018-02-14 02:23:50,0.98875492811203,0.6760948896408081,Initial Access,0.9890106320381165,1,0.650887573964497,Initial Access
2018-02-14 02:23:55,0.9890714287757874,0.6784365177154541,Initial Access,0.9892907738685608,1,0.6069364161849711,Initial Access
2018-02-14 02:24:00,0.9896726608276367,0.6825281381607056,Initial Access,0.9899792671203613,1,0.5194174757281553,Initial Access
2018-02-14 02:24:05,0.99025958776474,0.6838541030883789,Initial Access,0.9906242489814758,1,0.3066298342541436,Initial Access
2018-02-14 02:24:10,0.9907692074775696,0.6839742064476013,Initial Access,0.9911410808563232,1,0.3645484949832775,Initial Access
2018-02-14 02:24:15,0.9911600947380066,0.6854268312454224,Initial Access,0.9911487102508545,1,0.5483870967741935,Initial Access
2018-02-14 02:24:20,0.9911822080612183,0.6878277063369751,Initial Access,0.9910849928855896,1,0.7266666666666667,Initial Access
2018-02-14 02:24:25,0.9913176894187927,0.6887205839157104,Initial Access,0.9913032054901123,1,0.66875,Initial Access
2018-02-14 02:24:30,0.9909953474998474,0.6875952482223511,Initial Access,0.9909617304801941,1,0.6111111111111112,Initial Access
2018-02-14 02:24:35,0.9906890988349915,0.6871393918991089,Initial Access,0.9906490445137024,1,0.7534246575342466,Initial Access
2018-02-14 02:24:40,0.9913848638534546,0.6904691457748413,Initial Access,0.9913957715034485,1,0.7578125,Initial Access
2018-02-14 02:24:45,0.9919387102127075,0.691908597946167,Initial Access,0.992007851600647,1,0.7902097902097902,Initial Access
2018-02-14 02:24:50,0.9921237230300903,0.6928002834320068,Initial Access,0.9922868013381958,1,0.7709923664122137,Initial Access
2018-02-14 02:24:55,0.9922584295272827,0.6940960884094238,Initial Access,0.9925078749656677,1,0.8283582089552238,Initial Access
2018-02-14 02:25:00,0.9926121830940247,0.6955890655517578,Initial Access,0.992975115776062,1,0.5473684210526316,Initial Access
2018-02-14 02:25:05,0.992887020111084,0.694678544998169,Initial Access,0.9932843446731567,1,0.334375,Initial Access
2018-02-14 02:25:10,0.9932146668434143,0.6951332092285156,Initial Access,0.9934644103050232,1,0.2297297297297297,Initial Access
2018-02-14 02:25:15,0.9934266805648804,0.6953732371330261,Initial Access,0.9935593605041504,1,0.5445026178010471,Initial Access
2018-02-14 02:25:20,0.9932765960693359,0.6971158981323242,Initial Access,0.9934230446815491,1,0.6748466257668712,Initial Access
2018-02-14 02:25:25,0.9932072758674622,0.6972808837890625,Initial Access,0.9933412671089172,1,0.6917808219178082,Initial Access
2018-02-14 02:25:30,0.9930862784385681,0.6954841613769531,Initial Access,0.9932928085327148,1,0.8345323741007195,Initial Access
2018-02-14 02:25:35,0.9928840398788452,0.695304274559021,Initial Access,0.9930667877197266,1,0.7225806451612903,Initial Access
2018-02-14 02:25:40,0.9926895499229431,0.6943495869636536,Initial Access,0.9929437041282654,1,0.676829268292683,Initial Access
2018-02-14 02:25:45,0.9925670027732849,0.6943964958190918,Initial Access,0.992874026298523,1,0.7551020408163265,Initial Access
2018-02-14 02:25:50,0.9925738573074341,0.6945481300354004,Initial Access,0.992885172367096,1,0.782608695652174,Initial Access
2018-02-14 02:25:55,0.9926164150238037,0.6943321228027344,Initial Access,0.992985188961029,1,0.8582677165354331,Initial Access
2018-02-14 02:26:00,0.9929300546646118,0.6949809789657593,Initial Access,0.9933473467826843,1,0.5895953757225434,Initial Access
2018-02-14 02:26:05,0.9930139183998108,0.6953045129776001,Initial Access,0.993416428565979,1,0.5792349726775956,Initial Access
2018-02-14 02:26:10,0.9930247664451599,0.6958488821983337,Initial Access,0.9934282898902893,1,0.7278481012658228,Initial Access
2018-02-14 02:26:15,0.9931597709655762,0.6971553564071655,Initial Access,0.993499755859375,1,0.481651376146789,Initial Access
2018-02-14 02:26:20,0.9931490421295166,0.6952379941940308,Initial Access,0.9936220049858093,1,0.4222222222222222,Initial Access
2018-02-14 02:26:25,0.9929892420768738,0.693314790725708,Initial Access,0.9934391379356384,1,0.3104395604395604,Initial Access
2018-02-14 02:26:30,0.9926736950874329,0.6915503740310669,Initial Access,0.9931423664093018,1,0.6477987421383647,Initial Access
2018-02-14 02:26:35,0.9924653172492981,0.6918412446975708,Initial Access,0.9927781224250793,1,0.7465753424657534,Initial Access
2018-02-14 02:26:40,0.9922071099281311,0.6900619268417358,Initial Access,0.9924935102462769,1,0.7862068965517242,Initial Access
2018-02-14 02:26:45,0.9924088716506958,0.6918851137161255,Initial Access,0.9927108287811279,1,0.7285714285714285,Initial Access
2018-02-14 02:26:50,0.9921960830688477,0.6905924081802368,Initial Access,0.9925576448440552,1,0.7171052631578947,Initial Access
2018-02-14 02:26:55,0.9920431971549988,0.6907307505607605,Initial Access,0.9924731254577637,1,0.7044025157232704,Initial Access
2018-02-14 02:27:00,0.992317795753479,0.6925874948501587,Initial Access,0.9927132725715637,1,0.5353535353535354,Initial Access
2018-02-14 02:27:05,0.992213249206543,0.6915863752365112,Initial Access,0.9924473762512207,1,0.5,Initial Access
2018-02-14 02:27:10,0.9923961162567139,0.6935429573059082,Initial Access,0.9926203489303589,1,0.7659574468085106,Initial Access
2018-02-14 02:27:15,0.992742121219635,0.6958239078521729,Initial Access,0.9929197430610657,1,0.7328767123287672,Initial Access
2018-02-14 02:27:20,0.9928328990936279,0.695846438407898,Initial Access,0.9931136965751648,1,0.7189542483660131,Initial Access
2018-02-14 02:27:25,0.9929296970367432,0.6964359283447266,Initial Access,0.9932336211204529,1,0.6607142857142857,Initial Access
2018-02-14 02:27:30,0.9931032061576843,0.6967039108276367,Initial Access,0.9934535026550293,1,0.7337662337662337,Initial Access
2018-02-14 02:27:35,0.9932329654693604,0.6982622146606445,Initial Access,0.993524432182312,1,0.7588652482269503,Initial Access
2018-02-14 02:27:40,0.9932171702384949,0.698191225528717,Initial Access,0.9935616254806519,1,0.8442622950819673,Initial Access
2018-02-14 02:27:45,0.9931987524032593,0.6989814043045044,Initial Access,0.9935793876647949,1,0.7956204379562044,Initial Access
2018-02-14 02:27:50,0.9932035803794861,0.6988726854324341,Initial Access,0.9936342239379883,1,0.7602739726027398,Initial Access
2018-02-14 02:27:55,0.9932079911231995,0.6986834406852722,Initial Access,0.9935548901557922,1,0.3932584269662921,Initial Access
2018-02-14 02:28:00,0.9930514693260193,0.697933554649353,Initial Access,0.9933333992958069,1,0.3575949367088608,Initial Access
2018-02-14 02:28:05,0.9926568865776062,0.69605553150177,Initial Access,0.992817759513855,1,0.592814371257485,Initial Access
2018-02-14 02:28:10,0.9921370148658752,0.6942664384841919,Initial Access,0.9922123551368713,1,0.7142857142857143,Initial Access
2018-02-14 02:28:15,0.9922171831130981,0.6957840919494629,Initial Access,0.9922910332679749,1,0.6127167630057804,Initial Access
2018-02-14 02:28:20,0.9921735525131226,0.6947840452194214,Initial Access,0.9922327995300293,1,0.631578947368421,Initial Access
2018-02-14 02:28:25,0.9920533895492554,0.6936332583427429,Initial Access,0.9921344518661499,1,0.6347305389221557,Initial Access
2018-02-14 02:28:30,0.991955578327179,0.6930466294288635,Initial Access,0.991971492767334,1,0.7018633540372671,Initial Access
2018-02-14 02:28:35,0.9917673468589783,0.6923974752426147,Initial Access,0.9918752312660217,1,0.668918918918919,Initial Access
2018-02-14 02:28:40,0.9914222359657288,0.6898192167282104,Initial Access,0.9915997982025146,1,0.8153846153846154,Initial Access
2018-02-14 02:28:45,0.9913773536682129,0.6882193088531494,Initial Access,0.9915868043899536,1,0.7125,Initial Access
2018-02-14 02:28:50,0.990951418876648,0.685506284236908,Initial Access,0.9911910891532898,1,0.7681159420289855,Initial Access
2018-02-14 02:28:55,0.9899972677230835,0.6813664436340332,Initial Access,0.9903963804244995,1,0.7483443708609272,Initial Access
2018-02-14 02:29:00,0.9896611571311951,0.678706169128418,Initial Access,0.9901784658432007,1,0.7222222222222222,Initial Access
2018-02-14 02:29:05,0.9896681308746338,0.6782081127166748,Initial Access,0.9902071356773376,1,0.4925373134328358,Initial Access
2018-02-14 02:29:10,0.9900062084197998,0.6797337532043457,Initial Access,0.9905374646186829,1,0.6111111111111112,Initial Access
2018-02-14 02:29:15,0.9898908734321594,0.6793031692504883,Initial Access,0.9901697039604187,1,0.5958549222797928,Initial Access
2018-02-14 02:29:20,0.9897799491882324,0.6799358129501343,Initial Access,0.9899523854255676,1,0.6842105263157895,Initial Access
2018-02-14 02:29:25,0.9898715615272522,0.6816291809082031,Initial Access,0.9901162981987,1,0.7714285714285715,Initial Access
2018-02-14 02:29:30,0.98972487449646,0.6795501708984375,Initial Access,0.9899800419807434,1,0.6981132075471698,Initial Access
2018-02-14 02:29:35,0.9898123145103455,0.6807149052619934,Initial Access,0.9900089502334595,1,0.704225352112676,Initial Access
2018-02-14 02:29:40,0.9896519780158997,0.6803839206695557,Initial Access,0.9899056553840637,1,0.7857142857142857,Initial Access
2018-02-14 02:29:45,0.9892314076423645,0.677659273147583,Initial Access,0.989546000957489,1,0.6538461538461539,Initial Access
2018-02-14 02:29:50,0.9886441826820374,0.6752690672874451,Initial Access,0.9890544414520264,1,0.7534246575342466,Initial Access
2018-02-14 02:29:55,0.9879103302955627,0.6706746816635132,Initial Access,0.9883190393447876,1,0.6549707602339181,Initial Access
2018-02-14 02:30:00,0.9868619441986084,0.665745198726654,Initial Access,0.9873040318489075,1,0.3272727272727272,Initial Access
2018-02-14 02:30:05,0.9864262938499451,0.6633720397949219,Initial Access,0.9870454668998718,1,0.3281733746130031,Initial Access
2018-02-14 02:30:10,0.9860358834266663,0.6597696542739868,Initial Access,0.9864765405654907,1,0.3044692737430167,Initial Access
2018-02-14 02:30:15,0.985588550567627,0.6571911573410034,Initial Access,0.985713005065918,1,0.3123209169054441,Initial Access
2018-02-14 02:30:20,0.9837561845779419,0.6530560851097107,Initial Access,0.9840463995933533,1,0.533678756476684,Initial Access
2018-02-14 02:30:25,0.9819299578666687,0.6462026834487915,Initial Access,0.9820820689201355,1,0.4571428571428571,Initial Access
2018-02-14 02:30:30,0.9809874892234802,0.6427295207977295,Initial Access,0.9812910556793213,1,0.34375,Initial Access
2018-02-14 02:30:35,0.9790124893188477,0.6363404989242554,Initial Access,0.9793969392776489,1,0.5048543689320388,Initial Access
2018-02-14 02:30:40,0.9782875180244446,0.6332355737686157,Initial Access,0.9784100651741028,1,0.5429864253393665,Initial Access
2018-02-14 02:30:45,0.9788021445274353,0.6343082189559937,Initial Access,0.9788932204246521,1,0.6746987951807228,Initial Access
2018-02-14 02:30:50,0.9789749383926392,0.6352750062942505,Initial Access,0.979080855846405,1,0.6832298136645962,Initial Access
2018-02-14 02:30:55,0.9803569912910461,0.6406590938568115,Initial Access,0.9802944660186768,1,0.7464788732394366,Initial Access
2018-02-14 02:31:00,0.9808229207992554,0.6415427923202515,Initial Access,0.9809829592704773,1,0.7724137931034483,Initial Access
2018-02-14 02:31:05,0.9810943603515625,0.6420493125915527,Initial Access,0.9813574552536011,1,0.6123595505617978,Initial Access
2018-02-14 02:31:10,0.9809140563011169,0.6403135061264038,Initial Access,0.9813960194587708,1,0.7555555555555555,Initial Access
2018-02-14 02:31:15,0.9783497452735901,0.6363533139228821,Initial Access,0.9791961312294006,1,0.5346534653465347,Initial Access
2018-02-14 02:31:20,0.9752310514450073,0.633252739906311,Initial Access,0.9767955541610718,1,0.4072727272727273,Initial Access
2018-02-14 02:31:25,0.9762741327285767,0.6349066495895386,Initial Access,0.9777138829231262,1,0.4377682403433476,Initial Access
2018-02-14 02:31:30,0.9786474108695984,0.6359715461730957,Initial Access,0.9795050024986267,1,0.5631578947368421,Initial Access
2018-02-14 02:31:35,0.9809718132019043,0.6429698467254639,Initial Access,0.9813219308853149,1,0.6946107784431138,Initial Access
2018-02-14 02:31:40,0.9836871027946472,0.6511188745498657,Initial Access,0.9838067293167114,1,0.6580645161290323,Initial Access
2018-02-14 02:31:45,0.9858521223068237,0.6584556102752686,Initial Access,0.9859386086463928,1,0.7971014492753623,Initial Access
2018-02-14 02:31:50,0.987372636795044,0.6634668111801147,Initial Access,0.9876270890235901,1,0.7553956834532374,Initial Access
2018-02-14 02:31:55,0.9883665442466736,0.6679444313049316,Initial Access,0.9886886477470398,1,0.6951219512195121,Initial Access
2018-02-14 02:32:00,0.9894777536392212,0.6733137369155884,Initial Access,0.9898731708526611,1,0.6497175141242938,Initial Access
2018-02-14 02:32:05,0.9897698760032654,0.6757228374481201,Initial Access,0.9901599287986755,1,0.6306818181818182,Initial Access
2018-02-14 02:32:10,0.990058958530426,0.6784275770187378,Initial Access,0.9904220104217529,1,0.6710526315789473,Initial Access
2018-02-14 02:32:15,0.9895786046981812,0.6758307218551636,Initial Access,0.9899129867553711,1,0.585635359116022,Initial Access
2018-02-14 02:32:20,0.9890170097351074,0.6733464598655701,Initial Access,0.9895265102386475,1,0.6198830409356725,Initial Access
2018-02-14 02:32:25,0.9889155626296997,0.672148585319519,Initial Access,0.9893302321434021,1,0.5169082125603864,Initial Access
2018-02-14 02:32:30,0.9888306260108948,0.67223060131073,Initial Access,0.9890807867050171,1,0.3475409836065574,Initial Access
2018-02-14 02:32:35,0.9889827370643616,0.6707532405853271,Initial Access,0.9891703724861145,1,0.3373860182370821,Initial Access
2018-02-14 02:32:40,0.9895042181015015,0.6741815209388733,Initial Access,0.9897329211235046,1,0.5604395604395604,Initial Access
2018-02-14 02:32:45,0.9892667531967163,0.674512505531311,Initial Access,0.9895357489585876,1,0.71875,Initial Access
2018-02-14 02:32:50,0.9896467924118042,0.6767141819000244,Initial Access,0.9899240136146545,1,0.7586206896551724,Initial Access
2018-02-14 02:32:55,0.9895966053009033,0.6756427884101868,Initial Access,0.9899100661277771,1,0.5611111111111111,Initial Access
2018-02-14 02:33:00,0.9898259043693542,0.6766135692596436,Initial Access,0.9900687336921692,1,0.5603864734299517,Initial Access
2018-02-14 02:33:05,0.9904345870018005,0.6795732378959656,Initial Access,0.9905804991722107,1,0.4065934065934066,Initial Access
2018-02-14 02:33:10,0.9911553263664246,0.6845748424530029,Initial Access,0.9913582801818848,1,0.6341463414634146,Initial Access
2018-02-14 02:33:15,0.9915458559989929,0.6875154972076416,Initial Access,0.9917259216308594,1,0.6086956521739131,Initial Access
2018-02-14 02:33:20,0.9918094873428345,0.6883565187454224,Initial Access,0.9920399188995361,1,0.5668449197860963,Initial Access
2018-02-14 02:33:25,0.9921551942825317,0.690312922000885,Initial Access,0.9922905564308167,1,0.5860215053763441,Initial Access
2018-02-14 02:33:30,0.9923639297485352,0.6921324729919434,Initial Access,0.9924988150596619,1,0.6645569620253164,Initial Access
2018-02-14 02:33:35,0.9928407669067383,0.6935800909996033,Initial Access,0.9930017590522766,1,0.6894409937888198,Initial Access
2018-02-14 02:33:40,0.9930135607719421,0.6952200531959534,Initial Access,0.9931544065475464,1,0.676829268292683,Initial Access
2018-02-14 02:33:45,0.9931652545928955,0.6966906189918518,Initial Access,0.9933757185935974,1,0.7851851851851852,Initial Access
2018-02-14 02:33:50,0.9931731224060059,0.6983069777488708,Initial Access,0.9934543371200562,1,0.6942675159235668,Initial Access
2018-02-14 02:33:55,0.9933198094367981,0.6996569633483887,Initial Access,0.9936429262161255,1,0.8156028368794326,Initial Access
2018-02-14 02:34:00,0.9933182597160339,0.6999813318252563,Initial Access,0.9936595559120178,1,0.7191780821917808,Initial Access
2018-02-14 02:34:05,0.993187665939331,0.6992440223693848,Initial Access,0.9935842156410217,1,0.7579617834394905,Initial Access
2018-02-14 02:34:10,0.9930588006973267,0.6988708972930908,Initial Access,0.9934764504432678,1,0.7083333333333334,Initial Access
2018-02-14 02:34:15,0.9930077195167542,0.6989384889602661,Initial Access,0.99339359998703,1,0.5186915887850467,Initial Access
2018-02-14 02:34:20,0.992997944355011,0.698635458946228,Initial Access,0.9933428168296814,1,0.6645161290322581,Initial Access
2018-02-14 02:34:25,0.9929723739624023,0.6991562247276306,Initial Access,0.993293046951294,1,0.7290322580645161,Initial Access
2018-02-14 02:34:30,0.9929159283638,0.6983776092529297,Initial Access,0.9932872653007507,1,0.7272727272727273,Initial Access
2018-02-14 02:34:35,0.9929450154304504,0.6983966827392578,Initial Access,0.9933409094810486,1,0.7278911564625851,Initial Access
2018-02-14 02:34:40,0.9928781390190125,0.696914553642273,Initial Access,0.9933063387870789,1,0.7320261437908496,Initial Access
2018-02-14 02:34:45,0.9929960370063782,0.6969081163406372,Initial Access,0.9934254884719849,1,0.7285714285714285,Initial Access
2018-02-14 02:34:50,0.9930091500282288,0.6968990564346313,Initial Access,0.9934551119804382,1,0.7985074626865671,Initial Access
2018-02-14 02:34:55,0.9930256605148315,0.6964229345321655,Initial Access,0.9934722185134888,1,0.7152317880794702,Initial Access
2018-02-14 02:35:00,0.9932634234428406,0.6968353986740112,Initial Access,0.993722140789032,1,0.7835820895522388,Initial Access
2018-02-14 02:35:05,0.9933587908744812,0.6975470781326294,Initial Access,0.9938442707061768,1,0.3705035971223021,Initial Access
2018-02-14 02:35:10,0.9931525588035583,0.6961047053337097,Initial Access,0.9937036633491516,1,0.6845238095238095,Initial Access
2018-02-14 02:35:15,0.9934486150741577,0.6991173624992371,Initial Access,0.9939367175102234,1,0.5051020408163265,Initial Access
2018-02-14 02:35:20,0.9933565258979797,0.6974560022354126,Initial Access,0.9938772320747375,1,0.6545454545454545,Initial Access
2018-02-14 02:35:25,0.9934588670730591,0.6980911493301392,Initial Access,0.9938324689865112,1,0.4878048780487805,Initial Access
2018-02-14 02:35:30,0.9932606220245361,0.695955216884613,Initial Access,0.9935420751571655,1,0.6987179487179487,Initial Access
2018-02-14 02:35:35,0.9934059977531433,0.6992371082305908,Initial Access,0.993695080280304,1,0.704225352112676,Initial Access
2018-02-14 02:35:40,0.9935335516929626,0.6995060443878174,Initial Access,0.9938638210296631,1,0.7449664429530202,Initial Access
2018-02-14 02:35:45,0.993492066860199,0.700069785118103,Initial Access,0.99381422996521,1,0.795774647887324,Initial Access
2018-02-14 02:35:50,0.993385910987854,0.6999366283416748,Initial Access,0.9937630295753479,1,0.8387096774193549,Initial Access
2018-02-14 02:35:55,0.993264377117157,0.6995874643325806,Initial Access,0.9936742782592773,1,0.7307692307692307,Initial Access
2018-02-14 02:36:00,0.9934173822402954,0.6995447874069214,Initial Access,0.9937866926193237,1,0.7446808510638298,Initial Access
2018-02-14 02:36:05,0.9933810830116272,0.6999616026878357,Initial Access,0.9938062429428101,1,0.7483443708609272,Initial Access
2018-02-14 02:36:10,0.9933174252510071,0.7001118659973145,Initial Access,0.9937615990638733,1,0.7898550724637681,Initial Access
2018-02-14 02:36:15,0.993503212928772,0.7009648084640503,Initial Access,0.9939729571342468,1,0.65,Initial Access
2018-02-14 02:36:20,0.9935252666473389,0.7011244893074036,Initial Access,0.9940245747566223,1,0.7432432432432432,Initial Access
2018-02-14 02:36:25,0.9935033917427063,0.7014540433883667,Initial Access,0.993988037109375,1,0.6625766871165644,Initial Access
2018-02-14 02:36:30,0.9934361577033997,0.7013695240020752,Initial Access,0.9939473867416382,1,0.7037037037037037,Initial Access
2018-02-14 02:36:35,0.9933828115463257,0.7012010812759399,Initial Access,0.9938830137252808,1,0.7443609022556391,Initial Access
2018-02-14 02:36:40,0.9931220412254333,0.7006031274795532,Initial Access,0.9936593174934387,1,0.7012195121951219,Initial Access
2018-02-14 02:36:45,0.992964506149292,0.7000457048416138,Initial Access,0.9935131669044495,1,0.6912751677852349,Initial Access
2018-02-14 02:36:50,0.9927185773849487,0.6993042826652527,Initial Access,0.9932782053947449,1,0.7535211267605634,Initial Access
2018-02-14 02:36:55,0.9927313923835754,0.6986199021339417,Initial Access,0.9933032393455505,1,0.5165876777251185,Initial Access
2018-02-14 02:37:00,0.9926760792732239,0.6956180930137634,Initial Access,0.9932532906532288,1,0.7297297297297297,Initial Access
2018-02-14 02:37:05,0.9928489923477173,0.69800865650177,Initial Access,0.9933416247367859,1,0.74,Initial Access
2018-02-14 02:37:10,0.9927783608436584,0.6979736089706421,Initial Access,0.9933189153671265,1,0.7445255474452555,Initial Access
2018-02-14 02:37:15,0.9927284717559814,0.6980398297309875,Initial Access,0.9933100938796997,1,0.631578947368421,Initial Access
2018-02-14 02:37:20,0.9926813244819641,0.6975216865539551,Initial Access,0.9933189153671265,1,0.7483443708609272,Initial Access
2018-02-14 02:37:25,0.9924384355545044,0.6965048313140869,Initial Access,0.9930983185768127,1,0.68,Initial Access
2018-02-14 02:37:30,0.9925593137741089,0.696929395198822,Initial Access,0.9931886196136475,1,0.7171052631578947,Initial Access
2018-02-14 02:37:35,0.9927205443382263,0.6977217793464661,Initial Access,0.9933297038078308,1,0.7122302158273381,Initial Access
2018-02-14 02:37:40,0.9927128553390503,0.6978157758712769,Initial Access,0.9933526515960693,1,0.8428571428571429,Initial Access
2018-02-14 02:37:45,0.9928658604621887,0.6984884142875671,Initial Access,0.9934921860694885,1,0.7114093959731543,Initial Access
2018-02-14 02:37:50,0.9929138422012329,0.6987202167510986,Initial Access,0.9935478568077087,1,0.8188976377952756,Initial Access
2018-02-14 02:37:55,0.9928391575813293,0.6988692283630371,Initial Access,0.9934960603713989,1,0.6117021276595744,Initial Access
2018-02-14 02:38:00,0.9928784370422363,0.698737621307373,Initial Access,0.993516206741333,1,0.5585106382978723,Initial Access
2018-02-14 02:38:05,0.9930499196052551,0.6990931630134583,Initial Access,0.9937167763710022,1,0.416030534351145,Initial Access
2018-02-14 02:38:10,0.9932651519775391,0.6982066631317139,Initial Access,0.9937108755111694,1,0.3618421052631579,Initial Access
2018-02-14 02:38:15,0.9933711290359497,0.6985746622085571,Initial Access,0.993846595287323,1,0.5454545454545454,Initial Access
2018-02-14 02:38:20,0.9934574365615845,0.7006868124008179,Initial Access,0.993861198425293,1,0.74,Initial Access
2018-02-14 02:38:25,0.9934816360473633,0.7016550302505493,Initial Access,0.9939119815826416,1,0.7676056338028169,Initial Access
2018-02-14 02:38:30,0.9933380484580994,0.7011210918426514,Initial Access,0.993770182132721,1,0.7112676056338029,Initial Access
2018-02-14 02:38:35,0.9931175112724304,0.7006572484970093,Initial Access,0.9936093091964722,1,0.732484076433121,Initial Access
2018-02-14 02:38:40,0.9930955171585083,0.7004269361495972,Initial Access,0.993583619594574,1,0.7686567164179104,Initial Access
2018-02-14 02:38:45,0.9929702877998352,0.7003652453422546,Initial Access,0.9934921860694885,1,0.7337662337662337,Initial Access
2018-02-14 02:38:50,0.9929627180099487,0.6997552514076233,Initial Access,0.9935175180435181,1,0.732484076433121,Initial Access
2018-02-14 02:38:55,0.9929355978965759,0.6993926763534546,Initial Access,0.993480920791626,1,0.625,Initial Access
2018-02-14 02:39:00,0.9931526184082031,0.7000971436500549,Initial Access,0.9936792254447937,1,0.5614973262032086,Initial Access
2018-02-14 02:39:05,0.9933708310127258,0.7021102905273438,Initial Access,0.9938974976539612,1,0.6855345911949685,Initial Access
2018-02-14 02:39:10,0.9934250712394714,0.7030860185623169,Initial Access,0.9939420819282532,1,0.6407185628742516,Initial Access
2018-02-14 02:39:15,0.9933463335037231,0.7036595344543457,Initial Access,0.9939107894897461,1,0.6729559748427673,Initial Access
2018-02-14 02:39:20,0.9932776093482971,0.7036856412887573,Initial Access,0.9938940405845642,1,0.6545454545454545,Initial Access
2018-02-14 02:39:25,0.9932705163955688,0.7038027048110962,Initial Access,0.9938953518867493,1,0.6797385620915033,Initial Access
2018-02-14 02:39:30,0.9934064149856567,0.7039764523506165,Initial Access,0.9939987659454346,1,0.7261146496815286,Initial Access
2018-02-14 02:39:35,0.9935920834541321,0.7045568227767944,Initial Access,0.9941954016685486,1,0.7410071942446043,Initial Access
2018-02-14 02:39:40,0.993660569190979,0.705145001411438,Initial Access,0.9942718744277954,1,0.7832167832167832,Initial Access
2018-02-14 02:39:45,0.9937693476676941,0.7057463526725769,Initial Access,0.9943722486495972,1,0.676829268292683,Initial Access
2018-02-14 02:39:50,0.9938653707504272,0.7057737112045288,Initial Access,0.9944446682929993,1,0.7246376811594203,Initial Access
2018-02-14 02:39:55,0.993867814540863,0.7060984373092651,Initial Access,0.9944189786911011,1,0.7642857142857142,Initial Access
2018-02-14 02:40:00,0.9938715696334839,0.7062365412712097,Initial Access,0.994414210319519,1,0.7622377622377622,Initial Access
2018-02-14 02:40:05,0.9936734437942505,0.7054595947265625,Initial Access,0.9941938519477844,1,0.7096774193548387,Initial Access
2018-02-14 02:40:10,0.9935608506202698,0.7050004005432129,Initial Access,0.9941102862358093,1,0.6923076923076923,Initial Access
2018-02-14 02:40:15,0.9934951663017273,0.7051697969436646,Initial Access,0.9940352439880371,1,0.7051282051282052,Initial Access
2018-02-14 02:40:20,0.9933515191078186,0.7041913270950317,Initial Access,0.9939238429069519,1,0.8306451612903226,Initial Access
2018-02-14 02:40:25,0.9930900931358337,0.7033284902572632,Initial Access,0.9936991930007935,1,0.7207792207792207,Initial Access
2018-02-14 02:40:30,0.9930420517921448,0.7022473812103271,Initial Access,0.9936234354972839,1,0.5068493150684932,Initial Access
2018-02-14 02:40:35,0.9929440021514893,0.6996487975120544,Initial Access,0.9935285449028015,1,0.7878787878787878,Initial Access
2018-02-14 02:40:40,0.9928182363510132,0.699892520904541,Initial Access,0.9933742880821228,1,0.8473282442748091,Initial Access
2018-02-14 02:40:45,0.9928990006446838,0.6992061734199524,Initial Access,0.9934479594230652,1,0.8071428571428572,Initial Access
2018-02-14 02:40:50,0.9929409623146057,0.6989996433258057,Initial Access,0.9934850335121155,1,0.7956204379562044,Initial Access
2018-02-14 02:40:55,0.9928907155990601,0.6986144781112671,Initial Access,0.9934398531913757,1,0.7669172932330827,Initial Access
2018-02-14 02:41:00,0.9928781390190125,0.6985083818435669,Initial Access,0.9933607578277588,1,0.6726190476190477,Initial Access
2018-02-14 02:41:05,0.992863655090332,0.6973083019256592,Initial Access,0.9932739734649658,1,0.8666666666666667,Initial Access
2018-02-14 02:41:10,0.9928772449493408,0.6977478265762329,Initial Access,0.9933274984359741,1,0.8661417322834646,Initial Access
2018-02-14 02:41:15,0.9929601550102234,0.6975914239883423,Initial Access,0.9934602975845337,1,0.8106060606060606,Initial Access
2018-02-14 02:41:20,0.9930701851844788,0.6975743174552917,Initial Access,0.9935802221298218,1,0.8015267175572519,Initial Access
2018-02-14 02:41:25,0.9931526184082031,0.6976116895675659,Initial Access,0.9936696887016296,1,0.7284768211920529,Initial Access
2018-02-14 02:41:30,0.9932264089584351,0.6981606483459473,Initial Access,0.9937166571617126,1,0.7777777777777778,Initial Access
2018-02-14 02:41:35,0.9931643605232239,0.6983331441879272,Initial Access,0.9936931133270264,1,0.7916666666666666,Initial Access
2018-02-14 02:41:40,0.9931570887565613,0.6984238624572754,Initial Access,0.9936907291412354,1,0.7906976744186046,Initial Access
2018-02-14 02:41:45,0.9931589961051941,0.6986606121063232,Initial Access,0.9936825037002563,1,0.8682170542635659,Initial Access
2018-02-14 02:41:50,0.9932376742362976,0.6984102725982666,Initial Access,0.9937695860862732,1,0.7969924812030075,Initial Access
2018-02-14 02:41:55,0.9932149648666382,0.6977298259735107,Initial Access,0.9937540888786316,1,0.865546218487395,Initial Access
2018-02-14 02:42:00,0.9931212663650513,0.6971720457077026,Initial Access,0.9936589598655701,1,0.6590909090909091,Initial Access
2018-02-14 02:42:05,0.9931627511978149,0.6968199610710144,Initial Access,0.9936755299568176,1,0.4956521739130435,Initial Access
2018-02-14 02:42:10,0.9932295083999634,0.6969118118286133,Initial Access,0.9937160611152649,1,0.8604651162790697,Initial Access
2018-02-14 02:42:15,0.9933979511260986,0.6987542510032654,Initial Access,0.9938483834266663,1,0.7777777777777778,Initial Access
2018-02-14 02:42:20,0.9933463931083679,0.698285698890686,Initial Access,0.9938272833824158,1,0.8134328358208955,Initial Access
2018-02-14 02:42:25,0.9932588934898376,0.6979865431785583,Initial Access,0.9937815070152283,1,0.8015873015873016,Initial Access
2018-02-14 02:42:30,0.9931723475456238,0.6976008415222168,Initial Access,0.9936936497688293,1,0.8188405797101449,Initial Access
2018-02-14 02:42:35,0.9931529760360718,0.6976867914199829,Initial Access,0.9936941266059875,1,0.8111888111888111,Initial Access
2018-02-14 02:42:40,0.9929907917976379,0.6971301436424255,Initial Access,0.9935759902000427,1,0.7575757575757576,Initial Access
2018-02-14 02:42:45,0.9928094744682312,0.6965048909187317,Initial Access,0.9933973550796509,1,0.8257575757575758,Initial Access
2018-02-14 02:42:50,0.9927995800971985,0.695996105670929,Initial Access,0.9933806657791138,1,0.7985074626865671,Initial Access
2018-02-14 02:42:55,0.992800235748291,0.6956882476806641,Initial Access,0.9933720827102661,1,0.7608695652173914,Initial Access
2018-02-14 02:43:00,0.992788553237915,0.6961185932159424,Initial Access,0.9933632612228394,1,0.7483443708609272,Initial Access
2018-02-14 02:43:05,0.9928144216537476,0.6964760422706604,Initial Access,0.9934155941009521,1,0.8898305084745762,Initial Access
2018-02-14 02:43:10,0.9928125143051147,0.6967922449111938,Initial Access,0.9934173822402954,1,0.8062015503875969,Initial Access
2018-02-14 02:43:15,0.9929822087287903,0.6971092820167542,Initial Access,0.993586003780365,1,0.8156028368794326,Initial Access
2018-02-14 02:43:20,0.9931123852729797,0.6977092027664185,Initial Access,0.9937133193016052,1,0.7132352941176471,Initial Access
2018-02-14 02:43:25,0.9930047392845154,0.6974111795425415,Initial Access,0.9935890436172485,1,0.7602739726027398,Initial Access
2018-02-14 02:43:30,0.9932419061660767,0.6989132165908813,Initial Access,0.9937884211540222,1,0.5767195767195767,Initial Access
2018-02-14 02:43:35,0.9933708310127258,0.7002634406089783,Initial Access,0.9939093589782715,1,0.3938223938223938,Initial Access
2018-02-14 02:43:40,0.9934497475624084,0.6983182430267334,Initial Access,0.9940100908279419,1,0.2975871313672922,Initial Access
2018-02-14 02:43:45,0.993613600730896,0.6969053745269775,Initial Access,0.9940734505653381,1,0.349673202614379,Initial Access
2018-02-14 02:43:50,0.9934453964233398,0.6972391605377197,Initial Access,0.993895947933197,1,0.3021978021978022,Initial Access
2018-02-14 02:43:55,0.9931731224060059,0.6949243545532227,Initial Access,0.9936397671699524,1,0.2653562653562653,Initial Access
2018-02-14 02:44:00,0.9929850697517395,0.6934424638748169,Initial Access,0.993273138999939,1,0.4950980392156863,Initial Access
2018-02-14 02:44:05,0.992717981338501,0.6938120722770691,Initial Access,0.9929168224334717,1,0.6120218579234973,Initial Access
2018-02-14 02:44:10,0.9924933314323425,0.6926788091659546,Initial Access,0.9926624298095703,1,0.7746478873239436,Initial Access
2018-02-14 02:44:15,0.9920694828033447,0.68919837474823,Initial Access,0.9922466278076172,1,0.7246376811594203,Initial Access
2018-02-14 02:44:20,0.9914835095405579,0.6857896447181702,Initial Access,0.9917112588882446,1,0.7284768211920529,Initial Access
2018-02-14 02:44:25,0.9907422661781311,0.680156409740448,Initial Access,0.9910343289375305,1,0.7555555555555555,Initial Access
2018-02-14 02:44:30,0.989997148513794,0.6754525899887085,Initial Access,0.9902966618537903,1,0.7883211678832117,Initial Access
2018-02-14 02:44:35,0.9897116422653198,0.6714411973953247,Initial Access,0.9900769591331482,1,0.8013698630136986,Initial Access
2018-02-14 02:44:40,0.9895132780075073,0.6694077253341675,Initial Access,0.9899493455886841,1,0.4649122807017544,Initial Access
2018-02-14 02:44:45,0.9889324903488159,0.6653289794921875,Initial Access,0.9895346760749817,1,0.5854922279792746,Initial Access
2018-02-14 02:44:50,0.98757004737854,0.6573421955108643,Initial Access,0.9880971908569336,1,0.6891891891891891,Initial Access
2018-02-14 02:44:55,0.9853969812393188,0.6502264738082886,Initial Access,0.9861388802528381,1,0.6875,Initial Access
2018-02-14 02:45:00,0.9846085906028748,0.6486380100250244,Initial Access,0.9853126406669617,1,0.7466666666666667,Initial Access
2018-02-14 02:45:05,0.9844157099723816,0.6484044790267944,Initial Access,0.9850849509239197,1,0.7279411764705882,Initial Access
2018-02-14 02:45:10,0.9829413890838623,0.6449110507965088,Initial Access,0.9836762547492981,1,0.7769784172661871,Initial Access
2018-02-14 02:45:15,0.9850568175315857,0.6529806852340698,Initial Access,0.9857498407363892,1,0.6932515337423313,Initial Access
2018-02-14 02:45:20,0.986942708492279,0.6585250496864319,Initial Access,0.987608790397644,1,0.7352941176470589,Initial Access
2018-02-14 02:45:25,0.9882336854934692,0.6653919219970703,Initial Access,0.9889851808547974,1,0.8059701492537313,Initial Access
2018-02-14 02:45:30,0.9890594482421875,0.6694037914276123,Initial Access,0.989726722240448,1,0.7171052631578947,Initial Access
2018-02-14 02:45:35,0.9906896948814392,0.6790565252304077,Initial Access,0.9912097454071045,1,0.672514619883041,Initial Access
2018-02-14 02:45:40,0.9911778569221497,0.6844731569290161,Initial Access,0.9916815161705017,1,0.695364238410596,Initial Access
2018-02-14 02:45:45,0.9913368821144104,0.687274694442749,Initial Access,0.9917808175086975,1,0.5957446808510638,Initial Access
2018-02-14 02:45:50,0.99151611328125,0.6882326006889343,Initial Access,0.9918678402900696,1,0.6583850931677019,Initial Access
2018-02-14 02:45:55,0.9917470812797546,0.6909049153327942,Initial Access,0.9920058846473694,1,0.625,Initial Access
2018-02-14 02:46:00,0.9915985465049744,0.6881526708602905,Initial Access,0.9917834997177124,1,0.4674796747967479,Initial Access
2018-02-14 02:46:05,0.9918132424354553,0.6882491111755371,Initial Access,0.9920094013214111,1,0.3074626865671642,Initial Access
2018-02-14 02:46:10,0.9918654561042786,0.6864567995071411,Initial Access,0.992049515247345,1,0.8253968253968254,Initial Access
2018-02-14 02:46:15,0.9918921589851379,0.6880307793617249,Initial Access,0.9919853210449219,1,0.7066666666666667,Initial Access
2018-02-14 02:46:20,0.9918578267097473,0.6877883672714233,Initial Access,0.9919877052307129,1,0.7293233082706767,Initial Access
2018-02-14 02:46:25,0.9916433095932007,0.6867650747299194,Initial Access,0.9918652176856995,1,0.7364864864864865,Initial Access
2018-02-14 02:46:30,0.9918540120124817,0.6877747774124146,Initial Access,0.9920666217803955,1,0.6815286624203821,Initial Access
2018-02-14 02:46:35,0.9918394088745117,0.6865862011909485,Initial Access,0.9920734763145447,1,0.5900621118012422,Initial Access
2018-02-14 02:46:40,0.9914511442184448,0.6852318048477173,Initial Access,0.9916225075721741,1,0.7248322147651006,Initial Access
2018-02-14 02:46:45,0.9913883805274963,0.685045063495636,Initial Access,0.9915537238121033,1,0.7225806451612903,Initial Access
2018-02-14 02:46:50,0.9914575815200806,0.6863641738891602,Initial Access,0.9916508793830872,1,0.6598639455782312,Initial Access
2018-02-14 02:46:55,0.9909043312072754,0.6836403012275696,Initial Access,0.9911497831344604,1,0.7832167832167832,Initial Access
2018-02-14 02:47:00,0.9910473227500916,0.6853606700897217,Initial Access,0.9912900924682617,1,0.7872340425531915,Initial Access
2018-02-14 02:47:05,0.9910730123519897,0.6856177449226379,Initial Access,0.9914342164993286,1,0.8790322580645161,Initial Access
2018-02-14 02:47:10,0.9908888936042786,0.6852999329566956,Initial Access,0.9913281798362732,1,0.8244274809160306,Initial Access
2018-02-14 02:47:15,0.9911410212516785,0.6863348484039307,Initial Access,0.9916123151779175,1,0.8129496402877698,Initial Access
2018-02-14 02:47:20,0.9911419749259949,0.6866601705551147,Initial Access,0.9917015433311462,1,0.8225806451612904,Initial Access
2018-02-14 02:47:25,0.9911707043647766,0.6870793700218201,Initial Access,0.9917851686477661,1,0.8870967741935484,Initial Access
2018-02-14 02:47:30,0.9914366006851196,0.6879397630691528,Initial Access,0.9920587539672852,1,0.8120300751879699,Initial Access
2018-02-14 02:47:35,0.9916585683822632,0.6888091564178467,Initial Access,0.9922729730606079,1,0.9130434782608696,Initial Access
2018-02-14 02:47:40,0.9919854998588562,0.6914980411529541,Initial Access,0.9926106333732605,1,0.7635135135135135,Initial Access
2018-02-14 02:47:45,0.9921318888664246,0.6923474073410034,Initial Access,0.9926714897155762,1,0.7952755905511811,Initial Access
2018-02-14 02:47:50,0.9922638535499573,0.6936475038528442,Initial Access,0.9928520321846008,1,0.8682170542635659,Initial Access
2018-02-14 02:47:55,0.9923562407493591,0.6936929225921631,Initial Access,0.9929303526878357,1,0.8098591549295775,Initial Access
2018-02-14 02:48:00,0.9925799369812012,0.6952201128005981,Initial Access,0.993148148059845,1,0.63125,Initial Access
2018-02-14 02:48:05,0.9925118088722229,0.6955794095993042,Initial Access,0.9930116534233093,1,0.8222222222222222,Initial Access
2018-02-14 02:48:10,0.9926412105560303,0.6968680024147034,Initial Access,0.9931662678718567,1,0.8082191780821918,Initial Access
2018-02-14 02:48:15,0.9927618503570557,0.6982414722442627,Initial Access,0.9932825565338135,1,0.7482014388489209,Initial Access
2018-02-14 02:48:20,0.9929333925247192,0.6992394328117371,Initial Access,0.9934479594230652,1,0.7586206896551724,Initial Access
2018-02-14 02:48:25,0.992997407913208,0.6998795866966248,Initial Access,0.9935331344604492,1,0.7985611510791367,Initial Access
2018-02-14 02:48:30,0.9932854175567627,0.7008198499679565,Initial Access,0.9938073754310608,1,0.7803030303030303,Initial Access
2018-02-14 02:48:35,0.9934029579162598,0.7011172771453857,Initial Access,0.9939342141151428,1,0.4741379310344827,Initial Access
2018-02-14 02:48:40,0.9934927821159363,0.6993918418884277,Initial Access,0.9940590858459473,1,0.4684684684684684,Initial Access
2018-02-14 02:48:45,0.9935001730918884,0.6992449760437012,Initial Access,0.9940364360809326,1,0.8442622950819673,Initial Access
2018-02-14 02:48:50,0.9935926198959351,0.7003814578056335,Initial Access,0.9940748810768127,1,0.7337662337662337,Initial Access
2018-02-14 02:48:55,0.9936849474906921,0.7009150981903076,Initial Access,0.9941406846046448,1,0.4927536231884058,Initial Access
2018-02-14 02:49:00,0.993710994720459,0.7007970809936523,Initial Access,0.9940207600593567,1,0.3546325878594249,Initial Access
2018-02-14 02:49:05,0.9937202334403992,0.6989965438842773,Initial Access,0.9940333962440491,1,0.808,Initial Access
2018-02-14 02:49:10,0.9936972260475159,0.7014703750610352,Initial Access,0.9939805269241333,1,0.8134328358208955,Initial Access
2018-02-14 02:49:15,0.9937049746513367,0.7015146017074585,Initial Access,0.9940502047538757,1,0.7708333333333334,Initial Access
2018-02-14 02:49:20,0.9935928583145142,0.7011257410049438,Initial Access,0.9939979314804077,1,0.7299270072992701,Initial Access
2018-02-14 02:49:25,0.9934794306755066,0.7007943391799927,Initial Access,0.9938998222351074,1,0.856,Initial Access
2018-02-14 02:49:30,0.9935200214385986,0.7003207206726074,Initial Access,0.9939485788345337,1,0.7697841726618705,Initial Access
2018-02-14 02:49:35,0.9934031963348389,0.6990058422088623,Initial Access,0.9938388466835022,1,0.7074829931972789,Initial Access
2018-02-14 02:49:40,0.9932539463043213,0.69856858253479,Initial Access,0.9937011003494263,1,0.7602739726027398,Initial Access
2018-02-14 02:49:45,0.993121325969696,0.6979773044586182,Initial Access,0.9936181306838989,1,0.668918918918919,Initial Access
2018-02-14 02:49:50,0.9930962324142456,0.6977229118347168,Initial Access,0.9935709238052368,1,0.7769784172661871,Initial Access
2018-02-14 02:49:55,0.993024468421936,0.6968486309051514,Initial Access,0.9935185313224792,1,0.8142857142857143,Initial Access
2018-02-14 02:50:00,0.9930157661437988,0.6972178220748901,Initial Access,0.9935383200645447,1,0.6219512195121951,Initial Access
2018-02-14 02:50:05,0.9928353428840637,0.6971491575241089,Initial Access,0.9933981895446777,1,0.8057553956834532,Initial Access
2018-02-14 02:50:10,0.9926614761352539,0.6960514783859253,Initial Access,0.9932562112808228,1,0.6778523489932886,Initial Access
2018-02-14 02:50:15,0.9927732348442078,0.6970362663269043,Initial Access,0.9933984279632568,1,0.7096774193548387,Initial Access
2018-02-14 02:50:20,0.9929137229919434,0.6989668011665344,Initial Access,0.9935474991798401,1,0.6848484848484848,Initial Access
2018-02-14 02:50:25,0.9931384325027466,0.6998864412307739,Initial Access,0.9937523007392883,1,0.2783783783783783,Initial Access
2018-02-14 02:50:30,0.9926961660385132,0.695855438709259,Initial Access,0.9934207797050476,1,0.3333333333333333,Initial Access
2018-02-14 02:50:35,0.9924229979515076,0.6940561532974243,Initial Access,0.9930635094642639,1,0.632768361581921,Initial Access
2018-02-14 02:50:40,0.992535412311554,0.6958029270172119,Initial Access,0.9929763674736023,1,0.723404255319149,Initial Access
2018-02-14 02:50:45,0.9925035238265991,0.696293830871582,Initial Access,0.9929632544517517,1,0.7762237762237763,Initial Access
2018-02-14 02:50:50,0.9924229979515076,0.6956872940063477,Initial Access,0.9929265379905701,1,0.7518796992481203,Initial Access
2018-02-14 02:50:55,0.9919979572296143,0.6933947801589966,Initial Access,0.9925708174705505,1,0.7025316455696202,Initial Access
2018-02-14 02:51:00,0.9915903806686401,0.6901226043701172,Initial Access,0.9921194314956665,1,0.4748858447488584,Initial Access
2018-02-14 02:51:05,0.9909736514091492,0.6858996152877808,Initial Access,0.9916883111000061,1,0.5161290322580645,Initial Access
2018-02-14 02:51:10,0.9904718995094299,0.6825106143951416,Initial Access,0.9910864233970642,1,0.8235294117647058,Initial Access
2018-02-14 02:51:15,0.9904335141181946,0.6828655004501343,Initial Access,0.9909953474998474,1,0.695364238410596,Initial Access
2018-02-14 02:51:20,0.9899608492851257,0.6802217364311218,Initial Access,0.9906235337257385,1,0.7841726618705036,Initial Access
2018-02-14 02:51:25,0.989751398563385,0.6779299378395081,Initial Access,0.9904863238334656,1,0.4932735426008968,Initial Access
2018-02-14 02:51:30,0.9904656410217285,0.6780112981796265,Initial Access,0.991096019744873,1,0.3763837638376384,Initial Access
2018-02-14 02:51:35,0.9900976419448853,0.675261378288269,Initial Access,0.9904221296310425,1,0.509090909090909,Initial Access
2018-02-14 02:51:40,0.9896963834762573,0.6766015291213989,Initial Access,0.990116536617279,1,0.8120300751879699,Initial Access
2018-02-14 02:51:45,0.9899694323539734,0.6765433549880981,Initial Access,0.9903969764709473,1,0.7737226277372263,Initial Access
2018-02-14 02:51:50,0.9894302487373352,0.6730136275291443,Initial Access,0.9899723529815674,1,0.7051282051282052,Initial Access
2018-02-14 02:51:55,0.9891193509101868,0.6701787710189819,Initial Access,0.9897889494895935,1,0.8307692307692308,Initial Access
2018-02-14 02:52:00,0.9894067049026489,0.670747697353363,Initial Access,0.9899874329566956,1,0.7012987012987013,Initial Access
2018-02-14 02:52:05,0.9899764657020569,0.6750508546829224,Initial Access,0.9905784726142883,1,0.59375,Initial Access
2018-02-14 02:52:10,0.9901400804519653,0.6782829761505127,Initial Access,0.9907983541488647,1,0.7426470588235294,Initial Access
2018-02-14 02:52:15,0.9901775121688843,0.6798359751701355,Initial Access,0.9908761382102966,1,0.8507462686567164,Initial Access
2018-02-14 02:52:20,0.9900699257850647,0.6796928644180298,Initial Access,0.9908924102783203,1,0.6646341463414634,Initial Access
2018-02-14 02:52:25,0.9898188710212708,0.6787136793136597,Initial Access,0.9906208515167236,1,0.6442953020134228,Initial Access
2018-02-14 02:52:30,0.989661693572998,0.6789374351501465,Initial Access,0.9904578924179077,1,0.7284768211920529,Initial Access
2018-02-14 02:52:35,0.9897549152374268,0.6792533993721008,Initial Access,0.9905912280082703,1,0.6424581005586593,Initial Access
2018-02-14 02:52:40,0.9902995228767395,0.6829912066459656,Initial Access,0.9910632371902466,1,0.7114093959731543,Initial Access
2018-02-14 02:52:45,0.9903703331947327,0.6837855577468872,Initial Access,0.9911613464355469,1,0.7210884353741497,Initial Access
2018-02-14 02:52:50,0.9904977083206177,0.6837472915649414,Initial Access,0.9913371801376343,1,0.66875,Initial Access
2018-02-14 02:52:55,0.990360677242279,0.6833782196044922,Initial Access,0.991239607334137,1,0.6341463414634146,Initial Access
2018-02-14 02:53:00,0.9900034666061401,0.6808339357376099,Initial Access,0.9908251166343689,1,0.7388535031847133,Initial Access
2018-02-14 02:53:05,0.9898362755775452,0.6797202825546265,Initial Access,0.9906662106513977,1,0.8222222222222222,Initial Access
2018-02-14 02:53:10,0.9900060296058655,0.6812629699707031,Initial Access,0.9908780455589294,1,0.8333333333333334,Initial Access
2018-02-14 02:53:15,0.9897080063819885,0.6795116662979126,Initial Access,0.9907301068305969,1,0.5837837837837838,Initial Access
2018-02-14 02:53:20,0.9893550276756287,0.676200270652771,Initial Access,0.9903382658958435,1,0.6809815950920245,Initial Access
2018-02-14 02:53:25,0.9895747900009155,0.6779630184173584,Initial Access,0.9905487895011902,1,0.6774193548387096,Initial Access
2018-02-14 02:53:30,0.9897789359092712,0.6800761222839355,Initial Access,0.9907305836677551,1,0.7086092715231788,Initial Access
2018-02-14 02:53:35,0.9898521304130554,0.6803288459777832,Initial Access,0.9908336997032166,1,0.7709923664122137,Initial Access
2018-02-14 02:53:40,0.9901254177093506,0.6822060942649841,Initial Access,0.9911208748817444,1,0.5336538461538461,Initial Access
2018-02-14 02:53:45,0.9901271462440491,0.6830687522888184,Initial Access,0.991205632686615,1,0.7651006711409396,Initial Access
2018-02-14 02:53:50,0.9903426766395569,0.6841015219688416,Initial Access,0.9912570714950562,1,0.7372262773722628,Initial Access
2018-02-14 02:53:55,0.9903811812400818,0.6847753524780273,Initial Access,0.9913593530654907,1,0.4661016949152542,Initial Access
2018-02-14 02:54:00,0.9905957579612732,0.6831284761428833,Initial Access,0.9914080500602722,1,0.4641148325358851,Initial Access
2018-02-14 02:54:05,0.9907565712928772,0.6862602233886719,Initial Access,0.9915137887001038,1,0.6235955056179775,Initial Access
2018-02-14 02:54:10,0.9908403158187866,0.6874470114707947,Initial Access,0.9915689826011658,1,0.7841726618705036,Initial Access
2018-02-14 02:54:15,0.9910416007041931,0.6881486773490906,Initial Access,0.9917609691619873,1,0.6923076923076923,Initial Access
2018-02-14 02:54:20,0.9913719296455383,0.6901509761810303,Initial Access,0.9920525550842285,1,0.5567567567567567,Initial Access
2018-02-14 02:54:25,0.9915072321891785,0.6909457445144653,Initial Access,0.9920549392700195,1,0.6021505376344086,Initial Access
2018-02-14 02:54:30,0.9918888807296753,0.6937335729598999,Initial Access,0.9923833012580872,1,0.5275229357798165,Initial Access
2018-02-14 02:54:35,0.992279589176178,0.6964761018753052,Initial Access,0.9927507638931274,1,0.5797872340425532,Initial Access
2018-02-14 02:54:40,0.9926119446754456,0.6994978189468384,Initial Access,0.9930577278137207,1,0.6407185628742516,Initial Access
2018-02-14 02:54:45,0.9926121234893799,0.700756847858429,Initial Access,0.9930671453475952,1,0.6535947712418301,Initial Access
2018-02-14 02:54:50,0.9926214218139648,0.7008370757102966,Initial Access,0.993158757686615,1,0.6894409937888198,Initial Access
2018-02-14 02:54:55,0.9926608800888062,0.7005131244659424,Initial Access,0.9932303428649902,1,0.4285714285714285,Initial Access
2018-02-14 02:55:00,0.992707371711731,0.69881272315979,Initial Access,0.9933369159698486,1,0.41015625,Initial Access
2018-02-14 02:55:05,0.9927904009819031,0.6980161666870117,Initial Access,0.9933661818504333,1,0.7414965986394558,Initial Access
2018-02-14 02:55:10,0.9931498765945435,0.700188398361206,Initial Access,0.9936344623565674,1,0.75,Initial Access
2018-02-14 02:55:15,0.9932712316513062,0.7008289098739624,Initial Access,0.9937658309936523,1,0.5533980582524272,Initial Access
2018-02-14 02:55:20,0.9931356310844421,0.7003859877586365,Initial Access,0.9936941266059875,1,0.7372262773722628,Initial Access
2018-02-14 02:55:25,0.9930781722068787,0.7003054618835449,Initial Access,0.9935592412948608,1,0.8208955223880597,Initial Access
2018-02-14 02:55:30,0.9931364059448242,0.7011967301368713,Initial Access,0.9936556816101074,1,0.5046296296296297,Initial Access
2018-02-14 02:55:35,0.992969274520874,0.6990430355072021,Initial Access,0.9935583472251892,1,0.4316239316239316,Initial Access
2018-02-14 02:55:40,0.9930317401885986,0.6982201337814331,Initial Access,0.9936214089393616,1,0.7553956834532374,Initial Access
2018-02-14 02:55:45,0.9931303858757019,0.6990213394165039,Initial Access,0.9936442375183105,1,0.7318840579710145,Initial Access
2018-02-14 02:55:50,0.9930272102355957,0.6991013884544373,Initial Access,0.993516206741333,1,0.69375,Initial Access
2018-02-14 02:55:55,0.9930161833763123,0.6989524364471436,Initial Access,0.9935198426246643,1,0.7358490566037735,Initial Access
2018-02-14 02:56:00,0.993068277835846,0.6996179819107056,Initial Access,0.9935519695281982,1,0.7205882352941176,Initial Access
2018-02-14 02:56:05,0.9929724931716919,0.6994088292121887,Initial Access,0.9934311509132385,1,0.8870967741935484,Initial Access
2018-02-14 02:56:10,0.993252694606781,0.7005400657653809,Initial Access,0.9937288761138916,1,0.7819548872180451,Initial Access
2018-02-14 02:56:15,0.9933509230613708,0.7006503343582153,Initial Access,0.9938667416572571,1,0.8692307692307693,Initial Access
2018-02-14 02:56:20,0.9933388233184814,0.7004764080047607,Initial Access,0.9939020872116089,1,0.8345864661654135,Initial Access
2018-02-14 02:56:25,0.9933205842971802,0.7005687952041626,Initial Access,0.993885338306427,1,0.7210884353741497,Initial Access
2018-02-14 02:56:30,0.9932652115821838,0.6999711990356445,Initial Access,0.9938415288925171,1,0.7058823529411765,Initial Access
2018-02-14 02:56:35,0.9933129549026489,0.7003576159477234,Initial Access,0.993854284286499,1,0.6098901098901099,Initial Access
2018-02-14 02:56:40,0.9933463335037231,0.6999859809875488,Initial Access,0.9938479065895081,1,0.753731343283582,Initial Access
2018-02-14 02:56:45,0.9931690692901611,0.7008461952209473,Initial Access,0.9937393665313721,1,0.7913669064748201,Initial Access
2018-02-14 02:56:50,0.9930418729782104,0.6992442011833191,Initial Access,0.993584930896759,1,0.6707317073170732,Initial Access
2018-02-14 02:56:55,0.9930881261825562,0.6991177797317505,Initial Access,0.9935886859893799,1,0.7272727272727273,Initial Access
2018-02-14 02:57:00,0.9930806756019592,0.6992501020431519,Initial Access,0.993549644947052,1,0.84251968503937,Initial Access
2018-02-14 02:57:05,0.9931480288505554,0.6990777254104614,Initial Access,0.9936607480049133,1,0.873015873015873,Initial Access
2018-02-14 02:57:10,0.9932153820991516,0.6988406181335449,Initial Access,0.9937253594398499,1,0.5445544554455446,Initial Access
2018-02-14 02:57:15,0.993346631526947,0.6977846622467041,Initial Access,0.9938596487045288,1,0.4601769911504424,Initial Access
2018-02-14 02:57:20,0.9930657744407654,0.6975038647651672,Initial Access,0.9936220049858093,1,0.8059701492537313,Initial Access
2018-02-14 02:57:25,0.9931713342666626,0.6988147497177124,Initial Access,0.9936524629592896,1,0.3162393162393162,Initial Access
2018-02-14 02:57:30,0.9928974509239197,0.6960058212280273,Initial Access,0.9934950470924377,1,0.6513157894736842,Initial Access
2018-02-14 02:57:35,0.9929959774017334,0.6979384422302246,Initial Access,0.9934355020523071,1,0.7549668874172185,Initial Access
2018-02-14 02:57:40,0.9930300116539001,0.69820237159729,Initial Access,0.993499755859375,1,0.7730496453900709,Initial Access
2018-02-14 02:57:45,0.9929702281951904,0.6981298923492432,Initial Access,0.9934288859367371,1,0.7432432432432432,Initial Access
2018-02-14 02:57:50,0.9929569959640503,0.6976137161254883,Initial Access,0.9933918118476868,1,0.6708074534161491,Initial Access
2018-02-14 02:57:55,0.9927960634231567,0.6963070034980774,Initial Access,0.9931783676147461,1,0.6842105263157895,Initial Access
2018-02-14 02:58:00,0.9928985238075256,0.6973236203193665,Initial Access,0.9932907819747925,1,0.8195488721804511,Initial Access
2018-02-14 02:58:05,0.9929285049438477,0.6973577737808228,Initial Access,0.9933644533157349,1,0.8211382113821138,Initial Access
2018-02-14 02:58:10,0.992915153503418,0.6975176334381104,Initial Access,0.9933818578720093,1,0.4439834024896265,Initial Access
2018-02-14 02:58:15,0.9925878643989563,0.6911715865135193,Initial Access,0.9929913282394409,1,0.4072727272727273,Initial Access
2018-02-14 02:58:20,0.9926409721374512,0.6924457550048828,Initial Access,0.9930137991905212,1,0.7669172932330827,Initial Access
2018-02-14 02:58:25,0.992573618888855,0.6938635110855103,Initial Access,0.9929342269897461,1,0.6467065868263473,Initial Access
2018-02-14 02:58:30,0.9924594163894653,0.6930429339408875,Initial Access,0.9927607774734497,1,0.6463414634146342,Initial Access
2018-02-14 02:58:35,0.992552638053894,0.6938430070877075,Initial Access,0.9928677082061768,1,0.7971014492753623,Initial Access
2018-02-14 02:58:40,0.9923929572105408,0.6935989856719971,Initial Access,0.9927563071250916,1,0.7417218543046358,Initial Access
2018-02-14 02:58:45,0.9922561645507812,0.6932936906814575,Initial Access,0.9926419854164124,1,0.7197452229299363,Initial Access
2018-02-14 02:58:50,0.991966187953949,0.6913242340087891,Initial Access,0.9923837780952454,1,0.7769230769230769,Initial Access
2018-02-14 02:58:55,0.991216242313385,0.6882160305976868,Initial Access,0.9917454123497009,1,0.8222222222222222,Initial Access
2018-02-14 02:59:00,0.9906619787216187,0.6841797232627869,Initial Access,0.9912874102592468,1,0.8852459016393442,Initial Access
2018-02-14 02:59:05,0.9900919198989868,0.6797201633453369,Initial Access,0.9908173084259033,1,0.7226277372262774,Initial Access
2018-02-14 02:59:10,0.9903752207756042,0.6788302659988403,Initial Access,0.9910778999328613,1,0.7364864864864865,Initial Access
2018-02-14 02:59:15,0.9907545447349548,0.6791750192642212,Initial Access,0.9914093613624573,1,0.6829268292682927,Initial Access
2018-02-14 02:59:20,0.9910411238670349,0.6806379556655884,Initial Access,0.9916753768920898,1,0.6959459459459459,Initial Access
2018-02-14 02:59:25,0.9905439615249634,0.6790353059768677,Initial Access,0.9912276864051819,1,0.6787878787878788,Initial Access
2018-02-14 02:59:30,0.9907504916191101,0.6809357404708862,Initial Access,0.9914211630821228,1,0.4375,Initial Access
2018-02-14 02:59:35,0.990735650062561,0.6799194812774658,Initial Access,0.9914013743400574,1,0.7887323943661971,Initial Access
2018-02-14 02:59:40,0.9908374547958374,0.6818069219589233,Initial Access,0.9914312362670898,1,0.765625,Initial Access
2018-02-14 02:59:45,0.9907350540161133,0.681327223777771,Initial Access,0.9913592338562012,1,0.7733333333333333,Initial Access
2018-02-14 02:59:50,0.9907966256141663,0.6805787682533264,Initial Access,0.9914224743843079,1,0.7291666666666666,Initial Access
2018-02-14 02:59:55,0.9912015199661255,0.6833264827728271,Initial Access,0.9917486906051636,1,0.7254901960784313,Initial Access
2018-02-14 03:00:00,0.9911142587661743,0.6821069717407227,Initial Access,0.9917146563529968,1,0.6526946107784432,Initial Access
2018-02-14 03:00:05,0.9910723567008972,0.681816577911377,Initial Access,0.9916089177131653,1,0.625,Initial Access
2018-02-14 03:00:10,0.9908741116523743,0.6804390549659729,Initial Access,0.9913790225982666,1,0.6838709677419355,Initial Access
2018-02-14 03:00:15,0.9907918572425842,0.6814798712730408,Initial Access,0.9913508892059326,1,0.5824175824175825,Initial Access
2018-02-14 03:00:20,0.9905527830123901,0.681459903717041,Initial Access,0.9910083413124084,1,0.6938775510204082,Initial Access
2018-02-14 03:00:25,0.9904789924621582,0.6826868057250977,Initial Access,0.9910004734992981,1,0.8055555555555556,Initial Access
2018-02-14 03:00:30,0.9908223748207092,0.6855075359344482,Initial Access,0.9914180040359497,1,0.7819548872180451,Initial Access
2018-02-14 03:00:35,0.9909024238586426,0.6864017248153687,Initial Access,0.991510808467865,1,0.8102189781021898,Initial Access
2018-02-14 03:00:40,0.9908863306045532,0.6852453947067261,Initial Access,0.9915738701820374,1,0.75,Initial Access
2018-02-14 03:00:45,0.9909335970878601,0.6843205690383911,Initial Access,0.9916452765464783,1,0.7391304347826086,Initial Access
2018-02-14 03:00:50,0.9907867908477783,0.6829681396484375,Initial Access,0.9915502071380615,1,0.7808219178082192,Initial Access
2018-02-14 03:00:55,0.9911524057388306,0.6852236986160278,Initial Access,0.9918658137321472,1,0.8264462809917356,Initial Access
2018-02-14 03:01:00,0.9912458658218384,0.6860527992248535,Initial Access,0.9919854402542114,1,0.6705882352941176,Initial Access
2018-02-14 03:01:05,0.9917643070220947,0.6886698603630066,Initial Access,0.9923802614212036,1,0.6341463414634146,Initial Access
2018-02-14 03:01:10,0.9918705224990845,0.6904199123382568,Initial Access,0.9923276305198669,1,0.7583892617449665,Initial Access
2018-02-14 03:01:15,0.9922948479652405,0.6927294731140137,Initial Access,0.9927911758422852,1,0.7928571428571428,Initial Access
2018-02-14 03:01:20,0.992297887802124,0.6929288506507874,Initial Access,0.9928522706031799,1,0.796875,Initial Access
2018-02-14 03:01:25,0.992341935634613,0.6929214000701904,Initial Access,0.9929291605949402,1,0.8120300751879699,Initial Access
2018-02-14 03:01:30,0.9926707744598389,0.6943982839584351,Initial Access,0.9932472705841064,1,0.7631578947368421,Initial Access
2018-02-14 03:01:35,0.9930354356765747,0.6965676546096802,Initial Access,0.9935793876647949,1,0.84251968503937,Initial Access
2018-02-14 03:01:40,0.993226170539856,0.6985774636268616,Initial Access,0.993759036064148,1,0.6871165644171779,Initial Access
2018-02-14 03:01:45,0.9932955503463745,0.6994888782501221,Initial Access,0.9938410520553589,1,0.7659574468085106,Initial Access
2018-02-14 03:01:50,0.9935205578804016,0.701297402381897,Initial Access,0.9940332770347595,1,0.6948051948051948,Initial Access
2018-02-14 03:01:55,0.9935719966888428,0.7016102075576782,Initial Access,0.9940841794013977,1,0.8225806451612904,Initial Access
2018-02-14 03:02:00,0.9935979247093201,0.7016235589981079,Initial Access,0.9941097497940063,1,0.7569444444444444,Initial Access
2018-02-14 03:02:05,0.9936199188232422,0.7016578316688538,Initial Access,0.9941326975822449,1,0.3289902280130293,Initial Access
2018-02-14 03:02:10,0.9934473037719727,0.6988580226898193,Initial Access,0.9939824938774109,1,0.5647668393782384,Initial Access
2018-02-14 03:02:15,0.9935038685798645,0.699684739112854,Initial Access,0.9940013289451599,1,0.7762237762237763,Initial Access
2018-02-14 03:02:20,0.9933229088783264,0.6992275714874268,Initial Access,0.9938416481018066,1,0.673202614379085,Initial Access
2018-02-14 03:02:25,0.9931448698043823,0.6986003518104553,Initial Access,0.9936119914054871,1,0.7898550724637681,Initial Access
2018-02-14 03:02:30,0.9931324124336243,0.6979683637619019,Initial Access,0.9935947060585022,1,0.7674418604651163,Initial Access
2018-02-14 03:02:35,0.9929970502853394,0.6970365047454834,Initial Access,0.9934638142585754,1,0.7,Initial Access
2018-02-14 03:02:40,0.992903470993042,0.6966683268547058,Initial Access,0.9934025406837463,1,0.7615894039735099,Initial Access
2018-02-14 03:02:45,0.9928481578826904,0.6966425776481628,Initial Access,0.9933713674545288,1,0.3823529411764705,Initial Access
2018-02-14 03:02:50,0.9927440285682678,0.6928064227104187,Initial Access,0.9932792782783508,1,0.4362139917695473,Initial Access
2018-02-14 03:02:55,0.9927647113800049,0.6927981376647949,Initial Access,0.9932621121406555,1,0.4007352941176471,Initial Access
2018-02-14 03:03:00,0.9927477240562439,0.6923243999481201,Initial Access,0.9931449890136719,1,0.4135338345864661,Initial Access
2018-02-14 03:03:05,0.9925707578659058,0.6890189051628113,Initial Access,0.9929637312889099,1,0.2845528455284553,Initial Access
2018-02-14 03:03:10,0.9920762181282043,0.685045599937439,Initial Access,0.9924131035804749,1,0.7910447761194029,Initial Access
2018-02-14 03:03:15,0.9920835494995117,0.6861462593078613,Initial Access,0.9923499226570129,1,0.7189542483660131,Initial Access
2018-02-14 03:03:20,0.9920726418495178,0.6854032874107361,Initial Access,0.9923425316810608,1,0.7446808510638298,Initial Access
2018-02-14 03:03:25,0.9919812083244324,0.6848853826522827,Initial Access,0.9922898411750793,1,0.8201438848920863,Initial Access
2018-02-14 03:03:30,0.9923586845397949,0.6866931915283203,Initial Access,0.9926965832710266,1,0.7708333333333334,Initial Access
2018-02-14 03:03:35,0.9925004839897156,0.6873568296432495,Initial Access,0.9928873181343079,1,0.7952755905511811,Initial Access
2018-02-14 03:03:40,0.9924281239509583,0.6873008012771606,Initial Access,0.9928796887397766,1,0.7925925925925926,Initial Access
2018-02-14 03:03:45,0.9926049113273621,0.688557505607605,Initial Access,0.9930636286735535,1,0.8195488721804511,Initial Access
2018-02-14 03:03:50,0.9927570223808289,0.6897859573364258,Initial Access,0.9932560920715332,1,0.8045112781954887,Initial Access
2018-02-14 03:03:55,0.9927377104759216,0.6905919313430786,Initial Access,0.9932528138160706,1,0.7551020408163265,Initial Access
2018-02-14 03:04:00,0.9929320216178894,0.6910451054573059,Initial Access,0.9934276938438416,1,0.5472636815920398,Initial Access
2018-02-14 03:04:05,0.9931430816650391,0.691612958908081,Initial Access,0.993644118309021,1,0.5555555555555556,Initial Access
2018-02-14 03:04:10,0.9933062791824341,0.6928989887237549,Initial Access,0.9937372207641602,1,0.7032258064516129,Initial Access
2018-02-14 03:04:15,0.9933172464370728,0.6948590874671936,Initial Access,0.9937583208084106,1,0.7391304347826086,Initial Access
2018-02-14 03:04:20,0.9932336211204529,0.6957662105560303,Initial Access,0.9937182664871216,1,0.7816901408450704,Initial Access
2018-02-14 03:04:25,0.9931396842002869,0.6951708793640137,Initial Access,0.9936397671699524,1,0.8549618320610687,Initial Access
2018-02-14 03:04:30,0.9933044910430908,0.6960904598236084,Initial Access,0.9937921166419983,1,0.7744360902255639,Initial Access
2018-02-14 03:04:35,0.9932563900947571,0.6961771249771118,Initial Access,0.9937465190887451,1,0.7482517482517482,Initial Access
2018-02-14 03:04:40,0.993390679359436,0.6968916058540344,Initial Access,0.9938710927963257,1,0.7012987012987013,Initial Access
2018-02-14 03:04:45,0.9935927987098694,0.6993564367294312,Initial Access,0.9940263032913208,1,0.7246376811594203,Initial Access
2018-02-14 03:04:50,0.9935047626495361,0.6993370056152344,Initial Access,0.993941068649292,1,0.7368421052631579,Initial Access
2018-02-14 03:04:55,0.9933246970176697,0.6991087198257446,Initial Access,0.9937952756881714,1,0.5950920245398773,Initial Access
2018-02-14 03:05:00,0.9931118488311768,0.6981085538864136,Initial Access,0.9935292601585388,1,0.5410628019323671,Initial Access
2018-02-14 03:05:05,0.993178129196167,0.6948816180229187,Initial Access,0.993537962436676,1,0.3884615384615384,Initial Access
2018-02-14 03:05:10,0.9929375648498535,0.6939338445663452,Initial Access,0.9932884573936462,1,0.7169811320754716,Initial Access
2018-02-14 03:05:15,0.9929393529891968,0.6947532892227173,Initial Access,0.9932710528373718,1,0.7651006711409396,Initial Access
2018-02-14 03:05:20,0.9928165674209595,0.6949493885040283,Initial Access,0.9932036399841309,1,0.7730496453900709,Initial Access
2018-02-14 03:05:25,0.9928166270256042,0.6947118639945984,Initial Access,0.9932293891906738,1,0.7210884353741497,Initial Access
2018-02-14 03:05:30,0.9927289485931396,0.6943644285202026,Initial Access,0.9931542873382568,1,0.7432432432432432,Initial Access
2018-02-14 03:05:35,0.9925429224967957,0.6932401657104492,Initial Access,0.9929633736610413,1,0.2939632545931758,Initial Access
2018-02-14 03:05:40,0.9921155571937561,0.6903649568557739,Initial Access,0.9925988912582397,1,0.3235294117647059,Initial Access
2018-02-14 03:05:45,0.9923020601272583,0.6905274391174316,Initial Access,0.9926151037216187,1,0.3667711598746082,Initial Access
2018-02-14 03:05:50,0.9925856590270996,0.6927688121795654,Initial Access,0.9927559494972229,1,0.6257668711656442,Initial Access
2018-02-14 03:05:55,0.9926195740699768,0.6945056915283203,Initial Access,0.9927642941474915,1,0.6149425287356322,Initial Access
2018-02-14 03:06:00,0.9924660921096802,0.6930938959121704,Initial Access,0.9926527738571167,1,0.7808219178082192,Initial Access
2018-02-14 03:06:05,0.9926731586456299,0.6941336393356323,Initial Access,0.9928941130638123,1,0.825,Initial Access
2018-02-14 03:06:10,0.992656409740448,0.6935745477676392,Initial Access,0.9929692149162292,1,0.7115384615384616,Initial Access
2018-02-14 03:06:15,0.9927759766578674,0.6943303346633911,Initial Access,0.9931060671806335,1,0.7019867549668874,Initial Access
2018-02-14 03:06:20,0.9927794337272644,0.6949605345726013,Initial Access,0.9931367635726929,1,0.7310344827586207,Initial Access
2018-02-14 03:06:25,0.9928027391433716,0.6960420608520508,Initial Access,0.993224024772644,1,0.8384615384615385,Initial Access
2018-02-14 03:06:30,0.9931226372718811,0.6971985101699829,Initial Access,0.9935801029205322,1,0.7716535433070866,Initial Access
2018-02-14 03:06:35,0.9931856989860535,0.6977032423019409,Initial Access,0.9936792254447937,1,0.8175182481751825,Initial Access
2018-02-14 03:06:40,0.993354082107544,0.6991535425186157,Initial Access,0.9938468337059021,1,0.7816901408450704,Initial Access
2018-02-14 03:06:45,0.9936770796775818,0.7017427086830139,Initial Access,0.9941741824150085,1,0.856,Initial Access
2018-02-14 03:06:50,0.9936857223510742,0.7019498348236084,Initial Access,0.994198203086853,1,0.7769784172661871,Initial Access
2018-02-14 03:06:55,0.9936274290084839,0.7020606994628906,Initial Access,0.9941391944885254,1,0.8818897637795275,Initial Access
2018-02-14 03:07:00,0.9936326146125793,0.7019361853599548,Initial Access,0.9941543936729431,1,0.6453488372093024,Initial Access
2018-02-14 03:07:05,0.9936459064483643,0.7016198635101318,Initial Access,0.9941991567611694,1,0.2239467849223946,Initial Access
2018-02-14 03:07:10,0.9935399889945984,0.6988927721977234,Initial Access,0.9941152334213257,1,0.529126213592233,Initial Access
2018-02-14 03:07:15,0.9938663840293884,0.7009578943252563,Initial Access,0.9942718744277954,1,0.7202797202797203,Initial Access
2018-02-14 03:07:20,0.9938469529151917,0.7015171051025391,Initial Access,0.9941853880882263,1,0.7638888888888888,Initial Access
2018-02-14 03:07:25,0.9939318299293518,0.7027007341384888,Initial Access,0.9943076968193054,1,0.5873015873015873,Initial Access
2018-02-14 03:07:30,0.9936988353729248,0.7017128467559814,Initial Access,0.9941609501838684,1,0.45,Initial Access
2018-02-14 03:07:35,0.9935212731361389,0.6998355984687805,Initial Access,0.9940201044082642,1,0.7971014492753623,Initial Access
2018-02-14 03:07:40,0.9935413599014282,0.700070858001709,Initial Access,0.9939568042755127,1,0.7448275862068966,Initial Access
2018-02-14 03:07:45,0.9934839606285095,0.6996134519577026,Initial Access,0.9939077496528625,1,0.753731343283582,Initial Access
2018-02-14 03:07:50,0.9933961033821106,0.6998767852783203,Initial Access,0.9938409328460693,1,0.8148148148148148,Initial Access
2018-02-14 03:07:55,0.9933286309242249,0.6994205117225647,Initial Access,0.993809163570404,1,0.7338129496402878,Initial Access
2018-02-14 03:08:00,0.9931331276893616,0.6983580589294434,Initial Access,0.9936760067939758,1,0.7883211678832117,Initial Access
2018-02-14 03:08:05,0.9930892586708069,0.6975594758987427,Initial Access,0.9936234354972839,1,0.611764705882353,Initial Access
2018-02-14 03:08:10,0.9927900433540344,0.6951286792755127,Initial Access,0.9933516383171082,1,0.7575757575757576,Initial Access
2018-02-14 03:08:15,0.9926604628562927,0.6946888566017151,Initial Access,0.993218719959259,1,0.7364864864864865,Initial Access
2018-02-14 03:08:20,0.9926432371139526,0.6938579082489014,Initial Access,0.9932059049606323,1,0.7709923664122137,Initial Access
2018-02-14 03:08:25,0.992434024810791,0.6936283111572266,Initial Access,0.9930484294891357,1,0.7567567567567568,Initial Access
2018-02-14 03:08:30,0.9924300312995911,0.6934356093406677,Initial Access,0.9930211901664734,1,0.7567567567567568,Initial Access
2018-02-14 03:08:35,0.9923765063285828,0.6935293078422546,Initial Access,0.9930036664009094,1,0.7333333333333333,Initial Access
2018-02-14 03:08:40,0.9923091530799866,0.6928393840789795,Initial Access,0.9929695725440979,1,0.7337662337662337,Initial Access
2018-02-14 03:08:45,0.9924262762069702,0.6938772797584534,Initial Access,0.9930641055107117,1,0.7651515151515151,Initial Access
2018-02-14 03:08:50,0.9924424886703491,0.6946890354156494,Initial Access,0.9931086301803589,1,0.75,Initial Access
2018-02-14 03:08:55,0.9926959872245789,0.6964722871780396,Initial Access,0.9933474659919739,1,0.732484076433121,Initial Access
2018-02-14 03:09:00,0.992918074131012,0.6974267959594727,Initial Access,0.9935562014579773,1,0.379182156133829,Initial Access
2018-02-14 03:09:05,0.9928651452064514,0.6956782937049866,Initial Access,0.9935504198074341,1,0.3416149068322981,Initial Access
2018-02-14 03:09:10,0.9926654696464539,0.6926306486129761,Initial Access,0.9933664202690125,1,0.6687898089171974,Initial Access
2018-02-14 03:09:15,0.9928363561630249,0.6952436566352844,Initial Access,0.9933342933654785,1,0.6666666666666666,Initial Access
2018-02-14 03:09:20,0.9928770661354065,0.6951659321784973,Initial Access,0.9933585524559021,1,0.74,Initial Access
2018-02-14 03:09:25,0.9929212331771851,0.6953027844429016,Initial Access,0.9934351444244385,1,0.773972602739726,Initial Access
2018-02-14 03:09:30,0.9931975603103638,0.6966146230697632,Initial Access,0.9936783909797668,1,0.6923076923076923,Initial Access
2018-02-14 03:09:35,0.9934036731719971,0.697944164276123,Initial Access,0.9938854575157166,1,0.6666666666666666,Initial Access
2018-02-14 03:09:40,0.9935023784637451,0.699175238609314,Initial Access,0.9940126538276672,1,0.6959459459459459,Initial Access
2018-02-14 03:09:45,0.9935327768325806,0.6997553110122681,Initial Access,0.9940491914749146,1,0.6932515337423313,Initial Access
2018-02-14 03:09:50,0.993608295917511,0.7005504369735718,Initial Access,0.9941003918647766,1,0.6871165644171779,Initial Access
2018-02-14 03:09:55,0.9936627745628357,0.7012520432472229,Initial Access,0.9941807389259338,1,0.5941176470588235,Initial Access
2018-02-14 03:10:00,0.9937112927436829,0.7020936012268066,Initial Access,0.9942452311515808,1,0.612565445026178,Initial Access
2018-02-14 03:10:05,0.9936946034431458,0.7025023698806763,Initial Access,0.994236171245575,1,0.6211180124223602,Initial Access
2018-02-14 03:10:10,0.9938268065452576,0.7043757438659668,Initial Access,0.9943354725837708,1,0.5851063829787234,Initial Access
2018-02-14 03:10:15,0.993935227394104,0.7053676247596741,Initial Access,0.9944612979888916,1,0.6790123456790124,Initial Access
2018-02-14 03:10:20,0.9939693808555603,0.7063954472541809,Initial Access,0.9945064187049866,1,0.592814371257485,Initial Access
2018-02-14 03:10:25,0.9939354658126831,0.7053443193435669,Initial Access,0.994384765625,1,0.7125,Initial Access
2018-02-14 03:10:30,0.994145929813385,0.7068787813186646,Initial Access,0.9946182370185852,1,0.6928104575163399,Initial Access
2018-02-14 03:10:35,0.9942976832389832,0.7073403000831604,Initial Access,0.994770348072052,1,0.8031496062992126,Initial Access
2018-02-14 03:10:40,0.9943235516548157,0.7072944641113281,Initial Access,0.994814932346344,1,0.7945205479452054,Initial Access
2018-02-14 03:10:45,0.9942582845687866,0.7063857316970825,Initial Access,0.9947322607040405,1,0.5094339622641509,Initial Access
2018-02-14 03:10:50,0.9943329691886902,0.7044719457626343,Initial Access,0.9948549270629883,1,0.4388185654008439,Initial Access
2018-02-14 03:10:55,0.994233250617981,0.7031923532485962,Initial Access,0.9947490096092224,1,0.2798982188295165,Initial Access
2018-02-14 03:11:00,0.9941949844360352,0.7014414668083191,Initial Access,0.9946950078010559,1,0.2832512315270936,Initial Access
2018-02-14 03:11:05,0.9941248297691345,0.7006718516349792,Initial Access,0.9945170283317566,1,0.580110497237569,Initial Access
2018-02-14 03:11:10,0.9938473701477051,0.7018876075744629,Initial Access,0.9942409992218018,1,0.7769784172661871,Initial Access
2018-02-14 03:11:15,0.993772566318512,0.7020623683929443,Initial Access,0.9940983057022095,1,0.7862595419847328,Initial Access
2018-02-14 03:11:20,0.9936644434928894,0.70167076587677,Initial Access,0.9940114617347717,1,0.9130434782608696,Initial Access
2018-02-14 03:11:25,0.9935530424118042,0.7003393173217773,Initial Access,0.9939117431640625,1,0.856,Initial Access
2018-02-14 03:11:30,0.9935752749443054,0.6994181871414185,Initial Access,0.9939194917678833,1,0.8,Initial Access
2018-02-14 03:11:35,0.9935945868492126,0.698899507522583,Initial Access,0.9939659237861633,1,0.8195488721804511,Initial Access
2018-02-14 03:11:40,0.9936146140098572,0.6983001232147217,Initial Access,0.9940034747123718,1,0.7883211678832117,Initial Access
2018-02-14 03:11:45,0.9935522675514221,0.6978716254234314,Initial Access,0.9939720034599304,1,0.8739495798319328,Initial Access
2018-02-14 03:11:50,0.9933280348777771,0.6964731216430664,Initial Access,0.993778645992279,1,0.6745562130177515,Initial Access
2018-02-14 03:11:55,0.9933270812034607,0.6969410181045532,Initial Access,0.9937450289726257,1,0.5797872340425532,Initial Access
2018-02-14 03:12:00,0.9931325316429138,0.6959730386734009,Initial Access,0.9934226870536804,1,0.8244274809160306,Initial Access
2018-02-14 03:12:05,0.9933242797851562,0.6980170607566833,Initial Access,0.9936796426773071,1,0.8102189781021898,Initial Access
2018-02-14 03:12:10,0.9933221340179443,0.6974704265594482,Initial Access,0.9937241673469543,1,0.808,Initial Access
2018-02-14 03:12:15,0.9932801723480225,0.6974300146102905,Initial Access,0.9937466382980347,1,0.8148148148148148,Initial Access
2018-02-14 03:12:20,0.9932525753974915,0.6965675354003906,Initial Access,0.9937238097190857,1,0.8818897637795275,Initial Access
2018-02-14 03:12:25,0.9932159781455994,0.6967607736587524,Initial Access,0.9937270879745483,1,0.7205882352941176,Initial Access
2018-02-14 03:12:30,0.9933632612228394,0.6980522871017456,Initial Access,0.9938427209854126,1,0.4647302904564315,Initial Access
2018-02-14 03:12:35,0.9934791326522827,0.6964543461799622,Initial Access,0.9940258264541626,1,0.4784482758620689,Initial Access
2018-02-14 03:12:40,0.993557870388031,0.698020875453949,Initial Access,0.9940395355224609,1,0.7445255474452555,Initial Access
2018-02-14 03:12:45,0.9935281276702881,0.6994838714599609,Initial Access,0.99396151304245,1,0.7266666666666667,Initial Access
2018-02-14 03:12:50,0.9933318495750427,0.6993201971054077,Initial Access,0.9937880635261536,1,0.6646706586826348,Initial Access
2018-02-14 03:12:55,0.9931553602218628,0.6992388963699341,Initial Access,0.9935985803604126,1,0.6687898089171974,Initial Access
2018-02-14 03:13:00,0.9929462671279907,0.6989690065383911,Initial Access,0.9933297038078308,1,0.4851063829787234,Initial Access
2018-02-14 03:13:05,0.9922330379486084,0.6943970918655396,Initial Access,0.9926438927650452,1,0.3624161073825503,Initial Access
2018-02-14 03:13:10,0.9913612604141235,0.6909130811691284,Initial Access,0.9918667674064636,1,0.5561497326203209,Initial Access
2018-02-14 03:13:15,0.9906430840492249,0.6877952814102173,Initial Access,0.9910175800323486,1,0.8055555555555556,Initial Access
2018-02-14 03:13:20,0.9900404810905457,0.6840782761573792,Initial Access,0.9905175566673279,1,0.6746987951807228,Initial Access
2018-02-14 03:13:25,0.9894607067108154,0.680918276309967,Initial Access,0.9899368286132812,1,0.7829457364341085,Initial Access
2018-02-14 03:13:30,0.9888114929199219,0.6771792769432068,Initial Access,0.9893913269042969,1,0.6962025316455697,Initial Access
2018-02-14 03:13:35,0.9878928065299988,0.6710959672927856,Initial Access,0.9885987043380737,1,0.695364238410596,Initial Access
2018-02-14 03:13:40,0.9872512221336365,0.6670588254928589,Initial Access,0.9880422353744507,1,0.6647398843930635,Initial Access
2018-02-14 03:13:45,0.9871013760566711,0.6650712490081787,Initial Access,0.9877964854240417,1,0.5803108808290155,Initial Access
2018-02-14 03:13:50,0.9864469170570374,0.6624562740325928,Initial Access,0.9869669079780579,1,0.6331360946745562,Initial Access
2018-02-14 03:13:55,0.9850969910621643,0.6591545343399048,Initial Access,0.9856749176979065,1,0.7835820895522388,Initial Access
2018-02-14 03:14:00,0.9840213060379028,0.6568505764007568,Initial Access,0.9847530722618103,1,0.7746478873239436,Initial Access
2018-02-14 03:14:05,0.9837632179260254,0.6552684307098389,Initial Access,0.9844948649406433,1,0.8333333333333334,Initial Access
2018-02-14 03:14:10,0.9849706292152405,0.6576536893844604,Initial Access,0.9857902526855469,1,0.7573529411764706,Initial Access
2018-02-14 03:14:15,0.9863470792770386,0.6621023416519165,Initial Access,0.987177848815918,1,0.7902097902097902,Initial Access
2018-02-14 03:14:20,0.9874692559242249,0.666257381439209,Initial Access,0.98834627866745,1,0.8,Initial Access
2018-02-14 03:14:25,0.987025260925293,0.6637201309204102,Initial Access,0.9880300164222717,1,0.8029197080291971,Initial Access
2018-02-14 03:14:30,0.9872371554374695,0.6644167900085449,Initial Access,0.9882457256317139,1,0.8285714285714286,Initial Access
2018-02-14 03:14:35,0.9878255128860474,0.6663028001785278,Initial Access,0.9887972474098206,1,0.8134328358208955,Initial Access
2018-02-14 03:14:40,0.9885265231132507,0.6696642637252808,Initial Access,0.9894735217094421,1,0.8203125,Initial Access
2018-02-14 03:14:45,0.9889853000640869,0.6726969480514526,Initial Access,0.9899365901947021,1,0.7769784172661871,Initial Access
2018-02-14 03:14:50,0.989342212677002,0.674289882183075,Initial Access,0.9902433753013611,1,0.7894736842105263,Initial Access
2018-02-14 03:14:55,0.989784836769104,0.677525520324707,Initial Access,0.9906124472618103,1,0.8421052631578947,Initial Access
2018-02-14 03:15:00,0.9900625944137573,0.6790512204170227,Initial Access,0.9908978343009949,1,0.8592592592592593,Initial Access
2018-02-14 03:15:05,0.9901777505874634,0.68015456199646,Initial Access,0.9910497665405273,1,0.7737226277372263,Initial Access
2018-02-14 03:15:10,0.9904691576957703,0.6823704838752747,Initial Access,0.9913097620010376,1,0.7333333333333333,Initial Access
2018-02-14 03:15:15,0.9907806515693665,0.6841225624084473,Initial Access,0.9915788173675537,1,0.7112676056338029,Initial Access
2018-02-14 03:15:20,0.9906126856803894,0.6844104528427124,Initial Access,0.9914912581443787,1,0.6790123456790124,Initial Access
2018-02-14 03:15:25,0.9909360408782959,0.6855231523513794,Initial Access,0.9916894435882568,1,0.6973684210526315,Initial Access
2018-02-14 03:15:30,0.9915201663970947,0.688677191734314,Initial Access,0.9920905828475952,1,0.7969924812030075,Initial Access
2018-02-14 03:15:35,0.9919790029525757,0.6914709806442261,Initial Access,0.9925645589828491,1,0.5,Initial Access
2018-02-14 03:15:40,0.991814136505127,0.6865355372428894,Initial Access,0.9923272728919983,1,0.6711409395973155,Initial Access
2018-02-14 03:15:45,0.991739809513092,0.6894605755805969,Initial Access,0.9922865629196167,1,0.7586206896551724,Initial Access
2018-02-14 03:15:50,0.991895318031311,0.69020676612854,Initial Access,0.9923761487007141,1,0.7105263157894737,Initial Access
2018-02-14 03:15:55,0.9921356439590454,0.6908575892448425,Initial Access,0.9925563931465149,1,0.6797385620915033,Initial Access
2018-02-14 03:16:00,0.9922134280204773,0.6921904683113098,Initial Access,0.9925557971000671,1,0.7793103448275862,Initial Access
2018-02-14 03:16:05,0.9921526908874512,0.6923274397850037,Initial Access,0.9924773573875427,1,0.84251968503937,Initial Access
2018-02-14 03:16:10,0.992095947265625,0.6924557685852051,Initial Access,0.992487907409668,1,0.816793893129771,Initial Access
2018-02-14 03:16:15,0.992013156414032,0.6922575235366821,Initial Access,0.9924309849739075,1,0.8029197080291971,Initial Access
2018-02-14 03:16:20,0.9918349385261536,0.6908949017524719,Initial Access,0.9923032522201538,1,0.8828125,Initial Access
2018-02-14 03:16:25,0.9915592670440674,0.6892613172531128,Initial Access,0.9921032786369324,1,0.5567567567567567,Initial Access
2018-02-14 03:16:30,0.9915148615837097,0.6871080994606018,Initial Access,0.9920998215675354,1,0.3462783171521035,Initial Access
2018-02-14 03:16:35,0.991525411605835,0.6859960556030273,Initial Access,0.9921165108680725,1,0.456221198156682,Initial Access
2018-02-14 03:16:40,0.9913129210472107,0.6856766939163208,Initial Access,0.9918495416641235,1,0.7266666666666667,Initial Access
2018-02-14 03:16:45,0.9913305640220642,0.6866981983184814,Initial Access,0.9917457699775696,1,0.7816901408450704,Initial Access
2018-02-14 03:16:50,0.9914563298225403,0.6867860555648804,Initial Access,0.9918851852416992,1,0.6967741935483871,Initial Access
2018-02-14 03:16:55,0.9917235970497131,0.6885248422622681,Initial Access,0.9921913743019104,1,0.7890625,Initial Access
2018-02-14 03:17:00,0.9915550351142883,0.6870476603507996,Initial Access,0.9920461177825928,1,0.8175182481751825,Initial Access
2018-02-14 03:17:05,0.9916442632675171,0.687881350517273,Initial Access,0.9921725988388062,1,0.8666666666666667,Initial Access
2018-02-14 03:17:10,0.9921067953109741,0.6902123689651489,Initial Access,0.9926525354385376,1,0.8217054263565892,Initial Access
2018-02-14 03:17:15,0.9925076961517334,0.6914405822753906,Initial Access,0.9930470585823059,1,0.835820895522388,Initial Access
2018-02-14 03:17:20,0.9926881790161133,0.6930546760559082,Initial Access,0.99326491355896,1,0.6666666666666666,Initial Access
2018-02-14 03:17:25,0.9926343560218811,0.69269198179245,Initial Access,0.9932008385658264,1,0.6729559748427673,Initial Access
2018-02-14 03:17:30,0.9928191900253296,0.6939435601234436,Initial Access,0.9933778643608093,1,0.3134328358208955,Initial Access
2018-02-14 03:17:35,0.9928553700447083,0.6930800676345825,Initial Access,0.9934334754943848,1,0.4190871369294606,Initial Access
2018-02-14 03:17:40,0.9929239749908447,0.6934008002281189,Initial Access,0.9933927655220032,1,0.3780918727915194,Initial Access
2018-02-14 03:17:45,0.9929660558700562,0.692179799079895,Initial Access,0.9934065341949463,1,0.3460207612456747,Initial Access
2018-02-14 03:17:50,0.99277663230896,0.6914868354797363,Initial Access,0.9931673407554626,1,0.3724832214765101,Initial Access
2018-02-14 03:17:55,0.9924421906471252,0.6881850361824036,Initial Access,0.9928228855133057,1,0.2827763496143959,Initial Access
2018-02-14 03:18:00,0.9919800758361816,0.686543345451355,Initial Access,0.992233395576477,1,0.2453703703703703,Initial Access
2018-02-14 03:18:05,0.9919437170028687,0.6849803924560547,Initial Access,0.9920973777770996,1,0.4246031746031746,Initial Access
2018-02-14 03:18:10,0.9918505549430847,0.6856385469436646,Initial Access,0.9918950200080872,1,0.7432432432432432,Initial Access
2018-02-14 03:18:15,0.9919571280479431,0.6867972612380981,Initial Access,0.9919840693473816,1,0.7062937062937062,Initial Access
2018-02-14 03:18:20,0.9918261170387268,0.6858925819396973,Initial Access,0.9919407963752747,1,0.7816901408450704,Initial Access
2018-02-14 03:18:25,0.9917993545532227,0.6853867769241333,Initial Access,0.9919413328170776,1,0.64,Initial Access
2018-02-14 03:18:30,0.9916828274726868,0.6850897073745728,Initial Access,0.9917089343070984,1,0.6071428571428571,Initial Access
2018-02-14 03:18:35,0.9914361834526062,0.6849396228790283,Initial Access,0.9915061593055725,1,0.6374269005847953,Initial Access
2018-02-14 03:18:40,0.9913715124130249,0.6856890916824341,Initial Access,0.9915053248405457,1,0.7887323943661971,Initial Access
2018-02-14 03:18:45,0.9911905527114868,0.6845704913139343,Initial Access,0.9913739562034607,1,0.8174603174603174,Initial Access
2018-02-14 03:18:50,0.9906295537948608,0.6812459230422974,Initial Access,0.9908918738365173,1,0.7536231884057971,Initial Access
2018-02-14 03:18:55,0.9906414747238159,0.6802318096160889,Initial Access,0.990959882736206,1,0.8429752066115702,Initial Access
2018-02-14 03:19:00,0.9907428026199341,0.6808876991271973,Initial Access,0.9911274313926697,1,0.7025316455696202,Initial Access
2018-02-14 03:19:05,0.9909883737564087,0.6826720237731934,Initial Access,0.9913922548294067,1,0.4952830188679245,Initial Access
2018-02-14 03:19:10,0.9913965463638306,0.6847262382507324,Initial Access,0.9917709827423096,1,0.4470588235294118,Initial Access
2018-02-14 03:19:15,0.9915981888771057,0.6855484247207642,Initial Access,0.9919443130493164,1,0.4911504424778761,Initial Access
2018-02-14 03:19:20,0.9919725060462952,0.6885805130004883,Initial Access,0.9922522902488708,1,0.7226277372262774,Initial Access
2018-02-14 03:19:25,0.9919606447219849,0.6902813911437988,Initial Access,0.9922837615013123,1,0.7857142857142857,Initial Access
2018-02-14 03:19:30,0.9924940466880798,0.6934481263160706,Initial Access,0.9928107857704163,1,0.6265822784810127,Initial Access
2018-02-14 03:19:35,0.9930819272994995,0.6970318555831909,Initial Access,0.9933911561965942,1,0.7682119205298014,Initial Access
2018-02-14 03:19:40,0.9932956695556641,0.6988075971603394,Initial Access,0.993631899356842,1,0.5404040404040404,Initial Access
2018-02-14 03:19:45,0.9933045506477356,0.699934720993042,Initial Access,0.9936206936836243,1,0.3188854489164087,Initial Access
2018-02-14 03:19:50,0.9930849075317383,0.6982688903808594,Initial Access,0.9934244155883789,1,0.5751295336787565,Initial Access
2018-02-14 03:19:55,0.9933801889419556,0.6996238231658936,Initial Access,0.9936060905456543,1,0.6711409395973155,Initial Access
2018-02-14 03:20:00,0.9932996034622192,0.6991064548492432,Initial Access,0.9934518337249756,1,0.7551020408163265,Initial Access
2018-02-14 03:20:05,0.9933874011039734,0.6989909410476685,Initial Access,0.9935703277587891,1,0.6488095238095238,Initial Access
2018-02-14 03:20:10,0.9934435486793518,0.6992823481559753,Initial Access,0.9936894178390503,1,0.725925925925926,Initial Access
2018-02-14 03:20:15,0.9931567907333374,0.6976261138916016,Initial Access,0.9934267997741699,1,0.6162790697674418,Initial Access
2018-02-14 03:20:20,0.9930436015129089,0.6969807744026184,Initial Access,0.9933602213859558,1,0.7375886524822695,Initial Access
2018-02-14 03:20:25,0.9927205443382263,0.6956453323364258,Initial Access,0.9930811524391174,1,0.6,Initial Access
2018-02-14 03:20:30,0.9924241900444031,0.6936535239219666,Initial Access,0.9927359819412231,1,0.7062937062937062,Initial Access
2018-02-14 03:20:35,0.9925100803375244,0.694934606552124,Initial Access,0.9928493499755859,1,0.710691823899371,Initial Access
2018-02-14 03:20:40,0.9926028251647949,0.6952353119850159,Initial Access,0.9929144382476807,1,0.7115384615384616,Initial Access
2018-02-14 03:20:45,0.9928398728370667,0.696869432926178,Initial Access,0.9931501746177673,1,0.6149068322981367,Initial Access
2018-02-14 03:20:50,0.9929884076118469,0.6974889039993286,Initial Access,0.9931991696357727,1,0.7115384615384616,Initial Access
2018-02-14 03:20:55,0.9930964708328247,0.6992104053497314,Initial Access,0.9932981133460999,1,0.3595890410958904,Initial Access
2018-02-14 03:21:00,0.9929330348968506,0.6978636980056763,Initial Access,0.993224561214447,1,0.7552447552447552,Initial Access
2018-02-14 03:21:05,0.9928410053253174,0.698649525642395,Initial Access,0.9930760860443115,1,0.7793103448275862,Initial Access
2018-02-14 03:21:10,0.9930086731910706,0.6982952356338501,Initial Access,0.9932667016983032,1,0.7518796992481203,Initial Access
2018-02-14 03:21:15,0.9930604100227356,0.6985735893249512,Initial Access,0.9933903217315674,1,0.782608695652174,Initial Access
2018-02-14 03:21:20,0.9931960105895996,0.6987885236740112,Initial Access,0.9935696125030518,1,0.8088235294117647,Initial Access
2018-02-14 03:21:25,0.9933447241783142,0.6986589431762695,Initial Access,0.9937322735786438,1,0.8031496062992126,Initial Access
2018-02-14 03:21:30,0.9935393333435059,0.6996519565582275,Initial Access,0.9939782619476318,1,0.8560606060606061,Initial Access
2018-02-14 03:21:35,0.9937529563903809,0.7009338140487671,Initial Access,0.994215190410614,1,0.8095238095238095,Initial Access
2018-02-14 03:21:40,0.9937957525253296,0.7016327381134033,Initial Access,0.9942752718925476,1,0.7414965986394558,Initial Access
2018-02-14 03:21:45,0.9938455820083618,0.7023102045059204,Initial Access,0.9943106174468994,1,0.7956204379562044,Initial Access
2018-02-14 03:21:50,0.993807315826416,0.7026559710502625,Initial Access,0.994293212890625,1,0.7681159420289855,Initial Access
2018-02-14 03:21:55,0.9937052130699158,0.7016282081604004,Initial Access,0.9942434430122375,1,0.7615894039735099,Initial Access
2018-02-14 03:22:00,0.9936960339546204,0.7015542984008789,Initial Access,0.9940920472145081,1,0.689873417721519,Initial Access
2018-02-14 03:22:05,0.9935576915740967,0.7009930610656738,Initial Access,0.9939445853233337,1,0.7142857142857143,Initial Access
2018-02-14 03:22:10,0.9935654401779175,0.7005709409713745,Initial Access,0.9938509464263916,1,0.8244274809160306,Initial Access
2018-02-14 03:22:15,0.9935908913612366,0.700531005859375,Initial Access,0.993950366973877,1,0.7583892617449665,Initial Access
2018-02-14 03:22:20,0.9937213659286499,0.700914740562439,Initial Access,0.9940728545188904,1,0.7872340425531915,Initial Access
2018-02-14 03:22:25,0.993642270565033,0.7013940811157227,Initial Access,0.99405837059021,1,0.796875,Initial Access
2018-02-14 03:22:30,0.9936332106590271,0.7020120620727539,Initial Access,0.9940646290779114,1,0.3910034602076124,Initial Access
2018-02-14 03:22:35,0.9932176470756531,0.6981862187385559,Initial Access,0.9936999082565308,1,0.7583892617449665,Initial Access
2018-02-14 03:22:40,0.9931610226631165,0.6990050077438354,Initial Access,0.9935147762298584,1,0.8583333333333333,Initial Access
2018-02-14 03:22:45,0.9931190013885498,0.6994733214378357,Initial Access,0.9935230016708374,1,0.9152542372881356,Initial Access
2018-02-14 03:22:50,0.9930357336997986,0.6982048153877258,Initial Access,0.9934695959091187,1,0.7103448275862069,Initial Access
2018-02-14 03:22:55,0.9927697777748108,0.6976146697998047,Initial Access,0.9932663440704346,1,0.8571428571428571,Initial Access
2018-02-14 03:23:00,0.9927071332931519,0.6971425414085388,Initial Access,0.9932149648666382,1,0.8028169014084507,Initial Access
2018-02-14 03:23:05,0.9926668405532837,0.6971306800842285,Initial Access,0.9931617975234985,1,0.8770491803278688,Initial Access
2018-02-14 03:23:10,0.9922307729721069,0.6943174004554749,Initial Access,0.9927855730056763,1,0.8085106382978723,Initial Access
2018-02-14 03:23:15,0.9920198917388916,0.6924830675125122,Initial Access,0.9926309585571289,1,0.4078431372549019,Initial Access
2018-02-14 03:23:20,0.9918821454048157,0.689669132232666,Initial Access,0.9926000833511353,1,0.3935018050541516,Initial Access
2018-02-14 03:23:25,0.9919494390487671,0.6889258623123169,Initial Access,0.9926193356513977,1,0.6153846153846154,Initial Access
2018-02-14 03:23:30,0.9923389554023743,0.6901401281356812,Initial Access,0.9928355813026428,1,0.6754966887417219,Initial Access
2018-02-14 03:23:35,0.992698609828949,0.6944925785064697,Initial Access,0.9931033849716187,1,0.7552447552447552,Initial Access
2018-02-14 03:23:40,0.9927268028259277,0.6953521966934204,Initial Access,0.993179440498352,1,0.813953488372093,Initial Access
2018-02-14 03:23:45,0.9928088188171387,0.6957967281341553,Initial Access,0.9932677745819092,1,0.6463414634146342,Initial Access
2018-02-14 03:23:50,0.9928915500640869,0.6962015628814697,Initial Access,0.9932827949523926,1,0.7086092715231788,Initial Access
2018-02-14 03:23:55,0.9931741952896118,0.6970396041870117,Initial Access,0.9935546517372131,1,0.7730496453900709,Initial Access
2018-02-14 03:24:00,0.993317186832428,0.6990026235580444,Initial Access,0.9936671853065491,1,0.7534246575342466,Initial Access
2018-02-14 03:24:05,0.9932135939598083,0.6990622878074646,Initial Access,0.9935896396636963,1,0.7615384615384615,Initial Access
2018-02-14 03:24:10,0.9931227564811707,0.6995121836662292,Initial Access,0.9935573935508728,1,0.7534246575342466,Initial Access
2018-02-14 03:24:15,0.9931455254554749,0.6988649368286133,Initial Access,0.9936093091964722,1,0.3352941176470588,Initial Access
2018-02-14 03:24:20,0.9931777715682983,0.6956745386123657,Initial Access,0.9937039017677307,1,0.4029304029304029,Initial Access
2018-02-14 03:24:25,0.9930084943771362,0.694782018661499,Initial Access,0.9935520887374878,1,0.4593495934959349,Initial Access
2018-02-14 03:24:30,0.9930492639541626,0.6942006349563599,Initial Access,0.9933940768241882,1,0.4611872146118721,Initial Access
2018-02-14 03:24:35,0.9928215146064758,0.6940839290618896,Initial Access,0.9932233095169067,1,0.6440677966101694,Initial Access
2018-02-14 03:24:40,0.9927427768707275,0.6937891244888306,Initial Access,0.9931267499923706,1,0.2869318181818182,Initial Access
2018-02-14 03:24:45,0.9924036860466003,0.6903655529022217,Initial Access,0.9928315877914429,1,0.341692789968652,Initial Access
2018-02-14 03:24:50,0.9922478199005127,0.6889224052429199,Initial Access,0.9926577210426331,1,0.6201117318435754,Initial Access
2018-02-14 03:24:55,0.9920873641967773,0.6893447637557983,Initial Access,0.9923457503318787,1,0.7428571428571429,Initial Access
2018-02-14 03:25:00,0.9917826056480408,0.6883882284164429,Initial Access,0.992027223110199,1,0.7450980392156863,Initial Access
2018-02-14 03:25:05,0.9916678667068481,0.688896894454956,Initial Access,0.9919959306716919,1,0.7151898734177216,Initial Access
2018-02-14 03:25:10,0.9919624328613281,0.6904594898223877,Initial Access,0.9922935962677002,1,0.6265822784810127,Initial Access
2018-02-14 03:25:15,0.9917770624160767,0.6901208162307739,Initial Access,0.9921648502349854,1,0.5477386934673367,Initial Access
2018-02-14 03:25:20,0.9916676878929138,0.689919650554657,Initial Access,0.9921067953109741,1,0.5760869565217391,Initial Access
2018-02-14 03:25:25,0.991083562374115,0.6865794658660889,Initial Access,0.9914078116416931,1,0.608433734939759,Initial Access
2018-02-14 03:25:30,0.991662323474884,0.6890499591827393,Initial Access,0.9920573830604553,1,0.6449704142011834,Initial Access
2018-02-14 03:25:35,0.9923092722892761,0.6935890316963196,Initial Access,0.9925864338874817,1,0.6342857142857142,Initial Access
2018-02-14 03:25:40,0.9924741983413696,0.6949329376220703,Initial Access,0.9927693605422974,1,0.7803030303030303,Initial Access
2018-02-14 03:25:45,0.9927089810371399,0.6980756521224976,Initial Access,0.9930616021156311,1,0.7302631578947368,Initial Access
2018-02-14 03:25:50,0.9928156137466431,0.6987016201019287,Initial Access,0.9932407140731812,1,0.6123595505617978,Initial Access
2018-02-14 03:25:55,0.993062436580658,0.6975343227386475,Initial Access,0.9935537576675415,1,0.6797385620915033,Initial Access
2018-02-14 03:26:00,0.993242084980011,0.7001742124557495,Initial Access,0.9936590790748596,1,0.873015873015873,Initial Access
2018-02-14 03:26:05,0.9933971762657166,0.7015411853790283,Initial Access,0.9938226938247681,1,0.7801418439716312,Initial Access
2018-02-14 03:26:10,0.9935442209243774,0.702484130859375,Initial Access,0.9939709901809692,1,0.6496815286624203,Initial Access
2018-02-14 03:26:15,0.993462085723877,0.7021152973175049,Initial Access,0.9938202500343323,1,0.6193181818181818,Initial Access
2018-02-14 03:26:20,0.993553102016449,0.7028855085372925,Initial Access,0.9938981533050537,1,0.6883116883116883,Initial Access
2018-02-14 03:26:25,0.9936327338218689,0.7034261226654053,Initial Access,0.9939934611320496,1,0.7346938775510204,Initial Access
2018-02-14 03:26:30,0.993620753288269,0.7040388584136963,Initial Access,0.9940191507339478,1,0.3706293706293706,Initial Access
2018-02-14 03:26:35,0.9935994744300842,0.7011701464653015,Initial Access,0.9940575361251831,1,0.6948051948051948,Initial Access
2018-02-14 03:26:40,0.9936631917953491,0.7025315761566162,Initial Access,0.9940365552902222,1,0.7285714285714285,Initial Access
2018-02-14 03:26:45,0.9934858083724976,0.7022267580032349,Initial Access,0.9938566088676453,1,0.7785714285714286,Initial Access
2018-02-14 03:26:50,0.993537425994873,0.701945424079895,Initial Access,0.9939128756523132,1,0.7432432432432432,Initial Access
2018-02-14 03:26:55,0.9935003519058228,0.701397180557251,Initial Access,0.9939159750938416,1,0.8134328358208955,Initial Access
2018-02-14 03:27:00,0.9934585094451904,0.7011655569076538,Initial Access,0.9938933253288269,1,0.7737226277372263,Initial Access
2018-02-14 03:27:05,0.9934043288230896,0.7003004550933838,Initial Access,0.9938662648200989,1,0.738562091503268,Initial Access
2018-02-14 03:27:10,0.9935166835784912,0.700737476348877,Initial Access,0.9939143061637878,1,0.6346153846153846,Initial Access
2018-02-14 03:27:15,0.9933686256408691,0.6991214156150818,Initial Access,0.9936771988868713,1,0.723404255319149,Initial Access
2018-02-14 03:27:20,0.993490993976593,0.6999541521072388,Initial Access,0.9938504695892334,1,0.6807228915662651,Initial Access
2018-02-14 03:27:25,0.9932988286018372,0.6987907886505127,Initial Access,0.993626594543457,1,0.7586206896551724,Initial Access
2018-02-14 03:27:30,0.9933978915214539,0.7000919580459595,Initial Access,0.9937704205513,1,0.7133333333333334,Initial Access
2018-02-14 03:27:35,0.993536114692688,0.702125072479248,Initial Access,0.9938987493515015,1,0.5846153846153846,Initial Access
2018-02-14 03:27:40,0.993257462978363,0.7004712820053101,Initial Access,0.9935355186462402,1,0.7534246575342466,Initial Access
2018-02-14 03:27:45,0.9933556914329529,0.7019081711769104,Initial Access,0.9935709238052368,1,0.8225806451612904,Initial Access
2018-02-14 03:27:50,0.9934296011924744,0.7024713158607483,Initial Access,0.9937105178833008,1,0.6686746987951807,Initial Access
2018-02-14 03:27:55,0.9933854341506958,0.7021849751472473,Initial Access,0.9937158226966858,1,0.6875,Initial Access
2018-02-14 03:28:00,0.9935083389282227,0.7021595239639282,Initial Access,0.9939039349555969,1,0.84375,Initial Access
2018-02-14 03:28:05,0.9931788444519043,0.7015276551246643,Initial Access,0.993504524230957,1,0.8661417322834646,Initial Access
2018-02-14 03:28:10,0.9929236173629761,0.700661301612854,Initial Access,0.9933087825775146,1,0.856,Initial Access
2018-02-14 03:28:15,0.992924153804779,0.7005840539932251,Initial Access,0.9933212399482727,1,0.6826347305389222,Initial Access
2018-02-14 03:28:20,0.9928157925605774,0.6997361183166504,Initial Access,0.9932511448860168,1,0.7724137931034483,Initial Access
2018-02-14 03:28:25,0.9928635954856873,0.6995515823364258,Initial Access,0.993306577205658,1,0.6917808219178082,Initial Access
2018-02-14 03:28:30,0.9926670789718628,0.698613166809082,Initial Access,0.9931190013885498,1,0.7482517482517482,Initial Access
2018-02-14 03:28:35,0.9926289916038513,0.6974583268165588,Initial Access,0.9930970072746277,1,0.8382352941176471,Initial Access
2018-02-14 03:28:40,0.9925323128700256,0.6963058710098267,Initial Access,0.9930264949798584,1,0.704225352112676,Initial Access
2018-02-14 03:28:45,0.9923979640007019,0.6951475143432617,Initial Access,0.9928808212280273,1,0.7755102040816326,Initial Access
2018-02-14 03:28:50,0.9925962090492249,0.6952309608459473,Initial Access,0.993065357208252,1,0.7272727272727273,Initial Access
2018-02-14 03:28:55,0.9923099875450134,0.693901777267456,Initial Access,0.9928230047225952,1,0.7538461538461538,Initial Access
2018-02-14 03:29:00,0.9921690821647644,0.6935555934906006,Initial Access,0.9926879405975342,1,0.7051282051282052,Initial Access
2018-02-14 03:29:05,0.9920337200164795,0.6915906667709351,Initial Access,0.9925981760025024,1,0.3857142857142857,Initial Access
2018-02-14 03:29:10,0.9918311238288879,0.6887597441673279,Initial Access,0.9924473762512207,1,0.7555555555555555,Initial Access
2018-02-14 03:29:15,0.9915080070495605,0.68928062915802,Initial Access,0.9920743703842163,1,0.6706586826347305,Initial Access
2018-02-14 03:29:20,0.9915837645530701,0.6880808472633362,Initial Access,0.9922020435333252,1,0.5837837837837838,Initial Access
2018-02-14 03:29:25,0.9909663796424866,0.6854766607284546,Initial Access,0.991503894329071,1,0.7642857142857142,Initial Access
2018-02-14 03:29:30,0.990606963634491,0.6843714714050293,Initial Access,0.9911357164382935,1,0.7753623188405797,Initial Access
2018-02-14 03:29:35,0.9910758137702942,0.683010995388031,Initial Access,0.9915896058082581,1,0.6933333333333334,Initial Access
2018-02-14 03:29:40,0.9913051724433899,0.685053825378418,Initial Access,0.9917325973510742,1,0.8148148148148148,Initial Access
2018-02-14 03:29:45,0.9912981390953064,0.6863678693771362,Initial Access,0.9917829036712646,1,0.7207792207792207,Initial Access
2018-02-14 03:29:50,0.9909862279891968,0.6840335726737976,Initial Access,0.9914460182189941,1,0.7517241379310344,Initial Access
2018-02-14 03:29:55,0.9909215569496155,0.6830079555511475,Initial Access,0.9913613200187683,1,0.4909090909090909,Initial Access
2018-02-14 03:30:00,0.9901627898216248,0.6796036958694458,Initial Access,0.9908077120780945,1,0.7297297297297297,Initial Access
2018-02-14 03:30:05,0.9898707866668701,0.6778625249862671,Initial Access,0.9904705286026001,1,0.7142857142857143,Initial Access
2018-02-14 03:30:10,0.9893341660499573,0.6736801266670227,Initial Access,0.9899141788482666,1,0.7481481481481481,Initial Access
2018-02-14 03:30:15,0.9885109066963196,0.6705265045166016,Initial Access,0.9892913699150085,1,0.6549707602339181,Initial Access
2018-02-14 03:30:20,0.9881791472434998,0.6680251359939575,Initial Access,0.9890329837799072,1,0.7115384615384616,Initial Access
2018-02-14 03:30:25,0.9884047508239746,0.6689612865447998,Initial Access,0.9892143607139587,1,0.7284768211920529,Initial Access
2018-02-14 03:30:30,0.9890890121459961,0.671347975730896,Initial Access,0.9898377656936646,1,0.7152777777777778,Initial Access
2018-02-14 03:30:35,0.9901899099349976,0.6765166521072388,Initial Access,0.9908298254013062,1,0.7302631578947368,Initial Access
2018-02-14 03:30:40,0.9904648065567017,0.678284764289856,Initial Access,0.991144597530365,1,0.7724137931034483,Initial Access
2018-02-14 03:30:45,0.990973711013794,0.6815571784973145,Initial Access,0.9916003942489624,1,0.6906474820143885,Initial Access
2018-02-14 03:30:50,0.991296648979187,0.6845213174819946,Initial Access,0.9919192790985107,1,0.8181818181818182,Initial Access
2018-02-14 03:30:55,0.9915713667869568,0.6858006715774536,Initial Access,0.9921929240226746,1,0.5894736842105263,Initial Access
2018-02-14 03:31:00,0.9915887713432312,0.6859993934631348,Initial Access,0.9922447800636292,1,0.3492063492063492,Initial Access
2018-02-14 03:31:05,0.9917782545089722,0.6864393949508667,Initial Access,0.9923536777496338,1,0.8608695652173913,Initial Access
2018-02-14 03:31:10,0.9911473989486694,0.6842044591903687,Initial Access,0.9917166829109192,1,0.7971014492753623,Initial Access
2018-02-14 03:31:15,0.9912608861923218,0.6854987144470215,Initial Access,0.9917780160903931,1,0.7633587786259542,Initial Access
2018-02-14 03:31:20,0.9904201626777649,0.680451512336731,Initial Access,0.9910388588905334,1,0.8074074074074075,Initial Access
2018-02-14 03:31:25,0.9892691373825073,0.6741847395896912,Initial Access,0.9899314641952515,1,0.837037037037037,Initial Access
2018-02-14 03:31:30,0.987994372844696,0.6678636074066162,Initial Access,0.9887444972991943,1,0.7785714285714286,Initial Access
2018-02-14 03:31:35,0.9868026971817017,0.6626197695732117,Initial Access,0.9876432418823242,1,0.6729559748427673,Initial Access
2018-02-14 03:31:40,0.9852582216262817,0.6552252173423767,Initial Access,0.9862626791000366,1,0.8273381294964028,Initial Access
2018-02-14 03:31:45,0.9831403493881226,0.6487146615982056,Initial Access,0.9842053055763245,1,0.7125,Initial Access
2018-02-14 03:31:50,0.9817708730697632,0.6447581648826599,Initial Access,0.9828504323959351,1,0.743421052631579,Initial Access
2018-02-14 03:31:55,0.9782889485359192,0.6360065937042236,Initial Access,0.9798169732093811,1,0.6145251396648045,Initial Access
2018-02-14 03:32:00,0.9766144752502441,0.6310416460037231,Initial Access,0.9783747792243958,1,0.4080882352941176,Initial Access
2018-02-14 03:32:05,0.9739515781402588,0.624769389629364,Initial Access,0.9759623408317566,1,0.3717472118959107,Initial Access
2018-02-14 03:32:10,0.9688945412635803,0.6179633140563965,Initial Access,0.9712932109832764,1,0.4745762711864407,Initial Access
2018-02-14 03:32:15,0.9603357315063477,0.6085684299468994,Initial Access,0.9633708000183105,1,0.6981132075471698,Initial Access
2018-02-14 03:32:20,0.9492131471633911,0.5989794731140137,Initial Access,0.9541091918945312,1,0.7829457364341085,Initial Access
2018-02-14 03:32:25,0.9333862662315369,0.5855123996734619,Initial Access,0.9426130652427673,1,0.8059701492537313,Initial Access
2018-02-14 03:32:30,0.9183185696601868,0.5757406949996948,Initial Access,0.9319941401481628,1,0.2363636363636363,Initial Access
2018-02-14 03:32:35,0.8682573437690735,0.5553914308547974,Initial Access,0.8990929126739502,0,0.0,Benign
2018-02-14 03:32:40,0.753778338432312,0.5093894600868225,Initial Access,0.8155573606491089,0,0.0,Benign
2018-02-14 03:32:45,0.5845954418182373,0.43731164932250977,Initial Access,0.6568925380706787,0,0.0,Benign
2018-02-14 03:32:50,0.3826124370098114,0.35327813029289246,Benign,0.5903849005699158,0,0.0,Benign
2018-02-14 03:32:55,0.2172572910785675,0.2596552073955536,Benign,0.8045726418495178,0,0.0,Benign
2018-02-14 03:33:00,0.08030397444963455,0.16288718581199646,Benign,0.9411221742630005,0,0.0,Benign
2018-02-14 03:33:05,0.03424583375453949,0.10263655334711075,Benign,0.9793494343757629,0,0.0,Benign
2018-02-14 03:33:10,0.016456278041005135,0.07092215865850449,Benign,0.9909949898719788,0,0.0,Benign
2018-02-14 03:33:15,0.010943316854536533,0.056517306715250015,Benign,0.9941805601119995,0,0.0,Benign
2018-02-14 03:33:20,0.008424836210906506,0.04823658615350723,Benign,0.9956350922584534,0,0.0,Benign
2018-02-14 03:33:25,0.007454515900462866,0.04680196940898895,Benign,0.9961068034172058,0,0.0,Benign
2018-02-14 03:33:30,0.006474384106695652,0.04419532045722008,Benign,0.9966256618499756,0,0.0,Benign
2018-02-14 03:33:35,0.006208610720932484,0.043945491313934326,Benign,0.9967243075370789,0,0.0,Benign
2018-02-14 03:33:40,0.00580120412632823,0.041470564901828766,Benign,0.9970300197601318,0,0.0,Benign
2018-02-14 03:33:45,0.006003399845212698,0.043271344155073166,Benign,0.996748685836792,0,0.0,Benign
2018-02-14 03:33:50,0.006144736893475056,0.04572952538728714,Benign,0.9966204166412354,0,0.0,Benign
2018-02-14 03:33:55,0.00704372301697731,0.04679486155509949,Benign,0.9960454106330872,0,0.0,Benign
2018-02-14 03:34:00,0.0077758184634149075,0.050132498145103455,Benign,0.9957429766654968,0,0.0,Benign
2018-02-14 03:34:05,0.007800532504916191,0.05099757760763168,Benign,0.9957400560379028,0,0.0,Benign
2018-02-14 03:34:10,0.007728996686637402,0.04966125264763832,Benign,0.9957733750343323,0,0.0,Benign
2018-02-14 03:34:15,0.007402233313769102,0.05214381217956543,Benign,0.9959294199943542,0,0.0,Benign
2018-02-14 03:34:20,0.0069383252412080765,0.052979618310928345,Benign,0.9961836934089661,0,0.0,Benign
2018-02-14 03:34:25,0.006549454759806395,0.050153374671936035,Benign,0.99637371301651,0,0.0,Benign
2018-02-14 03:34:30,0.006616984028369188,0.05162842571735382,Benign,0.9963028430938721,0,0.0,Benign
2018-02-14 03:34:35,0.006426497828215361,0.05200589820742607,Benign,0.9964779019355774,0,0.0,Benign
2018-02-14 03:34:40,0.006613909732550383,0.05423654243350029,Benign,0.9963642954826355,0,0.0,Benign
2018-02-14 03:34:45,0.006529435981065035,0.0586809366941452,Benign,0.9963548183441162,0,0.0,Benign
2018-02-14 03:34:50,0.005950544495135546,0.05873413011431694,Benign,0.9965779185295105,0,0.0,Benign
2018-02-14 03:34:55,0.005851272959262133,0.05639646574854851,Benign,0.996653139591217,0,0.0,Benign
2018-02-14 03:35:00,0.005930347368121147,0.05834130942821503,Benign,0.9966552257537842,0,0.0,Benign
2018-02-14 03:35:05,0.006031650118529797,0.06110002100467682,Benign,0.9966264963150024,0,0.0,Benign
2018-02-14 03:35:10,0.0055219801142811775,0.058424919843673706,Benign,0.9968239068984985,0,0.0,Benign
2018-02-14 03:35:15,0.005430934019386768,0.05575184524059296,Benign,0.9968615770339966,0,0.0,Benign
2018-02-14 03:35:20,0.005772406235337257,0.05411514267325401,Benign,0.9967358708381653,0,0.0,Benign
2018-02-14 03:35:25,0.006165998987853527,0.05604688823223114,Benign,0.9966123700141907,0,0.0,Benign
2018-02-14 03:35:30,0.007101762108504772,0.05928340554237366,Benign,0.9963036775588989,0,0.0,Benign
2018-02-14 03:35:35,0.0075865271501243114,0.060193732380867004,Benign,0.9961720108985901,0,0.0,Benign
2018-02-14 03:35:40,0.006733134388923645,0.05501614138484001,Benign,0.9965768456459045,0,0.0,Benign
2018-02-14 03:35:45,0.006023202557116747,0.05016830563545227,Benign,0.9969398975372314,0,0.0,Benign
2018-02-14 03:35:50,0.0059534842148423195,0.04591440409421921,Benign,0.9970325231552124,0,0.0,Benign
2018-02-14 03:35:55,0.006295170169323683,0.04467473924160004,Benign,0.9969223141670227,0,0.0,Benign
2018-02-14 03:36:00,0.005923115648329258,0.04113635793328285,Benign,0.9971612691879272,0,0.0,Benign
2018-02-14 03:36:05,0.006161956116557121,0.03954226151108742,Benign,0.9970937967300415,0,0.0,Benign
2018-02-14 03:36:10,0.006416375283151865,0.039998609572649,Benign,0.9970645308494568,0,0.0,Benign
2018-02-14 03:36:15,0.006422762759029865,0.03872750699520111,Benign,0.997077226638794,0,0.0,Benign
2018-02-14 03:36:20,0.006947587709873915,0.04034832492470741,Benign,0.9968812465667725,0,0.0,Benign
2018-02-14 03:36:25,0.006448985077440739,0.039826322346925735,Benign,0.9971286654472351,0,0.0,Benign
2018-02-14 03:36:30,0.006437967531383038,0.04295933619141579,Benign,0.9969151020050049,0,0.0,Benign
2018-02-14 03:36:35,0.005564083345234394,0.041224200278520584,Benign,0.9971575736999512,0,0.0,Benign
2018-02-14 03:36:40,0.005311407148838043,0.04290885105729103,Benign,0.9970778226852417,0,0.0,Benign
2018-02-14 03:36:45,0.006179944612085819,0.04612474516034126,Benign,0.9966886639595032,0,0.0,Benign
2018-02-14 03:36:50,0.007189174648374319,0.049729011952877045,Benign,0.9963347911834717,0,0.0,Benign
2018-02-14 03:36:55,0.008005636744201183,0.051049377769231796,Benign,0.9961178302764893,0,0.0,Benign
2018-02-14 03:37:00,0.008846217766404152,0.05544784292578697,Benign,0.9959424138069153,0,0.0,Benign
2018-02-14 03:37:05,0.009302186779677868,0.05482192710042,Benign,0.9957886338233948,0,0.0,Benign
2018-02-14 03:37:10,0.009291838854551315,0.05587906390428543,Benign,0.9958800077438354,0,0.0,Benign
2018-02-14 03:37:15,0.009171615354716778,0.053776148706674576,Benign,0.9959374666213989,0,0.0,Benign
2018-02-14 03:37:20,0.008330793119966984,0.05054273083806038,Benign,0.9962751865386963,0,0.0,Benign
2018-02-14 03:37:25,0.007879487238824368,0.04933653771877289,Benign,0.9964080452919006,0,0.0,Benign
2018-02-14 03:37:30,0.008036892861127853,0.04902008920907974,Benign,0.9963889122009277,0,0.0,Benign
2018-02-14 03:37:35,0.008280661888420582,0.04947902634739876,Benign,0.9963698387145996,0,0.0,Benign
2018-02-14 03:37:40,0.008065065369009972,0.04598702862858772,Benign,0.996439516544342,0,0.0,Benign
2018-02-14 03:37:45,0.007702893111854792,0.04345226287841797,Benign,0.9966233968734741,0,0.0,Benign
2018-02-14 03:37:50,0.007662005256861448,0.04589363932609558,Benign,0.9965100884437561,0,0.0,Benign
2018-02-14 03:37:55,0.0064039696007966995,0.04375239834189415,Benign,0.9969356060028076,0,0.0,Benign
2018-02-14 03:38:00,0.006547875236719847,0.04152759164571762,Benign,0.9968582391738892,0,0.0,Benign
2018-02-14 03:38:05,0.007487017195671797,0.043256256729364395,Benign,0.9965606331825256,0,0.0,Benign
2018-02-14 03:38:10,0.008127061650156975,0.04521774500608444,Benign,0.9963827133178711,0,0.0,Benign
2018-02-14 03:38:15,0.007608601823449135,0.04579329863190651,Benign,0.9965742826461792,0,0.0,Benign
2018-02-14 03:38:20,0.007123610004782677,0.04625747352838516,Benign,0.9965613484382629,0,0.0,Benign
2018-02-14 03:38:25,0.0066601294092834,0.04795590043067932,Benign,0.9965608716011047,0,0.0,Benign
2018-02-14 03:38:30,0.007042828481644392,0.0451413057744503,Benign,0.9964166879653931,0,0.0,Benign
2018-02-14 03:38:35,0.007550238631665707,0.04598511755466461,Benign,0.9961536526679993,0,0.0,Benign
2018-02-14 03:38:40,0.007858104072511196,0.044643253087997437,Benign,0.9961147308349609,0,0.0,Benign
2018-02-14 03:38:45,0.008787963539361954,0.045538872480392456,Benign,0.9957910776138306,0,0.0,Benign
2018-02-14 03:38:50,0.009403936564922333,0.04750491678714752,Benign,0.9955657124519348,0,0.0,Benign
2018-02-14 03:38:55,0.010055753402411938,0.047706957906484604,Benign,0.9953989386558533,0,0.0,Benign
2018-02-14 03:39:00,0.011220676824450493,0.05059821158647537,Benign,0.9950763583183289,0,0.0,Benign
2018-02-14 03:39:05,0.011830410920083523,0.05074859783053398,Benign,0.9949965476989746,0,0.0,Benign
2018-02-14 03:39:10,0.01204703003168106,0.0503220371901989,Benign,0.9949801564216614,0,0.0,Benign
2018-02-14 03:39:15,0.012712295167148113,0.05167967453598976,Benign,0.9947547912597656,0,0.0,Benign
2018-02-14 03:39:20,0.013388646766543388,0.05114226043224335,Benign,0.9943081736564636,0,0.0,Benign
2018-02-14 03:39:25,0.015416348353028297,0.05368181690573692,Benign,0.9932233095169067,0,0.0,Benign
2018-02-14 03:39:30,0.019485078752040863,0.058679766952991486,Benign,0.991382896900177,0,0.0,Benign
2018-02-14 03:39:35,0.021591631695628166,0.06251947581768036,Benign,0.9906979203224182,0,0.0,Benign
2018-02-14 03:39:40,0.02151748538017273,0.06353205442428589,Benign,0.9908018708229065,0,0.0,Benign
2018-02-14 03:39:45,0.021852923557162285,0.06297224014997482,Benign,0.9908089637756348,0,0.0,Benign
2018-02-14 03:39:50,0.023868223652243614,0.06548816710710526,Benign,0.990060567855835,0,0.0,Benign
2018-02-14 03:39:55,0.027438154444098473,0.06866700947284698,Benign,0.9890097975730896,0,0.0,Benign
2018-02-14 03:40:00,0.030953392386436462,0.07375296950340271,Benign,0.9878526926040649,0,0.0,Benign
2018-02-14 03:40:05,0.0362124964594841,0.07870033383369446,Benign,0.9856343865394592,0,0.0,Benign
2018-02-14 03:40:10,0.03621254116296768,0.07853470742702484,Benign,0.9858210682868958,0,0.0,Benign
2018-02-14 03:40:15,0.04231029748916626,0.08290878683328629,Benign,0.9836834073066711,0,0.0,Benign
2018-02-14 03:40:20,0.04054953530430794,0.07967224717140198,Benign,0.9840983748435974,0,0.0,Benign
2018-02-14 03:40:25,0.0382620170712471,0.07811832427978516,Benign,0.9849182963371277,0,0.0,Benign
2018-02-14 03:40:30,0.03692281246185303,0.07812019437551498,Benign,0.9852855801582336,0,0.0,Benign
2018-02-14 03:40:35,0.03824348375201225,0.08080931752920151,Benign,0.9847506284713745,0,0.0,Benign
2018-02-14 03:40:40,0.04494454711675644,0.08555725961923599,Benign,0.9816749691963196,0,0.0,Benign
2018-02-14 03:40:45,0.05463867262005806,0.09337292611598969,Benign,0.976913332939148,0,0.0,Benign
2018-02-14 03:40:50,0.06019319221377373,0.0987260490655899,Benign,0.9742952585220337,0,0.0,Benign
2018-02-14 03:40:55,0.06991087645292282,0.10882173478603363,Benign,0.9709582924842834,0,0.0,Benign
2018-02-14 03:41:00,0.05966360121965408,0.0992809534072876,Benign,0.9751085042953491,0,0.0,Benign
2018-02-14 03:41:05,0.05561918765306473,0.09522414207458496,Benign,0.976601243019104,0,0.0,Benign
2018-02-14 03:41:10,0.05803804099559784,0.09510164707899094,Benign,0.9749720692634583,0,0.0,Benign
2018-02-14 03:41:15,0.0701615959405899,0.1041206568479538,Benign,0.9693706631660461,0,0.0,Benign
2018-02-14 03:41:20,0.06675764173269272,0.10108049213886261,Benign,0.9707074165344238,0,0.0,Benign
2018-02-14 03:41:25,0.05408560484647751,0.09076900780200958,Benign,0.9767390489578247,0,0.0,Benign
2018-02-14 03:41:30,0.0412655770778656,0.07995311170816422,Benign,0.9829424619674683,0,0.0,Benign
2018-02-14 03:41:35,0.028453966602683067,0.06827306002378464,Benign,0.989281177520752,0,0.0,Benign
2018-02-14 03:41:40,0.02470681630074978,0.06642431020736694,Benign,0.9905827045440674,0,0.0,Benign
2018-02-14 03:41:45,0.017220513895154,0.05509369075298309,Benign,0.9933335185050964,0,0.0,Benign
2018-02-14 03:41:50,0.013464677147567272,0.05075158178806305,Benign,0.9945470094680786,0,0.0,Benign
2018-02-14 03:41:55,0.01084580272436142,0.04627618193626404,Benign,0.9954333901405334,0,0.0,Benign
2018-02-14 03:42:00,0.00897029135376215,0.043748002499341965,Benign,0.9961561560630798,0,0.0,Benign
2018-02-14 03:42:05,0.008331132121384144,0.040485017001628876,Benign,0.9964163303375244,0,0.0,Benign
2018-02-14 03:42:10,0.008344770409166813,0.040208980441093445,Benign,0.9963750243186951,0,0.0,Benign
2018-02-14 03:42:15,0.008590628392994404,0.041034650057554245,Benign,0.9963775277137756,0,0.0,Benign
2018-02-14 03:42:20,0.008089275099337101,0.039554525166749954,Benign,0.9966335892677307,0,0.0,Benign
2018-02-14 03:42:25,0.00865352712571621,0.039880286902189255,Benign,0.9963058233261108,0,0.0,Benign
2018-02-14 03:42:30,0.009102399460971355,0.039903342723846436,Benign,0.9964008331298828,0,0.0,Benign
2018-02-14 03:42:35,0.01015288196504116,0.04294082894921303,Benign,0.9960297346115112,0,0.0,Benign
2018-02-14 03:42:40,0.010138477198779583,0.045750945806503296,Benign,0.9960516095161438,0,0.0,Benign
2018-02-14 03:42:45,0.009029380045831203,0.04438856989145279,Benign,0.9964402318000793,0,0.0,Benign
2018-02-14 03:42:50,0.00878529716283083,0.04324907809495926,Benign,0.9964820146560669,0,0.0,Benign
2018-02-14 03:42:55,0.009266957640647888,0.042754288762807846,Benign,0.9961835741996765,0,0.0,Benign
2018-02-14 03:43:00,0.010120873339474201,0.045270517468452454,Benign,0.9956940412521362,0,0.0,Benign
2018-02-14 03:43:05,0.010239977389574051,0.04783746972680092,Benign,0.9954615235328674,0,0.0,Benign
2018-02-14 03:43:10,0.010715127922594547,0.04974719136953354,Benign,0.9954421520233154,0,0.0,Benign
2018-02-14 03:43:15,0.0110314404591918,0.05047785863280296,Benign,0.99534672498703,0,0.0,Benign
2018-02-14 03:43:20,0.011016895063221455,0.049572188407182693,Benign,0.9954492449760437,0,0.0,Benign
2018-02-14 03:43:25,0.011333795264363289,0.04921988770365715,Benign,0.9953848719596863,0,0.0,Benign
2018-02-14 03:43:30,0.01177395973354578,0.050573281943798065,Benign,0.995410144329071,0,0.0,Benign
2018-02-14 03:43:35,0.012612638995051384,0.05140462517738342,Benign,0.9951817393302917,0,0.0,Benign
2018-02-14 03:43:40,0.011506333015859127,0.049029380083084106,Benign,0.9956556558609009,0,0.0,Benign
2018-02-14 03:43:45,0.010826335288584232,0.048932019621133804,Benign,0.9958186745643616,0,0.0,Benign
2018-02-14 03:43:50,0.009918360970914364,0.04825488477945328,Benign,0.9961287975311279,0,0.0,Benign
2018-02-14 03:43:55,0.010143633000552654,0.04702072963118553,Benign,0.9959141612052917,0,0.0,Benign
2018-02-14 03:44:00,0.010721994563937187,0.049040935933589935,Benign,0.9957281947135925,0,0.0,Benign
2018-02-14 03:44:05,0.010104291141033173,0.050946395844221115,Benign,0.9958257675170898,0,0.0,Benign
2018-02-14 03:44:10,0.009494704194366932,0.051002297550439835,Benign,0.9959551095962524,0,0.0,Benign
2018-02-14 03:44:15,0.008773097768425941,0.05006549879908562,Benign,0.9961561560630798,0,0.0,Benign
2018-02-14 03:44:20,0.008344864472746849,0.0481446236371994,Benign,0.9963783621788025,0,0.0,Benign
2018-02-14 03:44:25,0.0075420173816382885,0.04930028319358826,Benign,0.9965315461158752,0,0.0,Benign
2018-02-14 03:44:30,0.005612170323729515,0.04277719929814339,Benign,0.9973176121711731,0,0.0,Benign
2018-02-14 03:44:35,0.004992181900888681,0.04259554669260979,Benign,0.9974242448806763,0,0.0,Benign
2018-02-14 03:44:40,0.00505520636215806,0.04405612125992775,Benign,0.9972792267799377,0,0.0,Benign
2018-02-14 03:44:45,0.005100631155073643,0.04482670873403549,Benign,0.9972911477088928,0,0.0,Benign
2018-02-14 03:44:50,0.004957543686032295,0.04518803954124451,Benign,0.9973709583282471,0,0.0,Benign
2018-02-14 03:44:55,0.004771045409142971,0.04369627311825752,Benign,0.9974707365036011,0,0.0,Benign
2018-02-14 03:45:00,0.004957795608788729,0.04406404867768288,Benign,0.9974122643470764,0,0.0,Benign
2018-02-14 03:45:05,0.005471209995448589,0.046920642256736755,Benign,0.9971720576286316,0,0.0,Benign
2018-02-14 03:45:10,0.00574157340452075,0.047833897173404694,Benign,0.9970799088478088,0,0.0,Benign
2018-02-14 03:45:15,0.0065385946072638035,0.04975792020559311,Benign,0.9967954754829407,0,0.0,Benign
2018-02-14 03:45:20,0.006958840414881706,0.04879382625222206,Benign,0.9967340230941772,0,0.0,Benign
2018-02-14 03:45:25,0.006982999388128519,0.04956120625138283,Benign,0.9967349171638489,0,0.0,Benign
2018-02-14 03:45:30,0.007326346356421709,0.04934193938970566,Benign,0.9966532588005066,0,0.0,Benign
2018-02-14 03:45:35,0.00765243312343955,0.04798630625009537,Benign,0.9963962435722351,0,0.0,Benign
2018-02-14 03:45:40,0.007610146421939135,0.0509774386882782,Benign,0.9964145421981812,0,0.0,Benign
2018-02-14 03:45:45,0.007516444660723209,0.05308791622519493,Benign,0.9964008331298828,0,0.0,Benign
2018-02-14 03:45:50,0.007278709672391415,0.05196790024638176,Benign,0.9964184761047363,0,0.0,Benign
2018-02-14 03:45:55,0.0066381776705384254,0.05099442973732948,Benign,0.9966790676116943,0,0.0,Benign
2018-02-14 03:46:00,0.006341618951410055,0.05270935222506523,Benign,0.9967435002326965,0,0.0,Benign
2018-02-14 03:46:05,0.006294642109423876,0.05371423065662384,Benign,0.9966942071914673,0,0.0,Benign
2018-02-14 03:46:10,0.005811192560940981,0.05418980494141579,Benign,0.9968715310096741,0,0.0,Benign
2018-02-14 03:46:15,0.005603440571576357,0.05348207429051399,Benign,0.9969068169593811,0,0.0,Benign
2018-02-14 03:46:20,0.005762984044849873,0.05375157669186592,Benign,0.9968690276145935,0,0.0,Benign
2018-02-14 03:46:25,0.005569742992520332,0.051304180175065994,Benign,0.9970042109489441,0,0.0,Benign
2018-02-14 03:46:30,0.005838526878505945,0.051176369190216064,Benign,0.9970008730888367,0,0.0,Benign
2018-02-14 03:46:35,0.005849073641002178,0.05050105229020119,Benign,0.997053861618042,0,0.0,Benign
2018-02-14 03:46:40,0.0055875531397759914,0.046233855187892914,Benign,0.9972301125526428,0,0.0,Benign
2018-02-14 03:46:45,0.00536356121301651,0.04346609488129616,Benign,0.9974120259284973,0,0.0,Benign
2018-02-14 03:46:50,0.005296011455357075,0.041106969118118286,Benign,0.9975003600120544,0,0.0,Benign
2018-02-14 03:46:55,0.005252418108284473,0.039202820509672165,Benign,0.9975445866584778,0,0.0,Benign
2018-02-14 03:47:00,0.005205297842621803,0.03677607700228691,Benign,0.9976198077201843,0,0.0,Benign
2018-02-14 03:47:05,0.0057272943668067455,0.03748345002532005,Benign,0.997359573841095,0,0.0,Benign
2018-02-14 03:47:10,0.006068188697099686,0.03970372676849365,Benign,0.9972134232521057,0,0.0,Benign
2018-02-14 03:47:15,0.006882968358695507,0.044318992644548416,Benign,0.9966599941253662,0,0.0,Benign
2018-02-14 03:47:20,0.006536473520100117,0.044491320848464966,Benign,0.9966981410980225,0,0.0,Benign
2018-02-14 03:47:25,0.005995162297040224,0.03915885090827942,Benign,0.9970167875289917,0,0.0,Benign
2018-02-14 03:47:30,0.006453645881265402,0.0384097695350647,Benign,0.9968806505203247,0,0.0,Benign
2018-02-14 03:47:35,0.006815040484070778,0.03880913183093071,Benign,0.9969322681427002,0,0.0,Benign
2018-02-14 03:47:40,0.006575766950845718,0.03994183614850044,Benign,0.9969758987426758,0,0.0,Benign
2018-02-14 03:47:45,0.006730418652296066,0.03915918990969658,Benign,0.9967858791351318,0,0.0,Benign
2018-02-14 03:47:50,0.006862340960651636,0.03788178041577339,Benign,0.996782660484314,0,0.0,Benign
2018-02-14 03:47:55,0.007504832465201616,0.03881263732910156,Benign,0.996573805809021,0,0.0,Benign
2018-02-14 03:48:00,0.008316843770444393,0.0426536463201046,Benign,0.9962224960327148,0,0.0,Benign
2018-02-14 03:48:05,0.008616145700216293,0.04292333871126175,Benign,0.9961761236190796,0,0.0,Benign
2018-02-14 03:48:10,0.009939294308423996,0.04637669771909714,Benign,0.9957885146141052,0,0.0,Benign
2018-02-14 03:48:15,0.010674474760890007,0.047662682831287384,Benign,0.9957060217857361,0,0.0,Benign
2018-02-14 03:48:20,0.011238891631364822,0.04790939390659332,Benign,0.9955633878707886,0,0.0,Benign
2018-02-14 03:48:25,0.011535640805959702,0.04900515452027321,Benign,0.9954243302345276,0,0.0,Benign
2018-02-14 03:48:30,0.010505531914532185,0.046693187206983566,Benign,0.9958082437515259,0,0.0,Benign
2018-02-14 03:48:35,0.010662210173904896,0.04703204333782196,Benign,0.9957460761070251,0,0.0,Benign
2018-02-14 03:48:40,0.010237281210720539,0.04593877121806145,Benign,0.9959756731987,0,0.0,Benign
2018-02-14 03:48:45,0.010885382071137428,0.04781677946448326,Benign,0.9958099126815796,0,0.0,Benign
2018-02-14 03:48:50,0.011432035826146603,0.048330243676900864,Benign,0.9956761002540588,0,0.0,Benign
2018-02-14 03:48:55,0.012510848231613636,0.050305940210819244,Benign,0.9954223036766052,0,0.0,Benign
2018-02-14 03:49:00,0.01174882985651493,0.04699944332242012,Benign,0.995941162109375,0,0.0,Benign
2018-02-14 03:49:05,0.010295986197888851,0.04535751789808273,Benign,0.9964296221733093,0,0.0,Benign
2018-02-14 03:49:10,0.010463225655257702,0.04385505989193916,Benign,0.9961128234863281,0,0.0,Benign
2018-02-14 03:49:15,0.0099411029368639,0.04294416680932045,Benign,0.9962223768234253,0,0.0,Benign
2018-02-14 03:49:20,0.008201089687645435,0.0409582257270813,Benign,0.9968769550323486,0,0.0,Benign
2018-02-14 03:49:25,0.007956716232001781,0.03860209137201309,Benign,0.9968829154968262,0,0.0,Benign
2018-02-14 03:49:30,0.008154027163982391,0.03900632634758949,Benign,0.9967613816261292,0,0.0,Benign
2018-02-14 03:49:35,0.008671332150697708,0.03992917388677597,Benign,0.9965553283691406,0,0.0,Benign
2018-02-14 03:49:40,0.009608549065887928,0.04229109734296799,Benign,0.9962879419326782,0,0.0,Benign
2018-02-14 03:49:45,0.00930895283818245,0.041721176356077194,Benign,0.9964438080787659,0,0.0,Benign
2018-02-14 03:49:50,0.008177448995411396,0.03997408598661423,Benign,0.9968239068984985,0,0.0,Benign
2018-02-14 03:49:55,0.00820550974458456,0.04204322770237923,Benign,0.9967308044433594,0,0.0,Benign
2018-02-14 03:50:00,0.007911302149295807,0.042464729398489,Benign,0.9967645406723022,0,0.0,Benign
2018-02-14 03:50:05,0.0076873027719557285,0.04093704745173454,Benign,0.9967441558837891,0,0.0,Benign
2018-02-14 03:50:10,0.009062318131327629,0.04212552681565285,Benign,0.9960189461708069,0,0.0,Benign
2018-02-14 03:50:15,0.008950741030275822,0.04205054044723511,Benign,0.9961239695549011,0,0.0,Benign
2018-02-14 03:50:20,0.009233999066054821,0.042056016623973846,Benign,0.9959903359413147,0,0.0,Benign
2018-02-14 03:50:25,0.009143633767962456,0.041041936725378036,Benign,0.9960076808929443,0,0.0,Benign
2018-02-14 03:50:30,0.010049271397292614,0.042188867926597595,Benign,0.9955846667289734,0,0.0,Benign
2018-02-14 03:50:35,0.011340582743287086,0.045016590505838394,Benign,0.9950594902038574,0,0.0,Benign
2018-02-14 03:50:40,0.010901802219450474,0.04314379021525383,Benign,0.9956477284431458,0,0.0,Benign
2018-02-14 03:50:45,0.01014711894094944,0.04216192662715912,Benign,0.9958113431930542,0,0.0,Benign
2018-02-14 03:50:50,0.010463487356901169,0.04246009141206741,Benign,0.9956232905387878,0,0.0,Benign
2018-02-14 03:50:55,0.010851007886230946,0.04395326226949692,Benign,0.995524525642395,0,0.0,Benign
2018-02-14 03:51:00,0.010365711525082588,0.04564235731959343,Benign,0.9957771301269531,0,0.0,Benign
2018-02-14 03:51:05,0.008791930973529816,0.04405473917722702,Benign,0.9963734745979309,0,0.0,Benign
2018-02-14 03:51:10,0.008628512732684612,0.04505036398768425,Benign,0.9963305592536926,0,0.0,Benign
2018-02-14 03:51:15,0.007400043308734894,0.04089795798063278,Benign,0.9968288540840149,0,0.0,Benign
2018-02-14 03:51:20,0.007004113867878914,0.040619347244501114,Benign,0.9968967437744141,0,0.0,Benign
2018-02-14 03:51:25,0.007001712452620268,0.041837580502033234,Benign,0.9968249797821045,0,0.0,Benign
2018-02-14 03:51:30,0.006766026373952627,0.04363539442420006,Benign,0.996908962726593,0,0.0,Benign
2018-02-14 03:51:35,0.007131843827664852,0.04541065916419029,Benign,0.9967032074928284,0,0.0,Benign
2018-02-14 03:51:40,0.006682137958705425,0.044328685849905014,Benign,0.9968858361244202,0,0.0,Benign
2018-02-14 03:51:45,0.006028125993907452,0.0437261164188385,Benign,0.9970331192016602,0,0.0,Benign
2018-02-14 03:51:50,0.0055753206834197044,0.042634304612874985,Benign,0.9971579313278198,0,0.0,Benign
2018-02-14 03:51:55,0.005456538405269384,0.04058779403567314,Benign,0.9972108006477356,0,0.0,Benign
2018-02-14 03:52:00,0.006182217039167881,0.04143295809626579,Benign,0.9969768524169922,0,0.0,Benign
2018-02-14 03:52:05,0.006141225341707468,0.04063022509217262,Benign,0.9970669150352478,0,0.0,Benign
2018-02-14 03:52:10,0.007269316352903843,0.044384412467479706,Benign,0.9967033267021179,0,0.0,Benign
2018-02-14 03:52:15,0.0077568357810378075,0.043674468994140625,Benign,0.9966021776199341,0,0.0,Benign
2018-02-14 03:52:20,0.007222144398838282,0.0417964868247509,Benign,0.9968794584274292,0,0.0,Benign
2018-02-14 03:52:25,0.007382967974990606,0.04032326862215996,Benign,0.9968284964561462,0,0.0,Benign
2018-02-14 03:52:30,0.007596851792186499,0.04238320142030716,Benign,0.9966762065887451,0,0.0,Benign
2018-02-14 03:52:35,0.007663463242352009,0.04202176630496979,Benign,0.9965745210647583,0,0.0,Benign
2018-02-14 03:52:40,0.00842349324375391,0.0443149171769619,Benign,0.996381402015686,0,0.0,Benign
2018-02-14 03:52:45,0.00786662194877863,0.04334403574466705,Benign,0.9965895414352417,0,0.0,Benign
2018-02-14 03:52:50,0.008112375624477863,0.04201529175043106,Benign,0.9964721202850342,0,0.0,Benign
2018-02-14 03:52:55,0.007036896422505379,0.04306921362876892,Benign,0.9967818260192871,0,0.0,Benign
2018-02-14 03:53:00,0.006341582629829645,0.040370114147663116,Benign,0.99698406457901,0,0.0,Benign
2018-02-14 03:53:05,0.006731199100613594,0.04109642282128334,Benign,0.9967871904373169,0,0.0,Benign
2018-02-14 03:53:10,0.007019654847681522,0.04188835993409157,Benign,0.9967055916786194,0,0.0,Benign
2018-02-14 03:53:15,0.007041932549327612,0.041607726365327835,Benign,0.9967694282531738,0,0.0,Benign
2018-02-14 03:53:20,0.006608013063669205,0.0397612601518631,Benign,0.9969884753227234,0,0.0,Benign
2018-02-14 03:53:25,0.007376071996986866,0.041108887642621994,Benign,0.9966918230056763,0,0.0,Benign
2018-02-14 03:53:30,0.007558035664260387,0.041923727840185165,Benign,0.996645987033844,0,0.0,Benign
2018-02-14 03:53:35,0.007651686668395996,0.04176335036754608,Benign,0.9965918064117432,0,0.0,Benign
2018-02-14 03:53:40,0.00811249390244484,0.04147515445947647,Benign,0.9964660406112671,0,0.0,Benign
2018-02-14 03:53:45,0.00844583474099636,0.04147609323263168,Benign,0.9965035915374756,0,0.0,Benign
2018-02-14 03:53:50,0.008356043137609959,0.04030054807662964,Benign,0.9965399503707886,0,0.0,Benign
2018-02-14 03:53:55,0.008871983736753464,0.04015932232141495,Benign,0.9962511658668518,0,0.0,Benign
2018-02-14 03:54:00,0.009503686800599098,0.041149694472551346,Benign,0.9959743618965149,0,0.0,Benign
2018-02-14 03:54:05,0.010599613189697266,0.045416995882987976,Benign,0.9954162836074829,0,0.0,Benign
2018-02-14 03:54:10,0.010072094388306141,0.04696481302380562,Benign,0.995591402053833,0,0.0,Benign
2018-02-14 03:54:15,0.008477583527565002,0.046388205140829086,Benign,0.9961503744125366,0,0.0,Benign
2018-02-14 03:54:20,0.007309095934033394,0.04658401012420654,Benign,0.9965447783470154,0,0.0,Benign
2018-02-14 03:54:25,0.007251695264130831,0.04276720806956291,Benign,0.9965910911560059,0,0.0,Benign
2018-02-14 03:54:30,0.007124979514628649,0.04226535186171532,Benign,0.9966233968734741,0,0.0,Benign
2018-02-14 03:54:35,0.007816902361810207,0.04168746620416641,Benign,0.9963811039924622,0,0.0,Benign
2018-02-14 03:54:40,0.007877638563513756,0.041093647480010986,Benign,0.9964315891265869,0,0.0,Benign
2018-02-14 03:54:45,0.008231662213802338,0.0420440137386322,Benign,0.9962998032569885,0,0.0,Benign
2018-02-14 03:54:50,0.008867648430168629,0.04195491969585419,Benign,0.9960971474647522,0,0.0,Benign
2018-02-14 03:54:55,0.009565446525812149,0.04326321929693222,Benign,0.9958257675170898,0,0.0,Benign
2018-02-14 03:55:00,0.010369131341576576,0.04431387037038803,Benign,0.9955079555511475,0,0.0,Benign
2018-02-14 03:55:05,0.010539361275732517,0.0455688014626503,Benign,0.9955371618270874,0,0.0,Benign
2018-02-14 03:55:10,0.010408904403448105,0.045706819742918015,Benign,0.9956094622612,0,0.0,Benign
2018-02-14 03:55:15,0.010769698768854141,0.04759960621595383,Benign,0.9954771399497986,0,0.0,Benign
2018-02-14 03:55:20,0.010837417095899582,0.049150414764881134,Benign,0.9954491257667542,0,0.0,Benign
2018-02-14 03:55:25,0.00984515156596899,0.047573987394571304,Benign,0.9957665205001831,0,0.0,Benign
2018-02-14 03:55:30,0.01029324159026146,0.047553736716508865,Benign,0.9956444501876831,0,0.0,Benign
2018-02-14 03:55:35,0.010534508153796196,0.04712521284818649,Benign,0.9955991506576538,0,0.0,Benign
2018-02-14 03:55:40,0.010927416384220123,0.04848112538456917,Benign,0.9955031275749207,0,0.0,Benign
2018-02-14 03:55:45,0.011451490223407745,0.04838373139500618,Benign,0.9954900145530701,0,0.0,Benign
2018-02-14 03:55:50,0.011399893090128899,0.046652600169181824,Benign,0.9954267740249634,0,0.0,Benign
2018-02-14 03:55:55,0.01117908675223589,0.04665188491344452,Benign,0.9955509901046753,0,0.0,Benign
2018-02-14 03:56:00,0.010550848208367825,0.0502004437148571,Benign,0.9956265687942505,0,0.0,Benign
2018-02-14 03:56:05,0.009480991400778294,0.049195896834135056,Benign,0.9957780838012695,0,0.0,Benign
2018-02-14 03:56:10,0.00941992737352848,0.05223791301250458,Benign,0.9952914714813232,0,0.0,Benign
2018-02-14 03:56:15,0.009453358128666878,0.05296594649553299,Benign,0.9949527978897095,0,0.0,Benign
2018-02-14 03:56:20,0.01057418528944254,0.0537237748503685,Benign,0.9945248365402222,0,0.0,Benign
2018-02-14 03:56:25,0.01076076552271843,0.05369227007031441,Benign,0.9944831728935242,0,0.0,Benign
2018-02-14 03:56:30,0.010709543712437153,0.0548831969499588,Benign,0.9945592284202576,0,0.0,Benign
2018-02-14 03:56:35,0.010607982985675335,0.05760277807712555,Benign,0.9945829510688782,0,0.0,Benign
2018-02-14 03:56:40,0.0097782788798213,0.05872350186109543,Benign,0.9947147965431213,0,0.0,Benign
2018-02-14 03:56:45,0.009822743013501167,0.06234773248434067,Benign,0.9942581653594971,0,0.0,Benign
2018-02-14 03:56:50,0.009086225181818008,0.06055041775107384,Benign,0.9946700930595398,0,0.0,Benign
2018-02-14 03:56:55,0.00869210995733738,0.05854644998908043,Benign,0.9949766993522644,0,0.0,Benign
2018-02-14 03:57:00,0.010172611102461815,0.06052704527974129,Benign,0.9941573143005371,0,0.0,Benign
2018-02-14 03:57:05,0.01210588775575161,0.06512419879436493,Benign,0.9929513335227966,0,0.0,Benign
2018-02-14 03:57:10,0.015279578045010567,0.0720636248588562,Benign,0.9911791682243347,0,0.0,Benign
2018-02-14 03:57:15,0.017456870526075363,0.07322719693183899,Benign,0.9902869462966919,0,0.0,Benign
2018-02-14 03:57:20,0.017454076558351517,0.06942500174045563,Benign,0.9906092882156372,0,0.0,Benign
2018-02-14 03:57:25,0.014888939447700977,0.0671466514468193,Benign,0.9918075203895569,0,0.0,Benign
2018-02-14 03:57:30,0.012527169659733772,0.06239371374249458,Benign,0.9932098984718323,0,0.0,Benign
2018-02-14 03:57:35,0.010325439274311066,0.05874911695718765,Benign,0.9945328235626221,0,0.0,Benign
2018-02-14 03:57:40,0.010236039757728577,0.05932586267590523,Benign,0.9945512413978577,0,0.0,Benign
2018-02-14 03:57:45,0.009593757800757885,0.05313793197274208,Benign,0.9950981736183167,0,0.0,Benign
2018-02-14 03:57:50,0.009723241440951824,0.05203164741396904,Benign,0.9952622652053833,0,0.0,Benign
2018-02-14 03:57:55,0.009392616339027882,0.04925457760691643,Benign,0.9953197836875916,0,0.0,Benign
2018-02-14 03:58:00,0.008558079600334167,0.04927444085478783,Benign,0.9955096244812012,0,0.0,Benign
2018-02-14 03:58:05,0.007589342072606087,0.05017511919140816,Benign,0.9956303834915161,0,0.0,Benign
2018-02-14 03:58:10,0.0058182659558951855,0.045665618032217026,Benign,0.9967402815818787,0,0.0,Benign
2018-02-14 03:58:15,0.005773370154201984,0.042743682861328125,Benign,0.9968101382255554,0,0.0,Benign
2018-02-14 03:58:20,0.006444553378969431,0.04360201582312584,Benign,0.9964621663093567,0,0.0,Benign
2018-02-14 03:58:25,0.006654154043644667,0.041846081614494324,Benign,0.9964724779129028,0,0.0,Benign
2018-02-14 03:58:30,0.007048586383461952,0.04161117225885391,Benign,0.9962865114212036,0,0.0,Benign
2018-02-14 03:58:35,0.008319912478327751,0.04767242446541786,Benign,0.9950562715530396,0,0.0,Benign
2018-02-14 03:58:40,0.0077182636596262455,0.04923568293452263,Benign,0.9952878952026367,0,0.0,Benign
2018-02-14 03:58:45,0.007327694911509752,0.04894614219665527,Benign,0.9955500364303589,0,0.0,Benign
2018-02-14 03:58:50,0.007102447561919689,0.04995576664805412,Benign,0.9956640601158142,0,0.0,Benign
2018-02-14 03:58:55,0.006531035993248224,0.04927783086895943,Benign,0.9960666298866272,0,0.0,Benign
2018-02-14 03:59:00,0.005973930470645428,0.051056887954473495,Benign,0.9961944818496704,0,0.0,Benign
2018-02-14 03:59:05,0.0062804254703223705,0.051336366683244705,Benign,0.9960609078407288,0,0.0,Benign
2018-02-14 03:59:10,0.006815099157392979,0.05268726125359535,Benign,0.995753288269043,0,0.0,Benign
2018-02-14 03:59:15,0.007515071891248226,0.054632097482681274,Benign,0.995322048664093,0,0.0,Benign
2018-02-14 03:59:20,0.009293517097830772,0.05840381979942322,Benign,0.9943501353263855,0,0.0,Benign
2018-02-14 03:59:25,0.009224597364664078,0.059746962040662766,Benign,0.994284451007843,0,0.0,Benign
2018-02-14 03:59:30,0.010650505311787128,0.06191959232091904,Benign,0.9933498501777649,0,0.0,Benign
2018-02-14 03:59:35,0.011145306751132011,0.06453581899404526,Benign,0.9929218888282776,0,0.0,Benign
2018-02-14 03:59:40,0.01159214973449707,0.0647381991147995,Benign,0.9926794767379761,0,0.0,Benign
2018-02-14 03:59:45,0.012451330199837685,0.06366328150033951,Benign,0.9924132227897644,0,0.0,Benign
2018-02-14 03:59:50,0.010660423897206783,0.0610552653670311,Benign,0.9934338331222534,0,0.0,Benign
2018-02-14 03:59:55,0.00926260743290186,0.05702301859855652,Benign,0.99442058801651,0,0.0,Benign
2018-02-14 04:00:00,0.008395334705710411,0.05552775412797928,Benign,0.9950757622718811,0,0.0,Benign
2018-02-14 04:00:05,0.007641714531928301,0.05107896402478218,Benign,0.9957026839256287,0,0.0,Benign
2018-02-14 04:00:10,0.007092277053743601,0.048700444400310516,Benign,0.9961394667625427,0,0.0,Benign
2018-02-14 04:00:15,0.0077247414737939835,0.04615810886025429,Benign,0.9960207343101501,0,0.0,Benign
2018-02-14 04:00:20,0.007706980220973492,0.047019146382808685,Benign,0.9959754347801208,0,0.0,Benign
2018-02-14 04:00:25,0.007487598340958357,0.04652610793709755,Benign,0.9960789084434509,0,0.0,Benign
2018-02-14 04:00:30,0.007844320498406887,0.04750046133995056,Benign,0.995872437953949,0,0.0,Benign
2018-02-14 04:00:35,0.00857593584805727,0.04836273565888405,Benign,0.9955581426620483,0,0.0,Benign
2018-02-14 04:00:40,0.00860178004950285,0.05021295323967934,Benign,0.9956130981445312,0,0.0,Benign
2018-02-14 04:00:45,0.008102991618216038,0.04968734085559845,Benign,0.9958349466323853,0,0.0,Benign
2018-02-14 04:00:50,0.008511978201568127,0.04862594231963158,Benign,0.9957977533340454,0,0.0,Benign
2018-02-14 04:00:55,0.010262572206556797,0.05210977792739868,Benign,0.9947766065597534,0,0.0,Benign
2018-02-14 04:01:00,0.012186398729681969,0.05684971064329147,Benign,0.993790328502655,0,0.0,Benign
2018-02-14 04:01:05,0.013705234974622726,0.061644796282052994,Benign,0.9931851029396057,0,0.0,Benign
2018-02-14 04:01:10,0.010424230247735977,0.057991333305835724,Benign,0.9948083758354187,0,0.0,Benign
2018-02-14 04:01:15,0.008967086672782898,0.052938055247068405,Benign,0.9953871369361877,0,0.0,Benign
2018-02-14 04:01:20,0.00780519051477313,0.048565540462732315,Benign,0.9959160685539246,0,0.0,Benign
2018-02-14 04:01:25,0.007722881622612476,0.05003860592842102,Benign,0.9956921935081482,0,0.0,Benign
2018-02-14 04:01:30,0.007675449829548597,0.04953686147928238,Benign,0.9955844283103943,0,0.0,Benign
2018-02-14 04:01:35,0.007676270790398121,0.051419541239738464,Benign,0.9956156015396118,0,0.0,Benign
2018-02-14 04:01:40,0.0062096817418932915,0.05037194490432739,Benign,0.9964166879653931,0,0.0,Benign
2018-02-14 04:01:45,0.006310326512902975,0.049068842083215714,Benign,0.99636310338974,0,0.0,Benign
2018-02-14 04:01:50,0.007081854157149792,0.050847988575696945,Benign,0.9959433674812317,0,0.0,Benign
2018-02-14 04:01:55,0.007107073441147804,0.048244260251522064,Benign,0.9960014224052429,0,0.0,Benign
2018-02-14 04:02:00,0.008173303678631783,0.05021718144416809,Benign,0.9954873919487,0,0.0,Benign
2018-02-14 04:02:05,0.008676677942276001,0.04959382861852646,Benign,0.995319664478302,0,0.0,Benign
2018-02-14 04:02:10,0.00911907758563757,0.04959467053413391,Benign,0.9953493475914001,0,0.0,Benign
2018-02-14 04:02:15,0.008914267644286156,0.046736493706703186,Benign,0.9956961870193481,0,0.0,Benign
2018-02-14 04:02:20,0.00832375232130289,0.04413583129644394,Benign,0.996059775352478,0,0.0,Benign
2018-02-14 04:02:25,0.00835364032536745,0.04347676411271095,Benign,0.9960993528366089,0,0.0,Benign
2018-02-14 04:02:30,0.008462674915790558,0.04287605360150337,Benign,0.9961053729057312,0,0.0,Benign
2018-02-14 04:02:35,0.00885719433426857,0.04431863874197006,Benign,0.9959497451782227,0,0.0,Benign
2018-02-14 04:02:40,0.008758513256907463,0.04288981482386589,Benign,0.9961446523666382,0,0.0,Benign
2018-02-14 04:02:45,0.00971266720443964,0.04466817528009415,Benign,0.9958439469337463,0,0.0,Benign
2018-02-14 04:02:50,0.010126383043825626,0.044276997447013855,Benign,0.9958106279373169,0,0.0,Benign
2018-02-14 04:02:55,0.009503363631665707,0.04185440018773079,Benign,0.9959803819656372,0,0.0,Benign
2018-02-14 04:03:00,0.010001038201153278,0.04374289512634277,Benign,0.9958708882331848,0,0.0,Benign
2018-02-14 04:03:05,0.009962205775082111,0.04703385755419731,Benign,0.9958393573760986,0,0.0,Benign
2018-02-14 04:03:10,0.00912352092564106,0.04681568965315819,Benign,0.995870053768158,0,0.0,Benign
2018-02-14 04:03:15,0.009123661555349827,0.04441199451684952,Benign,0.9959099292755127,0,0.0,Benign
2018-02-14 04:03:20,0.008892422541975975,0.04361272603273392,Benign,0.9960674047470093,0,0.0,Benign
2018-02-14 04:03:25,0.008995773270726204,0.046103496104478836,Benign,0.995978832244873,0,0.0,Benign
2018-02-14 04:03:30,0.008410152979195118,0.04657544195652008,Benign,0.9961864352226257,0,0.0,Benign
2018-02-14 04:03:35,0.007525118533521891,0.045557450503110886,Benign,0.9964866638183594,0,0.0,Benign
2018-02-14 04:03:40,0.007150053046643734,0.04673983156681061,Benign,0.9965516328811646,0,0.0,Benign
2018-02-14 04:03:45,0.006907165981829166,0.04318571090698242,Benign,0.9966748952865601,0,0.0,Benign
2018-02-14 04:03:50,0.00720787001773715,0.043028052896261215,Benign,0.9965856075286865,0,0.0,Benign
2018-02-14 04:03:55,0.007358253467828035,0.041806112974882126,Benign,0.9965693950653076,0,0.0,Benign
2018-02-14 04:04:00,0.007954285480082035,0.04285672679543495,Benign,0.9964389801025391,0,0.0,Benign
2018-02-14 04:04:05,0.007327054161578417,0.041550569236278534,Benign,0.9967411160469055,0,0.0,Benign
2018-02-14 04:04:10,0.007600326091051102,0.04096653312444687,Benign,0.9966525435447693,0,0.0,Benign
2018-02-14 04:04:15,0.007987654767930508,0.04027797281742096,Benign,0.9965981841087341,0,0.0,Benign
2018-02-14 04:04:20,0.007762636989355087,0.03914308920502663,Benign,0.996711015701294,0,0.0,Benign
2018-02-14 04:04:25,0.008007621392607689,0.03987332433462143,Benign,0.9965624213218689,0,0.0,Benign
2018-02-14 04:04:30,0.0078085302375257015,0.0394943431019783,Benign,0.9966700673103333,0,0.0,Benign
2018-02-14 04:04:35,0.008050628006458282,0.039574526250362396,Benign,0.9966272711753845,0,0.0,Benign
2018-02-14 04:04:40,0.008049540221691132,0.03970377519726753,Benign,0.996720016002655,0,0.0,Benign
2018-02-14 04:04:45,0.007406490854918957,0.037078507244586945,Benign,0.9971808195114136,0,0.0,Benign
2018-02-14 04:04:50,0.007240821607410908,0.03897404670715332,Benign,0.997067391872406,0,0.0,Benign
2018-02-14 04:04:55,0.007082229945808649,0.03846568241715431,Benign,0.9970625042915344,0,0.0,Benign
2018-02-14 04:05:00,0.0071572293527424335,0.04076860845088959,Benign,0.996977686882019,0,0.0,Benign
2018-02-14 04:05:05,0.007587999105453491,0.04129202663898468,Benign,0.9967549443244934,0,0.0,Benign
2018-02-14 04:05:10,0.007034114561975002,0.03923352062702179,Benign,0.997032642364502,0,0.0,Benign
2018-02-14 04:05:15,0.007153869140893221,0.03859219327569008,Benign,0.9969985485076904,0,0.0,Benign
2018-02-14 04:05:20,0.00747053325176239,0.03996808081865311,Benign,0.9968294501304626,0,0.0,Benign
2018-02-14 04:05:25,0.008019421249628067,0.040405210107564926,Benign,0.9966374635696411,0,0.0,Benign
2018-02-14 04:05:30,0.00870576873421669,0.04236995056271553,Benign,0.9964183568954468,0,0.0,Benign
2018-02-14 04:05:35,0.009189476259052753,0.04246239736676216,Benign,0.9962771534919739,0,0.0,Benign
2018-02-14 04:05:40,0.00993824377655983,0.043491508811712265,Benign,0.9960489869117737,0,0.0,Benign
2018-02-14 04:05:45,0.010715113021433353,0.045168209820985794,Benign,0.9958599209785461,0,0.0,Benign
2018-02-14 04:05:50,0.01127419900149107,0.04612978175282478,Benign,0.9955844283103943,0,0.0,Benign
2018-02-14 04:05:55,0.01120801456272602,0.04837005212903023,Benign,0.9956199526786804,0,0.0,Benign
2018-02-14 04:06:00,0.01296229287981987,0.05172085389494896,Benign,0.9946029782295227,0,0.0,Benign
2018-02-14 04:06:05,0.013276484794914722,0.05127273127436638,Benign,0.994638979434967,0,0.0,Benign
2018-02-14 04:06:10,0.014033778570592403,0.052794866263866425,Benign,0.994268536567688,0,0.0,Benign
2018-02-14 04:06:15,0.014442205429077148,0.054435838013887405,Benign,0.9941776990890503,0,0.0,Benign
2018-02-14 04:06:20,0.013290478847920895,0.05333328619599342,Benign,0.9945977926254272,0,0.0,Benign
2018-02-14 04:06:25,0.01002271194010973,0.05060378089547157,Benign,0.9957614541053772,0,0.0,Benign
2018-02-14 04:06:30,0.007941190153360367,0.04708300903439522,Benign,0.9965040683746338,0,0.0,Benign
2018-02-14 04:06:35,0.007668072823435068,0.04255974665284157,Benign,0.9965971112251282,0,0.0,Benign
2018-02-14 04:06:40,0.007619165815412998,0.040282633155584335,Benign,0.9966332316398621,0,0.0,Benign
2018-02-14 04:06:45,0.007706087082624435,0.04017909616231918,Benign,0.9964906573295593,0,0.0,Benign
2018-02-14 04:06:50,0.007325944025069475,0.03828784450888634,Benign,0.9967406392097473,0,0.0,Benign
2018-02-14 04:06:55,0.007553529925644398,0.03738949075341225,Benign,0.9966111779212952,0,0.0,Benign
2018-02-14 04:07:00,0.007495657075196505,0.03612456098198891,Benign,0.9968276619911194,0,0.0,Benign
2018-02-14 04:07:05,0.007230572868138552,0.03618656098842621,Benign,0.9968934059143066,0,0.0,Benign
2018-02-14 04:07:10,0.007664054166525602,0.03875856101512909,Benign,0.9968206882476807,0,0.0,Benign
2018-02-14 04:07:15,0.008121589198708534,0.03961337357759476,Benign,0.9965795874595642,0,0.0,Benign
2018-02-14 04:07:20,0.007829686626791954,0.03875403106212616,Benign,0.9966502785682678,0,0.0,Benign
2018-02-14 04:07:25,0.00812107790261507,0.03879307582974434,Benign,0.9964962601661682,0,0.0,Benign
2018-02-14 04:07:30,0.008694520220160484,0.041038013994693756,Benign,0.9963468909263611,0,0.0,Benign
2018-02-14 04:07:35,0.008811167441308498,0.04188002273440361,Benign,0.996434211730957,0,0.0,Benign
2018-02-14 04:07:40,0.009439526125788689,0.044347360730171204,Benign,0.996276319026947,0,0.0,Benign
2018-02-14 04:07:45,0.008341290056705475,0.04595300555229187,Benign,0.9966602325439453,0,0.0,Benign
2018-02-14 04:07:50,0.007044923957437277,0.04025121405720711,Benign,0.9973263740539551,0,0.0,Benign
2018-02-14 04:07:55,0.007267029024660587,0.041634127497673035,Benign,0.9970659613609314,0,0.0,Benign
2018-02-14 04:08:00,0.006605810485780239,0.04119950532913208,Benign,0.9971778392791748,0,0.0,Benign
2018-02-14 04:08:05,0.005964271258562803,0.04281948506832123,Benign,0.9972161054611206,0,0.0,Benign
2018-02-14 04:08:10,0.006262490991503,0.0438925139605999,Benign,0.9967881441116333,0,0.0,Benign
2018-02-14 04:08:15,0.005474323872476816,0.04526331648230553,Benign,0.9969600439071655,0,0.0,Benign
2018-02-14 04:08:20,0.005064321681857109,0.044277988374233246,Benign,0.9970819354057312,0,0.0,Benign
2018-02-14 04:08:25,0.0046591018326580524,0.041387882083654404,Benign,0.997345507144928,0,0.0,Benign
2018-02-14 04:08:30,0.005472940392792225,0.04423796385526657,Benign,0.9969730377197266,0,0.0,Benign
2018-02-14 04:08:35,0.005785299465060234,0.04308208078145981,Benign,0.9969417452812195,0,0.0,Benign
2018-02-14 04:08:40,0.0062146661803126335,0.04294012859463692,Benign,0.9968804121017456,0,0.0,Benign
2018-02-14 04:08:45,0.006863849237561226,0.04269486293196678,Benign,0.9966678023338318,0,0.0,Benign
2018-02-14 04:08:50,0.007344467099756002,0.04226080700755119,Benign,0.9966670870780945,0,0.0,Benign
2018-02-14 04:08:55,0.008020346984267235,0.04278592765331268,Benign,0.9964272379875183,0,0.0,Benign
2018-02-14 04:09:00,0.008822542615234852,0.04383287951350212,Benign,0.9961512684822083,0,0.0,Benign
2018-02-14 04:09:05,0.00919955875724554,0.043225280940532684,Benign,0.9960222840309143,0,0.0,Benign
2018-02-14 04:09:10,0.010785991325974464,0.04577619209885597,Benign,0.9955313801765442,0,0.0,Benign
2018-02-14 04:09:15,0.011669311672449112,0.046658676117658615,Benign,0.9953644275665283,0,0.0,Benign
2018-02-14 04:09:20,0.015158472582697868,0.05104309692978859,Benign,0.9936996698379517,0,0.0,Benign
2018-02-14 04:09:25,0.01566280983388424,0.05221518129110336,Benign,0.9936834573745728,0,0.0,Benign
2018-02-14 04:09:30,0.013952895067632198,0.05022801458835602,Benign,0.9942348599433899,0,0.0,Benign
2018-02-14 04:09:35,0.015315922908484936,0.05153458192944527,Benign,0.9938716888427734,0,0.0,Benign
2018-02-14 04:09:40,0.014647782780230045,0.05505598336458206,Benign,0.994114339351654,0,0.0,Benign
2018-02-14 04:09:45,0.012980223633348942,0.054842907935380936,Benign,0.9946651458740234,0,0.0,Benign
2018-02-14 04:09:50,0.011836924590170383,0.054687678813934326,Benign,0.9949407577514648,0,0.0,Benign
2018-02-14 04:09:55,0.010735826566815376,0.05224592611193657,Benign,0.995266318321228,0,0.0,Benign
2018-02-14 04:10:00,0.010490304790437222,0.05201985314488411,Benign,0.9951979517936707,0,0.0,Benign
2018-02-14 04:10:05,0.010195611044764519,0.05499236285686493,Benign,0.9951352477073669,0,0.0,Benign
2018-02-14 04:10:10,0.008814606815576553,0.05218380317091942,Benign,0.9956839084625244,0,0.0,Benign
2018-02-14 04:10:15,0.008271985687315464,0.04898078367114067,Benign,0.995905876159668,0,0.0,Benign
2018-02-14 04:10:20,0.008658195845782757,0.048507679253816605,Benign,0.9957418441772461,0,0.0,Benign
2018-02-14 04:10:25,0.008704197593033314,0.049865301698446274,Benign,0.9956789612770081,0,0.0,Benign
2018-02-14 04:10:30,0.009883453138172626,0.05007581785321236,Benign,0.9953781366348267,0,0.0,Benign
2018-02-14 04:10:35,0.012080485001206398,0.05543740093708038,Benign,0.9945421814918518,0,0.0,Benign
2018-02-14 04:10:40,0.013016904704272747,0.05743292719125748,Benign,0.9943544864654541,0,0.0,Benign
2018-02-14 04:10:45,0.013644303195178509,0.05574590712785721,Benign,0.9942107200622559,0,0.0,Benign
2018-02-14 04:10:50,0.01455077063292265,0.055907491594552994,Benign,0.9938515424728394,0,0.0,Benign
2018-02-14 04:10:55,0.016069462522864342,0.05688485875725746,Benign,0.9931613206863403,0,0.0,Benign
2018-02-14 04:11:00,0.014660279266536236,0.054867565631866455,Benign,0.9937058091163635,0,0.0,Benign
2018-02-14 04:11:05,0.016881270334124565,0.05632944405078888,Benign,0.9929592609405518,0,0.0,Benign
2018-02-14 04:11:10,0.016985490918159485,0.056434206664562225,Benign,0.9928240776062012,0,0.0,Benign
2018-02-14 04:11:15,0.0174120906740427,0.05681290477514267,Benign,0.9926544427871704,0,0.0,Benign
2018-02-14 04:11:20,0.019087176769971848,0.0590188167989254,Benign,0.9920881390571594,0,0.0,Benign
2018-02-14 04:11:25,0.019336577504873276,0.05945242568850517,Benign,0.992032527923584,0,0.0,Benign
2018-02-14 04:11:30,0.02041030116379261,0.06025075912475586,Benign,0.9917196035385132,0,0.0,Benign
2018-02-14 04:11:35,0.02221384085714817,0.062115978449583054,Benign,0.9911562204360962,0,0.0,Benign
2018-02-14 04:11:40,0.023803310468792915,0.06419012695550919,Benign,0.9905261993408203,0,0.0,Benign
2018-02-14 04:11:45,0.02576441690325737,0.06685642898082733,Benign,0.9897728562355042,0,0.0,Benign
2018-02-14 04:11:50,0.02584483101963997,0.06639032810926437,Benign,0.9897706508636475,0,0.0,Benign
2018-02-14 04:11:55,0.02652605250477791,0.06670849025249481,Benign,0.9895164370536804,0,0.0,Benign
2018-02-14 04:12:00,0.026307428255677223,0.06679774075746536,Benign,0.9897867441177368,0,0.0,Benign
2018-02-14 04:12:05,0.02918393909931183,0.07062241435050964,Benign,0.9890187978744507,0,0.0,Benign
2018-02-14 04:12:10,0.03032160922884941,0.0720931887626648,Benign,0.989140510559082,0,0.0,Benign
2018-02-14 04:12:15,0.03281553462147713,0.07629694789648056,Benign,0.9886243343353271,0,0.0,Benign
2018-02-14 04:12:20,0.027704615145921707,0.06885428726673126,Benign,0.9900789260864258,0,0.0,Benign
2018-02-14 04:12:25,0.023500751703977585,0.06382835656404495,Benign,0.9913915395736694,0,0.0,Benign
2018-02-14 04:12:30,0.019112322479486465,0.0581488311290741,Benign,0.9929927587509155,0,0.0,Benign
2018-02-14 04:12:35,0.015699515119194984,0.05257192999124527,Benign,0.9941034913063049,0,0.0,Benign
2018-02-14 04:12:40,0.014912107028067112,0.05058732256293297,Benign,0.9941985607147217,0,0.0,Benign
2018-02-14 04:12:45,0.012100796215236187,0.04516316205263138,Benign,0.9951801300048828,0,0.0,Benign
2018-02-14 04:12:50,0.010202272795140743,0.04134441539645195,Benign,0.9962118864059448,0,0.0,Benign
2018-02-14 04:12:55,0.00913496408611536,0.03988948091864586,Benign,0.9964385032653809,0,0.0,Benign
2018-02-14 04:13:00,0.008690454065799713,0.039401642978191376,Benign,0.9964543581008911,0,0.0,Benign
2018-02-14 04:13:05,0.007709610275924206,0.03790914639830589,Benign,0.9967365860939026,0,0.0,Benign
2018-02-14 04:13:10,0.007690980564802885,0.037287637591362,Benign,0.9967241883277893,0,0.0,Benign
2018-02-14 04:13:15,0.0077408985234797,0.03824364021420479,Benign,0.9965804219245911,0,0.0,Benign
2018-02-14 04:13:20,0.007575731724500656,0.03737933933734894,Benign,0.9967359900474548,0,0.0,Benign
2018-02-14 04:13:25,0.007828919216990471,0.03664205223321915,Benign,0.9968493580818176,0,0.0,Benign
2018-02-14 04:13:30,0.008334039710462093,0.038853105157613754,Benign,0.9966149926185608,0,0.0,Benign
2018-02-14 04:13:35,0.008449165150523186,0.038805779069662094,Benign,0.9965368509292603,0,0.0,Benign
2018-02-14 04:13:40,0.008745772764086723,0.040260836482048035,Benign,0.9964385032653809,0,0.0,Benign
2018-02-14 04:13:45,0.008923056535422802,0.04184328019618988,Benign,0.9964159727096558,0,0.0,Benign
2018-02-14 04:13:50,0.009315823204815388,0.045282673090696335,Benign,0.9960927367210388,0,0.0,Benign
2018-02-14 04:13:55,0.008601902052760124,0.04613377898931503,Benign,0.9962961077690125,0,0.0,Benign
2018-02-14 04:14:00,0.008853377774357796,0.045655008405447006,Benign,0.9962347149848938,0,0.0,Benign
2018-02-14 04:14:05,0.010360718704760075,0.04992109164595604,Benign,0.9956309795379639,0,0.0,Benign
2018-02-14 04:14:10,0.009559945203363895,0.04970172047615051,Benign,0.9959169030189514,0,0.0,Benign
2018-02-14 04:14:15,0.008934731595218182,0.050203487277030945,Benign,0.9959601759910583,0,0.0,Benign
2018-02-14 04:14:20,0.009645296260714531,0.05641452223062515,Benign,0.9951434135437012,0,0.0,Benign
2018-02-14 04:14:25,0.008503889665007591,0.05849828943610191,Benign,0.9952427744865417,0,0.0,Benign
2018-02-14 04:14:30,0.008038577623665333,0.05738840252161026,Benign,0.9954120516777039,0,0.0,Benign
2018-02-14 04:14:35,0.007653363514691591,0.05843276157975197,Benign,0.9956243634223938,0,0.0,Benign
2018-02-14 04:14:40,0.007005088962614536,0.05906397104263306,Benign,0.9959754347801208,0,0.0,Benign
2018-02-14 04:14:45,0.005646525416523218,0.05209788680076599,Benign,0.9968067407608032,0,0.0,Benign
2018-02-14 04:14:50,0.0048881047405302525,0.045216161757707596,Benign,0.9972866773605347,0,0.0,Benign
2018-02-14 04:14:55,0.004859229549765587,0.04482928290963173,Benign,0.9972944855690002,0,0.0,Benign
2018-02-14 04:15:00,0.005025030113756657,0.04204483702778816,Benign,0.997296154499054,0,0.0,Benign
2018-02-14 04:15:05,0.004781029187142849,0.04083503410220146,Benign,0.9974594712257385,0,0.0,Benign
2018-02-14 04:15:10,0.004539038985967636,0.04075324162840843,Benign,0.9975706934928894,0,0.0,Benign
2018-02-14 04:15:15,0.004898688290268183,0.03896331787109375,Benign,0.9974266886711121,0,0.0,Benign
2018-02-14 04:15:20,0.005049888044595718,0.04018455371260643,Benign,0.9973217844963074,0,0.0,Benign
2018-02-14 04:15:25,0.005057958886027336,0.040650371462106705,Benign,0.9972967505455017,0,0.0,Benign
2018-02-14 04:15:30,0.006164196413010359,0.04246194288134575,Benign,0.99678635597229,0,0.0,Benign
2018-02-14 04:15:35,0.0063322726637125015,0.04154578968882561,Benign,0.9968017339706421,0,0.0,Benign
2018-02-14 04:15:40,0.006089202128350735,0.04172525554895401,Benign,0.9969088435173035,0,0.0,Benign
2018-02-14 04:15:45,0.006373080890625715,0.04295702278614044,Benign,0.9967505931854248,0,0.0,Benign
2018-02-14 04:15:50,0.00664133857935667,0.04060031846165657,Benign,0.996708869934082,0,0.0,Benign
2018-02-14 04:15:55,0.006498303264379501,0.04240688681602478,Benign,0.9967504739761353,0,0.0,Benign
2018-02-14 04:16:00,0.006588506978005171,0.043170053511857986,Benign,0.9967331886291504,0,0.0,Benign
2018-02-14 04:16:05,0.0070059774443507195,0.0407588854432106,Benign,0.9969536066055298,0,0.0,Benign
2018-02-14 04:16:10,0.007047222461551428,0.04212408512830734,Benign,0.9968585968017578,0,0.0,Benign
2018-02-14 04:16:15,0.00768029922619462,0.04210599139332771,Benign,0.9963604807853699,0,0.0,Benign
2018-02-14 04:16:20,0.008438852615654469,0.042721476405858994,Benign,0.9960665106773376,0,0.0,Benign
2018-02-14 04:16:25,0.008803007192909718,0.0424368791282177,Benign,0.9960107803344727,0,0.0,Benign
2018-02-14 04:16:30,0.008598880842328072,0.041631877422332764,Benign,0.9961626529693604,0,0.0,Benign
2018-02-14 04:16:35,0.009001947939395905,0.0457674041390419,Benign,0.9956957101821899,0,0.0,Benign
2018-02-14 04:16:40,0.009182818233966827,0.050020113587379456,Benign,0.9951542615890503,0,0.0,Benign
2018-02-14 04:16:45,0.00904653500765562,0.05361012741923332,Benign,0.9947115182876587,0,0.0,Benign
2018-02-14 04:16:50,0.010015424340963364,0.05675460025668144,Benign,0.9941253662109375,0,0.0,Benign
2018-02-14 04:16:55,0.011721611954271793,0.06085744500160217,Benign,0.9931077361106873,0,0.0,Benign
2018-02-14 04:17:00,0.014707902446389198,0.06749751418828964,Benign,0.9917365908622742,0,0.0,Benign
2018-02-14 04:17:05,0.019427554681897163,0.07235050946474075,Benign,0.9898446798324585,0,0.0,Benign
2018-02-14 04:17:10,0.02527770958840847,0.08007273077964783,Benign,0.9869624972343445,0,0.0,Benign
2018-02-14 04:17:15,0.0336623340845108,0.0873228907585144,Benign,0.9836123585700989,0,0.0,Benign
2018-02-14 04:17:20,0.038111768662929535,0.08876383304595947,Benign,0.9829170107841492,0,0.0,Benign
2018-02-14 04:17:25,0.03312043100595474,0.08040053397417068,Benign,0.9854713678359985,0,0.0,Benign
2018-02-14 04:17:30,0.024765929207205772,0.07182800769805908,Benign,0.9890753030776978,0,0.0,Benign
2018-02-14 04:17:35,0.021957263350486755,0.06877732276916504,Benign,0.9904096126556396,0,0.0,Benign
2018-02-14 04:17:40,0.020420871675014496,0.06720758229494095,Benign,0.9910904169082642,0,0.0,Benign
2018-02-14 04:17:45,0.014836067333817482,0.05857338011264801,Benign,0.9934725761413574,0,0.0,Benign
2018-02-14 04:17:50,0.013452356681227684,0.05401509627699852,Benign,0.9941995143890381,0,0.0,Benign
2018-02-14 04:17:55,0.010624115355312824,0.04769818112254143,Benign,0.9954291582107544,0,0.0,Benign
2018-02-14 04:18:00,0.009307308122515678,0.043994080275297165,Benign,0.995897650718689,0,0.0,Benign
2018-02-14 04:18:05,0.00971519947052002,0.044235922396183014,Benign,0.9956542253494263,0,0.0,Benign
2018-02-14 04:18:10,0.00999384094029665,0.04466378316283226,Benign,0.9953595995903015,0,0.0,Benign
2018-02-14 04:18:15,0.010901221074163914,0.046638477593660355,Benign,0.9947354197502136,0,0.0,Benign
2018-02-14 04:18:20,0.010382885113358498,0.048377636820077896,Benign,0.9949186444282532,0,0.0,Benign
2018-02-14 04:18:25,0.010478991083800793,0.04852030798792839,Benign,0.9949605464935303,0,0.0,Benign
2018-02-14 04:18:30,0.01089480146765709,0.04890105873346329,Benign,0.9948028326034546,0,0.0,Benign
2018-02-14 04:18:35,0.012070536613464355,0.050032760947942734,Benign,0.9941545128822327,0,0.0,Benign
2018-02-14 04:18:40,0.013142972253262997,0.053182248026132584,Benign,0.9935004115104675,0,0.0,Benign
2018-02-14 04:18:45,0.009732307866215706,0.0508219338953495,Benign,0.9949797987937927,0,0.0,Benign
2018-02-14 04:18:50,0.009769275784492493,0.05355638265609741,Benign,0.994723916053772,0,0.0,Benign
2018-02-14 04:18:55,0.009935594163835049,0.051524944603443146,Benign,0.9947819113731384,0,0.0,Benign
2018-02-14 04:19:00,0.012061317451298237,0.05450614169239998,Benign,0.9939071536064148,0,0.0,Benign
2018-02-14 04:19:05,0.011184737086296082,0.05396978557109833,Benign,0.9943801760673523,0,0.0,Benign
2018-02-14 04:19:10,0.011731072328984737,0.052069563418626785,Benign,0.9942554831504822,0,0.0,Benign
2018-02-14 04:19:15,0.011929655447602272,0.055830635130405426,Benign,0.9943607449531555,0,0.0,Benign
2018-02-14 04:19:20,0.011394762434065342,0.05485524237155914,Benign,0.9946005344390869,0,0.0,Benign
2018-02-14 04:19:25,0.012009761296212673,0.05319579318165779,Benign,0.9943154454231262,0,0.0,Benign
2018-02-14 04:19:30,0.0148612754419446,0.0564817376434803,Benign,0.9927559494972229,0,0.0,Benign
2018-02-14 04:19:35,0.018596751615405083,0.06146993488073349,Benign,0.9908077120780945,0,0.0,Benign
2018-02-14 04:19:40,0.022040177136659622,0.06444154679775238,Benign,0.9896144270896912,0,0.0,Benign
2018-02-14 04:19:45,0.026128344237804413,0.07067719846963882,Benign,0.9878038167953491,0,0.0,Benign
2018-02-14 04:19:50,0.024506110697984695,0.07422655820846558,Benign,0.9886502027511597,0,0.0,Benign
2018-02-14 04:19:55,0.025863729417324066,0.07455915957689285,Benign,0.9885830879211426,0,0.0,Benign
2018-02-14 04:20:00,0.026039760559797287,0.07629361003637314,Benign,0.9886723160743713,0,0.0,Benign
2018-02-14 04:20:05,0.025956403464078903,0.08250044286251068,Benign,0.9882718920707703,0,0.0,Benign
2018-02-14 04:20:10,0.02412749081850052,0.07943408191204071,Benign,0.9890831708908081,0,0.0,Benign
2018-02-14 04:20:15,0.023867908865213394,0.07639385759830475,Benign,0.9893962740898132,0,0.0,Benign
2018-02-14 04:20:20,0.020436519756913185,0.0686856210231781,Benign,0.9913913011550903,0,0.0,Benign
2018-02-14 04:20:25,0.018986184149980545,0.06779184192419052,Benign,0.9924604296684265,0,0.0,Benign
2018-02-14 04:20:30,0.017665566876530647,0.0660245418548584,Benign,0.9930082559585571,0,0.0,Benign
2018-02-14 04:20:35,0.016784759238362312,0.06495600193738937,Benign,0.9934601783752441,0,0.0,Benign
2018-02-14 04:20:40,0.014846518635749817,0.05944211781024933,Benign,0.9941555261611938,0,0.0,Benign
2018-02-14 04:20:45,0.01200714148581028,0.05542764440178871,Benign,0.9951989054679871,0,0.0,Benign
2018-02-14 04:20:50,0.011155816726386547,0.05426281690597534,Benign,0.995398223400116,0,0.0,Benign
2018-02-14 04:20:55,0.010819320566952229,0.055987488478422165,Benign,0.9954785704612732,0,0.0,Benign
2018-02-14 04:21:00,0.010243022814393044,0.05712141841650009,Benign,0.9955871105194092,0,0.0,Benign
2018-02-14 04:21:05,0.010040879249572754,0.05883660912513733,Benign,0.9956896901130676,0,0.0,Benign
2018-02-14 04:21:10,0.01122407428920269,0.05775056406855583,Benign,0.9948694705963135,0,0.0,Benign
2018-02-14 04:21:15,0.01088730152696371,0.056450601667165756,Benign,0.9951723217964172,0,0.0,Benign
2018-02-14 04:21:20,0.010582360439002514,0.055797938257455826,Benign,0.9953125715255737,0,0.0,Benign
2018-02-14 04:21:25,0.009439686313271523,0.0507722832262516,Benign,0.9958005547523499,0,0.0,Benign
2018-02-14 04:21:30,0.008571594953536987,0.048875629901885986,Benign,0.996148943901062,0,0.0,Benign
2018-02-14 04:21:35,0.007280949503183365,0.04542755335569382,Benign,0.9966818690299988,0,0.0,Benign
2018-02-14 04:21:40,0.006403183564543724,0.041793085634708405,Benign,0.997011661529541,0,0.0,Benign
2018-02-14 04:21:45,0.006098995450884104,0.03920307382941246,Benign,0.9972435235977173,0,0.0,Benign
2018-02-14 04:21:50,0.00651418324559927,0.04165360704064369,Benign,0.9969761371612549,0,0.0,Benign
2018-02-14 04:21:55,0.006910359486937523,0.04451417177915573,Benign,0.9967886209487915,0,0.0,Benign
2018-02-14 04:22:00,0.00687510147690773,0.04389771446585655,Benign,0.9968212842941284,0,0.0,Benign
2018-02-14 04:22:05,0.007171270437538624,0.04397128149867058,Benign,0.9967578053474426,0,0.0,Benign
2018-02-14 04:22:10,0.00666830874979496,0.04382377862930298,Benign,0.9970056414604187,0,0.0,Benign
2018-02-14 04:22:15,0.0062716021202504635,0.03988131135702133,Benign,0.9971960783004761,0,0.0,Benign
2018-02-14 04:22:20,0.006301953922957182,0.037211351096630096,Benign,0.997225284576416,0,0.0,Benign
2018-02-14 04:22:25,0.006641134154051542,0.03663048520684242,Benign,0.9971032738685608,0,0.0,Benign
2018-02-14 04:22:30,0.007093263790011406,0.037878163158893585,Benign,0.9969478249549866,0,0.0,Benign
2018-02-14 04:22:35,0.00829473976045847,0.04268110543489456,Benign,0.9966805577278137,0,0.0,Benign
2018-02-14 04:22:40,0.008063478395342827,0.041593242436647415,Benign,0.9969534873962402,0,0.0,Benign
2018-02-14 04:22:45,0.007175604812800884,0.03939034417271614,Benign,0.9971592426300049,0,0.0,Benign
2018-02-14 04:22:50,0.00698859291151166,0.040037401020526886,Benign,0.9971600770950317,0,0.0,Benign
2018-02-14 04:22:55,0.006375949829816818,0.0391017310321331,Benign,0.997229278087616,0,0.0,Benign
2018-02-14 04:23:00,0.006215425208210945,0.0376107320189476,Benign,0.9972255825996399,0,0.0,Benign
2018-02-14 04:23:05,0.0055777402594685555,0.036892008036375046,Benign,0.997494101524353,0,0.0,Benign
2018-02-14 04:23:10,0.005757508799433708,0.036139510571956635,Benign,0.9973725080490112,0,0.0,Benign
2018-02-14 04:23:15,0.006066922564059496,0.03678373992443085,Benign,0.9973104000091553,0,0.0,Benign
2018-02-14 04:23:20,0.006074455101042986,0.03456960245966911,Benign,0.9974760413169861,0,0.0,Benign
2018-02-14 04:23:25,0.006299541797488928,0.03528408333659172,Benign,0.9973106384277344,0,0.0,Benign
2018-02-14 04:23:30,0.006621144711971283,0.03630230948328972,Benign,0.9971801042556763,0,0.0,Benign
2018-02-14 04:23:35,0.006787253078073263,0.03733808547258377,Benign,0.9970669150352478,0,0.0,Benign
2018-02-14 04:23:40,0.006670184899121523,0.03874952718615532,Benign,0.9971023201942444,0,0.0,Benign
2018-02-14 04:23:45,0.006334161851555109,0.03786254674196243,Benign,0.9970780611038208,0,0.0,Benign
2018-02-14 04:23:50,0.006523472722619772,0.042333830147981644,Benign,0.9968096613883972,0,0.0,Benign
2018-02-14 04:23:55,0.005961557850241661,0.039571065455675125,Benign,0.9970564842224121,0,0.0,Benign
2018-02-14 04:24:00,0.005773881915956736,0.038476962596178055,Benign,0.9971383810043335,0,0.0,Benign
2018-02-14 04:24:05,0.005563692189753056,0.03892902657389641,Benign,0.9972026348114014,0,0.0,Benign
2018-02-14 04:24:10,0.005041179247200489,0.038190051913261414,Benign,0.9974339604377747,0,0.0,Benign
2018-02-14 04:24:15,0.00493502477183938,0.03769497945904732,Benign,0.9974822402000427,0,0.0,Benign
2018-02-14 04:24:20,0.005137995351105928,0.041025448590517044,Benign,0.9971858859062195,0,0.0,Benign
2018-02-14 04:24:25,0.005014367401599884,0.04247564449906349,Benign,0.99716717004776,0,0.0,Benign
2018-02-14 04:24:30,0.005135667975991964,0.042279064655303955,Benign,0.9971430897712708,0,0.0,Benign
2018-02-14 04:24:35,0.0050654103979468346,0.04125594720244408,Benign,0.9972496628761292,0,0.0,Benign
2018-02-14 04:24:40,0.005411720369011164,0.04293277859687805,Benign,0.9970730543136597,0,0.0,Benign
2018-02-14 04:24:45,0.005022141616791487,0.04153324291110039,Benign,0.997317373752594,0,0.0,Benign
2018-02-14 04:24:50,0.005617678631097078,0.04476049542427063,Benign,0.996918797492981,0,0.0,Benign
2018-02-14 04:24:55,0.005644458811730146,0.04511655867099762,Benign,0.9968858361244202,0,0.0,Benign
2018-02-14 04:25:00,0.005608151201158762,0.04794098064303398,Benign,0.9968342185020447,0,0.0,Benign
2018-02-14 04:25:05,0.005205297842621803,0.04880434647202492,Benign,0.9970124959945679,0,0.0,Benign
2018-02-14 04:25:10,0.00502753397449851,0.04968338832259178,Benign,0.9971203804016113,0,0.0,Benign
2018-02-14 04:25:15,0.005312535911798477,0.04835894703865051,Benign,0.9970008730888367,0,0.0,Benign
2018-02-14 04:25:20,0.006159571465104818,0.05011031776666641,Benign,0.996609091758728,0,0.0,Benign
2018-02-14 04:25:25,0.00645891297608614,0.04962451756000519,Benign,0.9965336322784424,0,0.0,Benign
2018-02-14 04:25:30,0.007790178991854191,0.051119621843099594,Benign,0.9958993792533875,0,0.0,Benign
2018-02-14 04:25:35,0.008996184915304184,0.053126368671655655,Benign,0.9954394698143005,0,0.0,Benign
2018-02-14 04:25:40,0.009790660813450813,0.05404137074947357,Benign,0.9952164888381958,0,0.0,Benign
2018-02-14 04:25:45,0.010519105941057205,0.05331362038850784,Benign,0.9949254989624023,0,0.0,Benign
2018-02-14 04:25:50,0.011526232585310936,0.054277919232845306,Benign,0.9945840239524841,0,0.0,Benign
2018-02-14 04:25:55,0.011882288381457329,0.053645770996809006,Benign,0.9946128129959106,0,0.0,Benign
2018-02-14 04:26:00,0.012540709227323532,0.054348576813936234,Benign,0.9945112466812134,0,0.0,Benign
2018-02-14 04:26:05,0.012908375822007656,0.0528373047709465,Benign,0.994778037071228,0,0.0,Benign
2018-02-14 04:26:10,0.011556620709598064,0.05290260910987854,Benign,0.9950293898582458,0,0.0,Benign
2018-02-14 04:26:15,0.010418330319225788,0.05168112367391586,Benign,0.9953559637069702,0,0.0,Benign
2018-02-14 04:26:20,0.010824181139469147,0.051289383322000504,Benign,0.995025098323822,0,0.0,Benign
2018-02-14 04:26:25,0.010506254620850086,0.051452040672302246,Benign,0.995109498500824,0,0.0,Benign
2018-02-14 04:26:30,0.011354181915521622,0.054803408682346344,Benign,0.9946631193161011,0,0.0,Benign
2018-02-14 04:26:35,0.011855517514050007,0.0564144104719162,Benign,0.994419276714325,0,0.0,Benign
2018-02-14 04:26:40,0.012606926262378693,0.0611986368894577,Benign,0.9937614798545837,0,0.0,Benign
2018-02-14 04:26:45,0.012872675433754921,0.06750023365020752,Benign,0.993043839931488,0,0.0,Benign
2018-02-14 04:26:50,0.012865733355283737,0.07147311419248581,Benign,0.992784857749939,0,0.0,Benign
2018-02-14 04:26:55,0.012860247865319252,0.07336359471082687,Benign,0.9923491477966309,0,0.0,Benign
2018-02-14 04:27:00,0.01402543019503355,0.07612425088882446,Benign,0.9916572570800781,0,0.0,Benign
2018-02-14 04:27:05,0.01260420959442854,0.07163135707378387,Benign,0.9925745725631714,0,0.0,Benign
2018-02-14 04:27:10,0.012714828364551067,0.06777436286211014,Benign,0.9927352666854858,0,0.0,Benign
2018-02-14 04:27:15,0.014116572216153145,0.07141688466072083,Benign,0.9914944171905518,0,0.0,Benign
2018-02-14 04:27:20,0.012675411999225616,0.06979560106992722,Benign,0.9923755526542664,0,0.0,Benign
2018-02-14 04:27:25,0.012051429599523544,0.06492587178945541,Benign,0.99290531873703,0,0.0,Benign
2018-02-14 04:27:30,0.011484199203550816,0.06485381722450256,Benign,0.9933182001113892,0,0.0,Benign
2018-02-14 04:27:35,0.011195301078259945,0.06182284653186798,Benign,0.9936038851737976,0,0.0,Benign
2018-02-14 04:27:40,0.009343245066702366,0.05804765969514847,Benign,0.9945005178451538,0,0.0,Benign
2018-02-14 04:27:45,0.0067254891619086266,0.05008292570710182,Benign,0.9961432814598083,0,0.0,Benign
2018-02-14 04:27:50,0.007232284173369408,0.05140773952007294,Benign,0.9957239627838135,0,0.0,Benign
2018-02-14 04:27:55,0.007871115580201149,0.053205013275146484,Benign,0.9952111840248108,0,0.0,Benign
2018-02-14 04:28:00,0.007979384623467922,0.05493362993001938,Benign,0.99513840675354,0,0.0,Benign
2018-02-14 04:28:05,0.008655368350446224,0.05700095742940903,Benign,0.994691789150238,0,0.0,Benign
2018-02-14 04:28:10,0.010462351143360138,0.06017462536692619,Benign,0.9935395121574402,0,0.0,Benign
2018-02-14 04:28:15,0.010264911688864231,0.058882612735033035,Benign,0.9939562678337097,0,0.0,Benign
2018-02-14 04:28:20,0.011976825073361397,0.060881439596414566,Benign,0.9931095838546753,0,0.0,Benign
2018-02-14 04:28:25,0.011544914916157722,0.05605481192469597,Benign,0.993851900100708,0,0.0,Benign
2018-02-14 04:28:30,0.012058714404702187,0.054532021284103394,Benign,0.9939967393875122,0,0.0,Benign
2018-02-14 04:28:35,0.012146992608904839,0.05234833061695099,Benign,0.9943384528160095,0,0.0,Benign
2018-02-14 04:28:40,0.011469128541648388,0.049784161150455475,Benign,0.9944789409637451,0,0.0,Benign
2018-02-14 04:28:45,0.010938575491309166,0.048577699810266495,Benign,0.9947075843811035,0,0.0,Benign
2018-02-14 04:28:50,0.009925181046128273,0.04720531776547432,Benign,0.9952398538589478,0,0.0,Benign
2018-02-14 04:28:55,0.009923761710524559,0.046169500797986984,Benign,0.9953458905220032,0,0.0,Benign
2018-02-14 04:29:00,0.012095553800463676,0.049283716827631,Benign,0.9942213892936707,0,0.0,Benign
2018-02-14 04:29:05,0.013688568957149982,0.051466479897499084,Benign,0.9934740662574768,0,0.0,Benign
2018-02-14 04:29:10,0.011871179565787315,0.05311738699674606,Benign,0.9942498207092285,0,0.0,Benign
2018-02-14 04:29:15,0.011386986821889877,0.051350485533475876,Benign,0.994490385055542,0,0.0,Benign
2018-02-14 04:29:20,0.010676802136003971,0.04906671494245529,Benign,0.9949693083763123,0,0.0,Benign
2018-02-14 04:29:25,0.009041820652782917,0.04653814435005188,Benign,0.9956921935081482,0,0.0,Benign
2018-02-14 04:29:30,0.008705826476216316,0.04505438357591629,Benign,0.9958303570747375,0,0.0,Benign
2018-02-14 04:29:35,0.009862114675343037,0.045883744955062866,Benign,0.9952658414840698,0,0.0,Benign
2018-02-14 04:29:40,0.010309518314898014,0.04836801066994667,Benign,0.9947803616523743,0,0.0,Benign
2018-02-14 04:29:45,0.009104529395699501,0.0455024354159832,Benign,0.9955059289932251,0,0.0,Benign
2018-02-14 04:29:50,0.008598917163908482,0.0465281717479229,Benign,0.9955061674118042,0,0.0,Benign
2018-02-14 04:29:55,0.009192164056003094,0.04794619232416153,Benign,0.9953629970550537,0,0.0,Benign
2018-02-14 04:30:00,0.008840452879667282,0.04923770949244499,Benign,0.9955018162727356,0,0.0,Benign
2018-02-14 04:30:05,0.009143617004156113,0.0523042231798172,Benign,0.9952451586723328,0,0.0,Benign
2018-02-14 04:30:10,0.009135998785495758,0.05663326755166054,Benign,0.9948530793190002,0,0.0,Benign
2018-02-14 04:30:15,0.008394968695938587,0.05671960115432739,Benign,0.9950844645500183,0,0.0,Benign
2018-02-14 04:30:20,0.007517579011619091,0.05627301707863808,Benign,0.9955451488494873,0,0.0,Benign
2018-02-14 04:30:25,0.006940856110304594,0.055429793894290924,Benign,0.9958594441413879,0,0.0,Benign
2018-02-14 04:30:30,0.007420347072184086,0.05467263236641884,Benign,0.9957062602043152,0,0.0,Benign
2018-02-14 04:30:35,0.00839471910148859,0.06080020219087601,Benign,0.9952432513237,0,0.0,Benign
2018-02-14 04:30:40,0.00796932727098465,0.05869976058602333,Benign,0.9955573678016663,0,0.0,Benign
2018-02-14 04:30:45,0.007842072285711765,0.05774233862757683,Benign,0.9957327246665955,0,0.0,Benign
2018-02-14 04:30:50,0.008167670108377934,0.05484052374958992,Benign,0.9957088232040405,0,0.0,Benign
2018-02-14 04:30:55,0.008433319628238678,0.05542624741792679,Benign,0.9956873059272766,0,0.0,Benign
2018-02-14 04:31:00,0.008852486498653889,0.05299076810479164,Benign,0.9956915974617004,0,0.0,Benign
2018-02-14 04:31:05,0.008303121663630009,0.04961397126317024,Benign,0.9958786964416504,0,0.0,Benign
2018-02-14 04:31:10,0.007632531691342592,0.04742015525698662,Benign,0.9962129592895508,0,0.0,Benign
2018-02-14 04:31:15,0.007193620782345533,0.046357519924640656,Benign,0.9964499473571777,0,0.0,Benign
2018-02-14 04:31:20,0.007326137740164995,0.043046317994594574,Benign,0.9965147376060486,0,0.0,Benign
2018-02-14 04:31:25,0.006612885743379593,0.03932903707027435,Benign,0.9968582391738892,0,0.0,Benign
2018-02-14 04:31:30,0.006614185869693756,0.043421950191259384,Benign,0.9967293739318848,0,0.0,Benign
2018-02-14 04:31:35,0.0066797868348658085,0.04377050697803497,Benign,0.9967017769813538,0,0.0,Benign
2018-02-14 04:31:40,0.006297647021710873,0.04137048497796059,Benign,0.9969515800476074,0,0.0,Benign
2018-02-14 04:31:45,0.00621912581846118,0.040618378669023514,Benign,0.9970501661300659,0,0.0,Benign
2018-02-14 04:31:50,0.006436207797378302,0.04191802442073822,Benign,0.9969885945320129,0,0.0,Benign
2018-02-14 04:31:55,0.006772951222956181,0.04017269238829613,Benign,0.9967842102050781,0,0.0,Benign
2018-02-14 04:32:00,0.007239223923534155,0.03963335603475571,Benign,0.996572732925415,0,0.0,Benign
2018-02-14 04:32:05,0.00753527507185936,0.04021235555410385,Benign,0.9964757561683655,0,0.0,Benign
2018-02-14 04:32:10,0.007908657193183899,0.0395684652030468,Benign,0.996390163898468,0,0.0,Benign
2018-02-14 04:32:15,0.007554985117167234,0.04260886833071709,Benign,0.9964346885681152,0,0.0,Benign
2018-02-14 04:32:20,0.007008273154497147,0.04313401132822037,Benign,0.9965530633926392,0,0.0,Benign
2018-02-14 04:32:25,0.007017683703452349,0.042195167392492294,Benign,0.9964635968208313,0,0.0,Benign
2018-02-14 04:32:30,0.006944106891751289,0.041067007929086685,Benign,0.9965221881866455,0,0.0,Benign
2018-02-14 04:32:35,0.0074175698682665825,0.0419645756483078,Benign,0.9963942170143127,0,0.0,Benign
2018-02-14 04:32:40,0.007817900739610195,0.04081972315907478,Benign,0.9964775443077087,0,0.0,Benign
2018-02-14 04:32:45,0.00828586332499981,0.0421074740588665,Benign,0.9964001178741455,0,0.0,Benign
2018-02-14 04:32:50,0.007520095445215702,0.03968135640025139,Benign,0.9967336654663086,0,0.0,Benign
2018-02-14 04:32:55,0.007905256003141403,0.04025627300143242,Benign,0.9965628981590271,0,0.0,Benign
2018-02-14 04:33:00,0.008405111730098724,0.04098842665553093,Benign,0.9963427186012268,0,0.0,Benign
2018-02-14 04:33:05,0.008590596728026867,0.04180562123656273,Benign,0.996349573135376,0,0.0,Benign
2018-02-14 04:33:10,0.008804522454738617,0.04255044087767601,Benign,0.9963259100914001,0,0.0,Benign
2018-02-14 04:33:15,0.009195739403367043,0.043009787797927856,Benign,0.9961852431297302,0,0.0,Benign
2018-02-14 04:33:20,0.00907199177891016,0.04330790787935257,Benign,0.9962146878242493,0,0.0,Benign
2018-02-14 04:33:25,0.008932988159358501,0.04352734982967377,Benign,0.9962478280067444,0,0.0,Benign
2018-02-14 04:33:30,0.00851748138666153,0.040250055491924286,Benign,0.9964845180511475,0,0.0,Benign
2018-02-14 04:33:35,0.00948491133749485,0.04232901334762573,Benign,0.9960981607437134,0,0.0,Benign
2018-02-14 04:33:40,0.009015190415084362,0.04138193279504776,Benign,0.9963065385818481,0,0.0,Benign
2018-02-14 04:33:45,0.00909423641860485,0.042443227022886276,Benign,0.9962992072105408,0,0.0,Benign
2018-02-14 04:33:50,0.009013610891997814,0.041736360639333725,Benign,0.9964311122894287,0,0.0,Benign
2018-02-14 04:33:55,0.009152508340775967,0.041019413620233536,Benign,0.9963098168373108,0,0.0,Benign
2018-02-14 04:34:00,0.009220488369464874,0.04069776087999344,Benign,0.9962989687919617,0,0.0,Benign
2018-02-14 04:34:05,0.011418775655329227,0.04494384676218033,Benign,0.9957863688468933,0,0.0,Benign
2018-02-14 04:34:10,0.011579770594835281,0.04595725238323212,Benign,0.9955281615257263,0,0.0,Benign
2018-02-14 04:34:15,0.012940666638314724,0.0475027933716774,Benign,0.9948111772537231,0,0.0,Benign
2018-02-14 04:34:20,0.013115059584379196,0.047282181680202484,Benign,0.9947870969772339,0,0.0,Benign
2018-02-14 04:34:25,0.012241685763001442,0.04631948843598366,Benign,0.9952292442321777,0,0.0,Benign
2018-02-14 04:34:30,0.012623509392142296,0.04679669439792633,Benign,0.9951658248901367,0,0.0,Benign
2018-02-14 04:34:35,0.011821902357041836,0.046496279537677765,Benign,0.9955294728279114,0,0.0,Benign
2018-02-14 04:34:40,0.01138019748032093,0.045340850949287415,Benign,0.9957025647163391,0,0.0,Benign
2018-02-14 04:34:45,0.011690210551023483,0.047275420278310776,Benign,0.9956642985343933,0,0.0,Benign
2018-02-14 04:34:50,0.011077320203185081,0.04761726036667824,Benign,0.9958569407463074,0,0.0,Benign
2018-02-14 04:34:55,0.01136959157884121,0.04783536493778229,Benign,0.9958087205886841,0,0.0,Benign
2018-02-14 04:35:00,0.010878827422857285,0.048263758420944214,Benign,0.9959238767623901,0,0.0,Benign
2018-02-14 04:35:05,0.009760390967130661,0.04685763642191887,Benign,0.9962241649627686,0,0.0,Benign
2018-02-14 04:35:10,0.010676953010261059,0.04524441435933113,Benign,0.9957013726234436,0,0.0,Benign
2018-02-14 04:35:15,0.009421235881745815,0.04177488386631012,Benign,0.9962642788887024,0,0.0,Benign
2018-02-14 04:35:20,0.009392510168254375,0.04333385080099106,Benign,0.9961130619049072,0,0.0,Benign
2018-02-14 04:35:25,0.00863718893378973,0.042404308915138245,Benign,0.9963728189468384,0,0.0,Benign
2018-02-14 04:35:30,0.008664952591061592,0.04016593098640442,Benign,0.9963397979736328,0,0.0,Benign
2018-02-14 04:35:35,0.008610558696091175,0.04123545065522194,Benign,0.9964213371276855,0,0.0,Benign
2018-02-14 04:35:40,0.007701986003667116,0.03795531764626503,Benign,0.9970211386680603,0,0.0,Benign
2018-02-14 04:35:45,0.007370310369879007,0.0392809733748436,Benign,0.9969287514686584,0,0.0,Benign
2018-02-14 04:35:50,0.007238929625600576,0.037625379860401154,Benign,0.9969143867492676,0,0.0,Benign
2018-02-14 04:35:55,0.007782074622809887,0.039487604051828384,Benign,0.9967613816261292,0,0.0,Benign
2018-02-14 04:36:00,0.007482178509235382,0.03703487291932106,Benign,0.997072696685791,0,0.0,Benign
2018-02-14 04:36:05,0.008184839971363544,0.04022102430462837,Benign,0.9968034029006958,0,0.0,Benign
2018-02-14 04:36:10,0.008765015751123428,0.04052073508501053,Benign,0.9968098998069763,0,0.0,Benign
2018-02-14 04:36:15,0.008836201392114162,0.04023135453462601,Benign,0.9967042803764343,0,0.0,Benign
2018-02-14 04:36:20,0.008550644852221012,0.03921956568956375,Benign,0.9966545104980469,0,0.0,Benign
2018-02-14 04:36:25,0.008897080086171627,0.040300361812114716,Benign,0.996535062789917,0,0.0,Benign
2018-02-14 04:36:30,0.007547044660896063,0.038352448493242264,Benign,0.9970636963844299,0,0.0,Benign
2018-02-14 04:36:35,0.007207542657852173,0.038973502814769745,Benign,0.997124969959259,0,0.0,Benign
2018-02-14 04:36:40,0.007042332552373409,0.03808717057108879,Benign,0.9971495270729065,0,0.0,Benign
2018-02-14 04:36:45,0.007108412217348814,0.0382174476981163,Benign,0.9969993829727173,0,0.0,Benign
2018-02-14 04:36:50,0.006514920387417078,0.0364096574485302,Benign,0.9972472786903381,0,0.0,Benign
2018-02-14 04:36:55,0.006773656699806452,0.03718973696231842,Benign,0.9970721006393433,0,0.0,Benign
2018-02-14 04:37:00,0.006834753323346376,0.038522034883499146,Benign,0.9970979690551758,0,0.0,Benign
2018-02-14 04:37:05,0.006832060869783163,0.039036281406879425,Benign,0.997076153755188,0,0.0,Benign
2018-02-14 04:37:10,0.007296036928892136,0.03954204171895981,Benign,0.9968282580375671,0,0.0,Benign
2018-02-14 04:37:15,0.007401889190077782,0.03966297209262848,Benign,0.9967928528785706,0,0.0,Benign
2018-02-14 04:37:20,0.007686563767492771,0.03953782841563225,Benign,0.9967244267463684,0,0.0,Benign
2018-02-14 04:37:25,0.008144141174852848,0.04105046018958092,Benign,0.9966050386428833,0,0.0,Benign
2018-02-14 04:37:30,0.008518781512975693,0.04123930633068085,Benign,0.9965329170227051,0,0.0,Benign
2018-02-14 04:37:35,0.008631217293441296,0.040658317506313324,Benign,0.9965139031410217,0,0.0,Benign
2018-02-14 04:37:40,0.008510670624673367,0.0401734858751297,Benign,0.9965439438819885,0,0.0,Benign
2018-02-14 04:37:45,0.009027429856359959,0.04161688685417175,Benign,0.9964041709899902,0,0.0,Benign
2018-02-14 04:37:50,0.008639686740934849,0.039867304265499115,Benign,0.9965079426765442,0,0.0,Benign
2018-02-14 04:37:55,0.009217643178999424,0.04350028187036514,Benign,0.9962305426597595,0,0.0,Benign
2018-02-14 04:38:00,0.009311722591519356,0.04570864140987396,Benign,0.996221661567688,0,0.0,Benign
2018-02-14 04:38:05,0.008311470039188862,0.04252586141228676,Benign,0.9965507984161377,0,0.0,Benign
2018-02-14 04:38:10,0.008826500736176968,0.04210836812853813,Benign,0.9964007139205933,0,0.0,Benign
2018-02-14 04:38:15,0.008671393617987633,0.04026385396718979,Benign,0.9965077042579651,0,0.0,Benign
2018-02-14 04:38:20,0.008797612972557545,0.04145855829119682,Benign,0.996507465839386,0,0.0,Benign
2018-02-14 04:38:25,0.008429178968071938,0.03976902365684509,Benign,0.9967798590660095,0,0.0,Benign
2018-02-14 04:38:30,0.008071194402873516,0.04060155898332596,Benign,0.9967600703239441,0,0.0,Benign
2018-02-14 04:38:35,0.008270157501101494,0.04020135849714279,Benign,0.996674656867981,0,0.0,Benign
2018-02-14 04:38:40,0.008906238712370396,0.04156992584466934,Benign,0.9964897036552429,0,0.0,Benign
2018-02-14 04:38:45,0.0092998668551445,0.04336287081241608,Benign,0.9965914487838745,0,0.0,Benign
2018-02-14 04:38:50,0.009299928322434425,0.04231424629688263,Benign,0.9964446425437927,0,0.0,Benign
2018-02-14 04:38:55,0.010182458907365799,0.043426088988780975,Benign,0.9960648417472839,0,0.0,Benign
2018-02-14 04:39:00,0.010584812611341476,0.04321376606822014,Benign,0.9958851933479309,0,0.0,Benign
2018-02-14 04:39:05,0.011810789816081524,0.04557531327009201,Benign,0.9954391121864319,0,0.0,Benign
2018-02-14 04:39:10,0.012685847468674183,0.04974422603845596,Benign,0.9953923225402832,0,0.0,Benign
2018-02-14 04:39:15,0.013464557006955147,0.05262105539441109,Benign,0.9952620267868042,0,0.0,Benign
2018-02-14 04:39:20,0.013254208490252495,0.05134163796901703,Benign,0.9953065514564514,0,0.0,Benign
2018-02-14 04:39:25,0.0127497473731637,0.05088162422180176,Benign,0.9954079985618591,0,0.0,Benign
2018-02-14 04:39:30,0.012281723320484161,0.05075116083025932,Benign,0.9956014156341553,0,0.0,Benign
2018-02-14 04:39:35,0.01205284334719181,0.05060660466551781,Benign,0.9956476092338562,0,0.0,Benign
2018-02-14 04:39:40,0.011246412061154842,0.05011657252907753,Benign,0.9958242177963257,0,0.0,Benign
2018-02-14 04:39:45,0.01116778515279293,0.050103720277547836,Benign,0.9957690238952637,0,0.0,Benign
2018-02-14 04:39:50,0.010711606591939926,0.04885193705558777,Benign,0.9959567189216614,0,0.0,Benign
2018-02-14 04:39:55,0.010656175203621387,0.05060548707842827,Benign,0.995849609375,0,0.0,Benign
2018-02-14 04:40:00,0.010863594710826874,0.051361557096242905,Benign,0.995753288269043,0,0.0,Benign
2018-02-14 04:40:05,0.009849154390394688,0.05072004348039627,Benign,0.9959281086921692,0,0.0,Benign
2018-02-14 04:40:10,0.009439066052436829,0.05232555791735649,Benign,0.9956738352775574,0,0.0,Benign
2018-02-14 04:40:15,0.008245614357292652,0.050261590629816055,Benign,0.9959536790847778,0,0.0,Benign
2018-02-14 04:40:20,0.008427266031503677,0.04760978743433952,Benign,0.9959439635276794,0,0.0,Benign
2018-02-14 04:40:25,0.00921576377004385,0.049088556319475174,Benign,0.9956620335578918,0,0.0,Benign
2018-02-14 04:40:30,0.009081234224140644,0.04690660163760185,Benign,0.9957689046859741,0,0.0,Benign
2018-02-14 04:40:35,0.010306666605174541,0.04977009817957878,Benign,0.9954460859298706,0,0.0,Benign
2018-02-14 04:40:40,0.00929892249405384,0.04938085004687309,Benign,0.9957964420318604,0,0.0,Benign
2018-02-14 04:40:45,0.00867093913257122,0.04833032935857773,Benign,0.9960454106330872,0,0.0,Benign
2018-02-14 04:40:50,0.008835436776280403,0.0514276921749115,Benign,0.9958950281143188,0,0.0,Benign
2018-02-14 04:40:55,0.008094120770692825,0.051238272339105606,Benign,0.9959583878517151,0,0.0,Benign
2018-02-14 04:41:00,0.007472308352589607,0.051547884941101074,Benign,0.996137797832489,0,0.0,Benign
2018-02-14 04:41:05,0.006738127674907446,0.049871016293764114,Benign,0.9964595437049866,0,0.0,Benign
2018-02-14 04:41:10,0.007104973774403334,0.052688226103782654,Benign,0.9962195754051208,0,0.0,Benign
2018-02-14 04:41:15,0.006960301194339991,0.05612681433558464,Benign,0.9961435794830322,0,0.0,Benign
2018-02-14 04:41:20,0.006115293595939875,0.05592663958668709,Benign,0.996475875377655,0,0.0,Benign
2018-02-14 04:41:25,0.006754090078175068,0.054737117141485214,Benign,0.9961668848991394,0,0.0,Benign
2018-02-14 04:41:30,0.00756451953202486,0.05397050455212593,Benign,0.9957977533340454,0,0.0,Benign
2018-02-14 04:41:35,0.009378394111990929,0.05656801536679268,Benign,0.9950908422470093,0,0.0,Benign
2018-02-14 04:41:40,0.010654773563146591,0.05559032782912254,Benign,0.9947134852409363,0,0.0,Benign
2018-02-14 04:41:45,0.01155753992497921,0.05359213799238205,Benign,0.9945336580276489,0,0.0,Benign
2018-02-14 04:41:50,0.01368520874530077,0.0562807060778141,Benign,0.9938616752624512,0,0.0,Benign
2018-02-14 04:41:55,0.015027313493192196,0.058959342539310455,Benign,0.9934545755386353,0,0.0,Benign
2018-02-14 04:42:00,0.015440347604453564,0.058612871915102005,Benign,0.9932857155799866,0,0.0,Benign
2018-02-14 04:42:05,0.01622651144862175,0.060608770698308945,Benign,0.9927728772163391,0,0.0,Benign
2018-02-14 04:42:10,0.015491584315896034,0.05914304405450821,Benign,0.9931136965751648,0,0.0,Benign
2018-02-14 04:42:15,0.01642300747334957,0.059804804623126984,Benign,0.992849588394165,0,0.0,Benign
2018-02-14 04:42:20,0.018280019983649254,0.06100034713745117,Benign,0.992161214351654,0,0.0,Benign
2018-02-14 04:42:25,0.0206411462277174,0.06366170197725296,Benign,0.9913157224655151,0,0.0,Benign
2018-02-14 04:42:30,0.024541199207305908,0.06840406358242035,Benign,0.9899015426635742,0,0.0,Benign
2018-02-14 04:42:35,0.030094312503933907,0.07342006266117096,Benign,0.9881908893585205,0,0.0,Benign
2018-02-14 04:42:40,0.03579997643828392,0.0787140354514122,Benign,0.9863688945770264,0,0.0,Benign
2018-02-14 04:42:45,0.03535349667072296,0.0769275352358818,Benign,0.986615002155304,0,0.0,Benign
2018-02-14 04:42:50,0.037645384669303894,0.0781908854842186,Benign,0.9855921268463135,0,0.0,Benign
2018-02-14 04:42:55,0.03601566329598427,0.07609815895557404,Benign,0.9860711693763733,0,0.0,Benign
2018-02-14 04:43:00,0.039583370089530945,0.07878418266773224,Benign,0.9841786026954651,0,0.0,Benign
2018-02-14 04:43:05,0.04021843150258064,0.07976407557725906,Benign,0.9838765263557434,0,0.0,Benign
2018-02-14 04:43:10,0.03920268639922142,0.07781617343425751,Benign,0.9842586517333984,0,0.0,Benign
2018-02-14 04:43:15,0.03966578096151352,0.0787535235285759,Benign,0.9835620522499084,0,0.0,Benign
2018-02-14 04:43:20,0.03708108514547348,0.07804117351770401,Benign,0.9848124980926514,0,0.0,Benign
2018-02-14 04:43:25,0.03578672185540199,0.0754661113023758,Benign,0.9856829047203064,0,0.0,Benign
2018-02-14 04:43:30,0.030604103580117226,0.06964963674545288,Benign,0.9876297116279602,0,0.0,Benign
2018-02-14 04:43:35,0.025013072416186333,0.06623038649559021,Benign,0.9898402690887451,0,0.0,Benign
2018-02-14 04:43:40,0.019952697679400444,0.06289763748645782,Benign,0.9914466142654419,0,0.0,Benign
2018-02-14 04:43:45,0.017516102641820908,0.058365292847156525,Benign,0.992052435874939,0,0.0,Benign
2018-02-14 04:43:50,0.01481057982891798,0.05670873075723648,Benign,0.9930447936058044,0,0.0,Benign
2018-02-14 04:43:55,0.013128274120390415,0.057674601674079895,Benign,0.9937359094619751,0,0.0,Benign
2018-02-14 04:44:00,0.012816247530281544,0.05527830496430397,Benign,0.9940826296806335,0,0.0,Benign
2018-02-14 04:44:05,0.01531296782195568,0.059679046273231506,Benign,0.9926096796989441,0,0.0,Benign
2018-02-14 04:44:10,0.018491247668862343,0.06392193585634232,Benign,0.9906588792800903,0,0.0,Benign
2018-02-14 04:44:15,0.014280342496931553,0.060210078954696655,Benign,0.992741048336029,0,0.0,Benign
2018-02-14 04:44:20,0.014501753263175488,0.06182730942964554,Benign,0.9928408861160278,0,0.0,Benign
2018-02-14 04:44:25,0.012582247145473957,0.06290298700332642,Benign,0.993606686592102,0,0.0,Benign
2018-02-14 04:44:30,0.010958895087242126,0.06423331052064896,Benign,0.9943017959594727,0,0.0,Benign
2018-02-14 04:44:35,0.01043798215687275,0.06312922388315201,Benign,0.9946268200874329,0,0.0,Benign
2018-02-14 04:44:40,0.008533051237463951,0.05906766280531883,Benign,0.9955209493637085,0,0.0,Benign
2018-02-14 04:44:45,0.007120184600353241,0.05233657360076904,Benign,0.9962564706802368,0,0.0,Benign
2018-02-14 04:44:50,0.006665829569101334,0.04572132229804993,Benign,0.9968097805976868,0,0.0,Benign
2018-02-14 04:44:55,0.00581630552187562,0.04307342320680618,Benign,0.9971845746040344,0,0.0,Benign
2018-02-14 04:45:00,0.00512834545224905,0.04069818928837776,Benign,0.9974629878997803,0,0.0,Benign
2018-02-14 04:45:05,0.005421073641628027,0.039581067860126495,Benign,0.9973553419113159,0,0.0,Benign
2018-02-14 04:45:10,0.005563513375818729,0.04044625535607338,Benign,0.9973331689834595,0,0.0,Benign
2018-02-14 04:45:15,0.0054332781583070755,0.04129749909043312,Benign,0.9973402619361877,0,0.0,Benign
2018-02-14 04:45:20,0.005136669613420963,0.043018829077482224,Benign,0.9972348809242249,0,0.0,Benign
2018-02-14 04:45:25,0.004937912803143263,0.04412195831537247,Benign,0.9972302317619324,0,0.0,Benign
2018-02-14 04:45:30,0.004743162076920271,0.04258549585938454,Benign,0.9973610043525696,0,0.0,Benign
2018-02-14 04:45:35,0.00520303612574935,0.042132418602705,Benign,0.9971362352371216,0,0.0,Benign
2018-02-14 04:45:40,0.004818388260900974,0.0420694574713707,Benign,0.9973623156547546,0,0.0,Benign
2018-02-14 04:45:45,0.0051230029202997684,0.04423236846923828,Benign,0.9971811771392822,0,0.0,Benign
2018-02-14 04:45:50,0.004908211529254913,0.04428490251302719,Benign,0.997347354888916,0,0.0,Benign
2018-02-14 04:45:55,0.004997286945581436,0.04525317996740341,Benign,0.9972862005233765,0,0.0,Benign
2018-02-14 04:46:00,0.004823853261768818,0.047954581677913666,Benign,0.9973155856132507,0,0.0,Benign
2018-02-14 04:46:05,0.004411943722516298,0.04622986912727356,Benign,0.9975042939186096,0,0.0,Benign
2018-02-14 04:46:10,0.004245320800691843,0.04622357338666916,Benign,0.9975900650024414,0,0.0,Benign
2018-02-14 04:46:15,0.0038070431910455227,0.04379081726074219,Benign,0.9978544116020203,0,0.0,Benign
2018-02-14 04:46:20,0.0038636059034615755,0.04359469562768936,Benign,0.9978113770484924,0,0.0,Benign
2018-02-14 04:46:25,0.004018851555883884,0.04191210865974426,Benign,0.997791051864624,0,0.0,Benign
2018-02-14 04:46:30,0.0038690934889018536,0.03911825269460678,Benign,0.9979196190834045,0,0.0,Benign
2018-02-14 04:46:35,0.004380840342491865,0.03943853825330734,Benign,0.9976404905319214,0,0.0,Benign
2018-02-14 04:46:40,0.004468517377972603,0.03941383585333824,Benign,0.9976074695587158,0,0.0,Benign
2018-02-14 04:46:45,0.004794889595359564,0.04118327051401138,Benign,0.9974148273468018,0,0.0,Benign
2018-02-14 04:46:50,0.0048559606075286865,0.041508808732032776,Benign,0.9973992109298706,0,0.0,Benign
2018-02-14 04:46:55,0.005472001153975725,0.04769672825932503,Benign,0.996915340423584,0,0.0,Benign
2018-02-14 04:47:00,0.005003875121474266,0.043923549354076385,Benign,0.9972526431083679,0,0.0,Benign
2018-02-14 04:47:05,0.00532167311757803,0.042393263429403305,Benign,0.9971194267272949,0,0.0,Benign
2018-02-14 04:47:10,0.0057593053206801414,0.042829204350709915,Benign,0.9970165491104126,0,0.0,Benign
2018-02-14 04:47:15,0.006363473832607269,0.04200277104973793,Benign,0.99673992395401,0,0.0,Benign
2018-02-14 04:47:20,0.006331645417958498,0.042231544852256775,Benign,0.996773898601532,0,0.0,Benign
2018-02-14 04:47:25,0.006066448520869017,0.04328064247965813,Benign,0.9969034790992737,0,0.0,Benign
2018-02-14 04:47:30,0.006194892339408398,0.044520001858472824,Benign,0.996865451335907,0,0.0,Benign
2018-02-14 04:47:35,0.006770145148038864,0.04865874722599983,Benign,0.9965471625328064,0,0.0,Benign
2018-02-14 04:47:40,0.007223785389214754,0.050408829003572464,Benign,0.9963566064834595,0,0.0,Benign
2018-02-14 04:47:45,0.007214294280856848,0.05078008770942688,Benign,0.9963468909263611,0,0.0,Benign
2018-02-14 04:47:50,0.007223230786621571,0.04989519715309143,Benign,0.996401309967041,0,0.0,Benign
2018-02-14 04:47:55,0.007776307407766581,0.050229642540216446,Benign,0.9963263869285583,0,0.0,Benign
2018-02-14 04:48:00,0.008420399390161037,0.05018698424100876,Benign,0.9960724115371704,0,0.0,Benign
2018-02-14 04:48:05,0.008887557312846184,0.05163448676466942,Benign,0.9959836006164551,0,0.0,Benign
2018-02-14 04:48:10,0.009973895736038685,0.05150867998600006,Benign,0.9955248832702637,0,0.0,Benign
2018-02-14 04:48:15,0.010363790206611156,0.050180964171886444,Benign,0.995456337928772,0,0.0,Benign
2018-02-14 04:48:20,0.010118117555975914,0.04918554425239563,Benign,0.9954664707183838,0,0.0,Benign
2018-02-14 04:48:25,0.01067888643592596,0.046949177980422974,Benign,0.9952888488769531,0,0.0,Benign
2018-02-14 04:48:30,0.011419701389968395,0.05101485550403595,Benign,0.9948930740356445,0,0.0,Benign
2018-02-14 04:48:35,0.011454745195806026,0.05470617115497589,Benign,0.9946651458740234,0,0.0,Benign
2018-02-14 04:48:40,0.0108913229778409,0.05721113830804825,Benign,0.9943596720695496,0,0.0,Benign
2018-02-14 04:48:45,0.010933681391179562,0.05604953691363335,Benign,0.9942470788955688,0,0.0,Benign
2018-02-14 04:48:50,0.009103664197027683,0.05215415358543396,Benign,0.9951390027999878,0,0.0,Benign
2018-02-14 04:48:55,0.010055549442768097,0.0529169924557209,Benign,0.9946058392524719,0,0.0,Benign
2018-02-14 04:49:00,0.011575138196349144,0.05397985503077507,Benign,0.9941533207893372,0,0.0,Benign
2018-02-14 04:49:05,0.012617294676601887,0.05302726849913597,Benign,0.9939040541648865,0,0.0,Benign
2018-02-14 04:49:10,0.013637116178870201,0.05387195199728012,Benign,0.9935927987098694,0,0.0,Benign
2018-02-14 04:49:15,0.015204384922981262,0.05911238119006157,Benign,0.9931635856628418,0,0.0,Benign
2018-02-14 04:49:20,0.013553430326282978,0.05749751999974251,Benign,0.993826687335968,0,0.0,Benign
2018-02-14 04:49:25,0.01301458291709423,0.05506638064980507,Benign,0.9941510558128357,0,0.0,Benign
2018-02-14 04:49:30,0.011884941719472408,0.05334380641579628,Benign,0.9947269558906555,0,0.0,Benign
2018-02-14 04:49:35,0.012915407307446003,0.055732179433107376,Benign,0.9943417310714722,0,0.0,Benign
2018-02-14 04:49:40,0.01192170474678278,0.054070305079221725,Benign,0.9948457479476929,0,0.0,Benign
2018-02-14 04:49:45,0.01123625598847866,0.05212778225541115,Benign,0.9951345324516296,0,0.0,Benign
2018-02-14 04:49:50,0.010885237716138363,0.05140790715813637,Benign,0.995139479637146,0,0.0,Benign
2018-02-14 04:49:55,0.011247128248214722,0.05264380946755409,Benign,0.9950565099716187,0,0.0,Benign
2018-02-14 04:50:00,0.010701282881200314,0.051245782524347305,Benign,0.995306670665741,0,0.0,Benign
2018-02-14 04:50:05,0.010535045526921749,0.050560738891363144,Benign,0.9953304529190063,0,0.0,Benign
2018-02-14 04:50:10,0.010049380362033844,0.05134378373622894,Benign,0.9953996539115906,0,0.0,Benign
2018-02-14 04:50:15,0.010295199230313301,0.052308354526758194,Benign,0.9952444434165955,0,0.0,Benign
2018-02-14 04:50:20,0.009505719877779484,0.04990339279174805,Benign,0.9956974983215332,0,0.0,Benign
2018-02-14 04:50:25,0.01007077842950821,0.050851672887802124,Benign,0.9953863024711609,0,0.0,Benign
2018-02-14 04:50:30,0.010520526207983494,0.05237420275807381,Benign,0.9949177503585815,0,0.0,Benign
2018-02-14 04:50:35,0.011068934574723244,0.05342799052596092,Benign,0.994541585445404,0,0.0,Benign
2018-02-14 04:50:40,0.010714602656662464,0.052507005631923676,Benign,0.9948888421058655,0,0.0,Benign
2018-02-14 04:50:45,0.011686388403177261,0.05392046645283699,Benign,0.9946224689483643,0,0.0,Benign
2018-02-14 04:50:50,0.012306777760386467,0.05620526522397995,Benign,0.994429349899292,0,0.0,Benign
2018-02-14 04:50:55,0.0144747169688344,0.06262587010860443,Benign,0.993643045425415,0,0.0,Benign
2018-02-14 04:51:00,0.015737265348434448,0.06671538203954697,Benign,0.993274450302124,0,0.0,Benign
2018-02-14 04:51:05,0.015508093871176243,0.06402929127216339,Benign,0.9934840798377991,0,0.0,Benign
2018-02-14 04:51:10,0.017552098259329796,0.06266188621520996,Benign,0.9927740097045898,0,0.0,Benign
2018-02-14 04:51:15,0.01802377589046955,0.06034556403756142,Benign,0.9926474094390869,0,0.0,Benign
2018-02-14 04:51:20,0.017481399700045586,0.05981585010886192,Benign,0.9928213953971863,0,0.0,Benign
2018-02-14 04:51:25,0.018294941633939743,0.06027194857597351,Benign,0.992112398147583,0,0.0,Benign
2018-02-14 04:51:30,0.020955683663487434,0.06219908222556114,Benign,0.9908074736595154,0,0.0,Benign
2018-02-14 04:51:35,0.026953089982271194,0.06870295852422714,Benign,0.9886972904205322,0,0.0,Benign
2018-02-14 04:51:40,0.027086757123470306,0.0672646164894104,Benign,0.9891650080680847,0,0.0,Benign
2018-02-14 04:51:45,0.02552655152976513,0.06421991437673569,Benign,0.9893743395805359,0,0.0,Benign
2018-02-14 04:51:50,0.021092191338539124,0.05710277706384659,Benign,0.9912101030349731,0,0.0,Benign
2018-02-14 04:51:55,0.018857495859265327,0.054350901395082474,Benign,0.9919695258140564,0,0.0,Benign
2018-02-14 04:52:00,0.017459923401474953,0.05730658024549484,Benign,0.9917237162590027,0,0.0,Benign
2018-02-14 04:52:05,0.016239631921052933,0.05625523254275322,Benign,0.9922009110450745,0,0.0,Benign
2018-02-14 04:52:10,0.015478159300982952,0.05614297464489937,Benign,0.9924307465553284,0,0.0,Benign
2018-02-14 04:52:15,0.015932589769363403,0.05871258303523064,Benign,0.9924129843711853,0,0.0,Benign
2018-02-14 04:52:20,0.015040581114590168,0.05746828764677048,Benign,0.9930956959724426,0,0.0,Benign
2018-02-14 04:52:25,0.013939309865236282,0.05630803108215332,Benign,0.9935970306396484,0,0.0,Benign
2018-02-14 04:52:30,0.014617902226746082,0.05832083895802498,Benign,0.9935206770896912,0,0.0,Benign
2018-02-14 04:52:35,0.013854295946657658,0.059561435133218765,Benign,0.993807852268219,0,0.0,Benign
2018-02-14 04:52:40,0.014158789068460464,0.060783274471759796,Benign,0.9938136339187622,0,0.0,Benign
2018-02-14 04:52:45,0.012925812974572182,0.0591123141348362,Benign,0.9944084286689758,0,0.0,Benign
2018-02-14 04:52:50,0.011667480692267418,0.060353659093379974,Benign,0.9949422478675842,0,0.0,Benign
2018-02-14 04:52:55,0.011021114885807037,0.06156112626194954,Benign,0.995130181312561,0,0.0,Benign
2018-02-14 04:53:00,0.011014957912266254,0.06051298975944519,Benign,0.9949266910552979,0,0.0,Benign
2018-02-14 04:53:05,0.010973602533340454,0.06005809083580971,Benign,0.9949618577957153,0,0.0,Benign
2018-02-14 04:53:10,0.011082451790571213,0.06092388182878494,Benign,0.9950851798057556,0,0.0,Benign
2018-02-14 04:53:15,0.010494047775864601,0.059620752930641174,Benign,0.9952253103256226,0,0.0,Benign
2018-02-14 04:53:20,0.009143898263573647,0.05442891642451286,Benign,0.9958720803260803,0,0.0,Benign
2018-02-14 04:53:25,0.007115777116268873,0.048374105244874954,Benign,0.9967213273048401,0,0.0,Benign
2018-02-14 04:53:30,0.006898997817188501,0.04790877923369408,Benign,0.9967905879020691,0,0.0,Benign
2018-02-14 04:53:35,0.006122578401118517,0.04650318995118141,Benign,0.9970276951789856,0,0.0,Benign
2018-02-14 04:53:40,0.006175254005938768,0.05132714658975601,Benign,0.9966704249382019,0,0.0,Benign
2018-02-14 04:53:45,0.005644108168780804,0.05083153396844864,Benign,0.9967721104621887,0,0.0,Benign
2018-02-14 04:53:50,0.005513656884431839,0.0484115332365036,Benign,0.9968157410621643,0,0.0,Benign
2018-02-14 04:53:55,0.005957089364528656,0.04814273491501808,Benign,0.9965906143188477,0,0.0,Benign
2018-02-14 04:54:00,0.006534454878419638,0.050604626536369324,Benign,0.9963700771331787,0,0.0,Benign
2018-02-14 04:54:05,0.0077429283410310745,0.05357515066862106,Benign,0.9958906173706055,0,0.0,Benign
2018-02-14 04:54:10,0.008559887297451496,0.0570826530456543,Benign,0.9955788254737854,0,0.0,Benign
2018-02-14 04:54:15,0.009205167181789875,0.060298629105091095,Benign,0.9952542781829834,0,0.0,Benign
2018-02-14 04:54:20,0.009146282449364662,0.0646907165646553,Benign,0.995076596736908,0,0.0,Benign
2018-02-14 04:54:25,0.00805612187832594,0.06421785801649094,Benign,0.9954667091369629,0,0.0,Benign
2018-02-14 04:54:30,0.006900385953485966,0.05982120335102081,Benign,0.9960198998451233,0,0.0,Benign
2018-02-14 04:54:35,0.00667590880766511,0.0540621280670166,Benign,0.9962116479873657,0,0.0,Benign
2018-02-14 04:54:40,0.006467284169048071,0.051584284752607346,Benign,0.9964010715484619,0,0.0,Benign
2018-02-14 04:54:45,0.006778140086680651,0.051408495754003525,Benign,0.9963427186012268,0,0.0,Benign
2018-02-14 04:54:50,0.00818659644573927,0.054644256830215454,Benign,0.9955240488052368,0,0.0,Benign
2018-02-14 04:54:55,0.00911415833979845,0.05897805094718933,Benign,0.9951680898666382,0,0.0,Benign
2018-02-14 04:55:00,0.00815857108682394,0.05838024988770485,Benign,0.9954894185066223,0,0.0,Benign
2018-02-14 04:55:05,0.007421351503580809,0.05486784875392914,Benign,0.995915949344635,0,0.0,Benign
2018-02-14 04:55:10,0.007730086799710989,0.05504652112722397,Benign,0.9957958459854126,0,0.0,Benign
2018-02-14 04:55:15,0.009154328145086765,0.06003088876605034,Benign,0.9952071309089661,0,0.0,Benign
2018-02-14 04:55:20,0.010224553756415844,0.06231313198804855,Benign,0.9946960210800171,0,0.0,Benign
2018-02-14 04:55:25,0.010602850466966629,0.06295282393693924,Benign,0.9945953488349915,0,0.0,Benign
2018-02-14 04:55:30,0.009687072597444057,0.06238894164562225,Benign,0.9950069189071655,0,0.0,Benign
2018-02-14 04:55:35,0.010091121308505535,0.06258928030729294,Benign,0.9948794841766357,0,0.0,Benign
2018-02-14 04:55:40,0.008930954150855541,0.06093520671129227,Benign,0.9954751133918762,0,0.0,Benign
2018-02-14 04:55:45,0.007973904721438885,0.05766675993800163,Benign,0.9958922863006592,0,0.0,Benign
2018-02-14 04:55:50,0.007670653983950615,0.05876115709543228,Benign,0.996068000793457,0,0.0,Benign
2018-02-14 04:55:55,0.007364877965301275,0.05986785143613815,Benign,0.9961780309677124,0,0.0,Benign
2018-02-14 04:56:00,0.005984115414321423,0.05256446823477745,Benign,0.9968662858009338,0,0.0,Benign
2018-02-14 04:56:05,0.0054048774763941765,0.04984045773744583,Benign,0.9971129894256592,0,0.0,Benign
2018-02-14 04:56:10,0.005062476731836796,0.048251282423734665,Benign,0.9972766041755676,0,0.0,Benign
2018-02-14 04:56:15,0.004892896860837936,0.04579392075538635,Benign,0.9973757266998291,0,0.0,Benign
2018-02-14 04:56:20,0.005070053040981293,0.04393637552857399,Benign,0.9972975850105286,0,0.0,Benign
2018-02-14 04:56:25,0.005424375180155039,0.04310326278209686,Benign,0.9971569776535034,0,0.0,Benign
2018-02-14 04:56:30,0.006602466106414795,0.04607648402452469,Benign,0.9965128302574158,0,0.0,Benign
2018-02-14 04:56:35,0.007939349859952927,0.04868624359369278,Benign,0.9957680702209473,0,0.0,Benign
2018-02-14 04:56:40,0.007917667739093304,0.05047747120261192,Benign,0.9957736134529114,0,0.0,Benign
2018-02-14 04:56:45,0.008777374401688576,0.05181083083152771,Benign,0.9954729676246643,0,0.0,Benign
2018-02-14 04:56:50,0.009641066193580627,0.05383066460490227,Benign,0.995147168636322,0,0.0,Benign
2018-02-14 04:56:55,0.010959534905850887,0.05495201051235199,Benign,0.9946010112762451,0,0.0,Benign
2018-02-14 04:57:00,0.011536598205566406,0.054034288972616196,Benign,0.9944964051246643,0,0.0,Benign
2018-02-14 04:57:05,0.01110229641199112,0.053720176219940186,Benign,0.9946803450584412,0,0.0,Benign
2018-02-14 04:57:10,0.01127699576318264,0.05479193851351738,Benign,0.994443953037262,0,0.0,Benign
2018-02-14 04:57:15,0.0131466593593359,0.05968606472015381,Benign,0.9933212399482727,0,0.0,Benign
2018-02-14 04:57:20,0.0177778173238039,0.06932350248098373,Benign,0.9909130334854126,0,0.0,Benign
2018-02-14 04:57:25,0.021403271704912186,0.07468355447053909,Benign,0.9890769720077515,0,0.0,Benign
2018-02-14 04:57:30,0.026620300486683846,0.07806181907653809,Benign,0.9867951273918152,0,0.0,Benign
2018-02-14 04:57:35,0.030354760587215424,0.08288553357124329,Benign,0.9849326014518738,0,0.0,Benign
2018-02-14 04:57:40,0.02727459743618965,0.07904753088951111,Benign,0.9866151809692383,0,0.0,Benign
2018-02-14 04:57:45,0.030928410589694977,0.08085856586694717,Benign,0.9855115413665771,0,0.0,Benign
2018-02-14 04:57:50,0.03302178531885147,0.08197531849145889,Benign,0.9845134615898132,0,0.0,Benign
2018-02-14 04:57:55,0.03634146973490715,0.08523017913103104,Benign,0.9824978709220886,0,0.0,Benign
2018-02-14 04:58:00,0.03121127188205719,0.08208837360143661,Benign,0.984715461730957,0,0.0,Benign
2018-02-14 04:58:05,0.030419684946537018,0.08027689903974533,Benign,0.9861409664154053,0,0.0,Benign
2018-02-14 04:58:10,0.029396185651421547,0.07899066060781479,Benign,0.987037181854248,0,0.0,Benign
2018-02-14 04:58:15,0.030098000541329384,0.07679963111877441,Benign,0.9867696762084961,0,0.0,Benign
2018-02-14 04:58:20,0.029176954180002213,0.07349132001399994,Benign,0.987551748752594,0,0.0,Benign
2018-02-14 04:58:25,0.026524687185883522,0.06856056302785873,Benign,0.988839328289032,0,0.0,Benign
2018-02-14 04:58:30,0.022643543779850006,0.06368102133274078,Benign,0.990208625793457,0,0.0,Benign
2018-02-14 04:58:35,0.018145304173231125,0.05969789996743202,Benign,0.9920593500137329,0,0.0,Benign
2018-02-14 04:58:40,0.013300498947501183,0.05638217180967331,Benign,0.994001567363739,0,0.0,Benign
2018-02-14 04:58:45,0.009977106936275959,0.05139033496379852,Benign,0.995337963104248,0,0.0,Benign
2018-02-14 04:58:50,0.008551849983632565,0.049664098769426346,Benign,0.9957220554351807,0,0.0,Benign
2018-02-14 04:58:55,0.008523491211235523,0.04715195670723915,Benign,0.9958212375640869,0,0.0,Benign
2018-02-14 04:59:00,0.009161384776234627,0.04848196730017662,Benign,0.9956130981445312,0,0.0,Benign
2018-02-14 04:59:05,0.008633078075945377,0.04687444493174553,Benign,0.9958235025405884,0,0.0,Benign
2018-02-14 04:59:10,0.00791852455586195,0.046411432325839996,Benign,0.9960936903953552,0,0.0,Benign
2018-02-14 04:59:15,0.009209300391376019,0.05508602038025856,Benign,0.9951406717300415,0,0.0,Benign
2018-02-14 04:59:20,0.009213595651090145,0.0571834072470665,Benign,0.9950613379478455,0,0.0,Benign
2018-02-14 04:59:25,0.009165477007627487,0.05894402787089348,Benign,0.9950299263000488,0,0.0,Benign
2018-02-14 04:59:30,0.009873220697045326,0.060603488236665726,Benign,0.994640052318573,0,0.0,Benign
2018-02-14 04:59:35,0.009651229716837406,0.05862266570329666,Benign,0.9949343800544739,0,0.0,Benign
2018-02-14 04:59:40,0.008333957754075527,0.05562913045287132,Benign,0.9955522418022156,0,0.0,Benign
2018-02-14 04:59:45,0.008513915352523327,0.05333248898386955,Benign,0.9954040050506592,0,0.0,Benign
2018-02-14 04:59:50,0.007898598909378052,0.051577359437942505,Benign,0.9957035183906555,0,0.0,Benign
2018-02-14 04:59:55,0.007607744541019201,0.051674582064151764,Benign,0.995891809463501,0,0.0,Benign
2018-02-14 05:00:00,0.007904169149696827,0.05197962373495102,Benign,0.995635449886322,0,0.0,Benign
2018-02-14 05:00:05,0.009064552374184132,0.05460633710026741,Benign,0.9950580596923828,0,0.0,Benign
2018-02-14 05:00:10,0.00824133399873972,0.05205146595835686,Benign,0.9955403208732605,0,0.0,Benign
2018-02-14 05:00:15,0.00967421755194664,0.05300296097993851,Benign,0.9949085116386414,0,0.0,Benign
2018-02-14 05:00:20,0.01101597584784031,0.055404242128133774,Benign,0.9942852854728699,0,0.0,Benign
2018-02-14 05:00:25,0.012656651437282562,0.06115391477942467,Benign,0.9931343793869019,0,0.0,Benign
2018-02-14 05:00:30,0.013450919650495052,0.06029653176665306,Benign,0.9931803941726685,0,0.0,Benign
2018-02-14 05:00:35,0.013893642462790012,0.06170487031340599,Benign,0.9930985569953918,0,0.0,Benign
2018-02-14 05:00:40,0.012225700542330742,0.06170021742582321,Benign,0.9939258694648743,0,0.0,Benign
2018-02-14 05:00:45,0.0102747343480587,0.05482994019985199,Benign,0.9949305653572083,0,0.0,Benign
2018-02-14 05:00:50,0.010368319228291512,0.052985988557338715,Benign,0.9950680732727051,0,0.0,Benign
2018-02-14 05:00:55,0.01041322760283947,0.05227074399590492,Benign,0.9951125979423523,0,0.0,Benign
2018-02-14 05:01:00,0.00974066648632288,0.05453898757696152,Benign,0.9954249262809753,0,0.0,Benign
2018-02-14 05:01:05,0.008914588019251823,0.05376950278878212,Benign,0.9957360029220581,0,0.0,Benign
2018-02-14 05:01:10,0.008090018294751644,0.049434978514909744,Benign,0.9961153268814087,0,0.0,Benign
2018-02-14 05:01:15,0.006965763866901398,0.0442851223051548,Benign,0.9967122077941895,0,0.0,Benign
2018-02-14 05:01:20,0.006456960923969746,0.04188571125268936,Benign,0.9969567060470581,0,0.0,Benign
2018-02-14 05:01:25,0.0062293787486851215,0.03850173205137253,Benign,0.997105062007904,0,0.0,Benign
2018-02-14 05:01:30,0.006734429392963648,0.03883478045463562,Benign,0.9969731569290161,0,0.0,Benign
2018-02-14 05:01:35,0.007397357374429703,0.04054437205195427,Benign,0.9967679977416992,0,0.0,Benign
2018-02-14 05:01:40,0.0071690985932946205,0.04011921584606171,Benign,0.9969101548194885,0,0.0,Benign
2018-02-14 05:01:45,0.00730170588940382,0.03877892345190048,Benign,0.9968565702438354,0,0.0,Benign
2018-02-14 05:01:50,0.007247425615787506,0.037054866552352905,Benign,0.9970922470092773,0,0.0,Benign
2018-02-14 05:01:55,0.007799207232892513,0.03837020695209503,Benign,0.9967580437660217,0,0.0,Benign
2018-02-14 05:02:00,0.008485258556902409,0.04106898233294487,Benign,0.9964808821678162,0,0.0,Benign
2018-02-14 05:02:05,0.009681529365479946,0.04330940172076225,Benign,0.9959384202957153,0,0.0,Benign
2018-02-14 05:02:10,0.009363710880279541,0.04218687117099762,Benign,0.9961048364639282,0,0.0,Benign
2018-02-14 05:02:15,0.009969408623874187,0.04502277448773384,Benign,0.9958720803260803,0,0.0,Benign
2018-02-14 05:02:20,0.010631360113620758,0.04524000734090805,Benign,0.9957798719406128,0,0.0,Benign
2018-02-14 05:02:25,0.01087131816893816,0.0450776107609272,Benign,0.9957261085510254,0,0.0,Benign
2018-02-14 05:02:30,0.010960082523524761,0.04448571801185608,Benign,0.9957093000411987,0,0.0,Benign
2018-02-14 05:02:35,0.011330227367579937,0.045361410826444626,Benign,0.9956079125404358,0,0.0,Benign
2018-02-14 05:02:40,0.011974116787314415,0.04583859071135521,Benign,0.9953756332397461,0,0.0,Benign
2018-02-14 05:02:45,0.011462372727692127,0.04487144574522972,Benign,0.9956116080284119,0,0.0,Benign
2018-02-14 05:02:50,0.010958269238471985,0.043939992785453796,Benign,0.9959830045700073,0,0.0,Benign
2018-02-14 05:02:55,0.010239731520414352,0.04213254898786545,Benign,0.9963642954826355,0,0.0,Benign
2018-02-14 05:03:00,0.009779553860425949,0.04293711856007576,Benign,0.9963415265083313,0,0.0,Benign
2018-02-14 05:03:05,0.010996795259416103,0.04584527760744095,Benign,0.996066153049469,0,0.0,Benign
2018-02-14 05:03:10,0.010478012263774872,0.04504871368408203,Benign,0.9961244463920593,0,0.0,Benign
2018-02-14 05:03:15,0.009845709428191185,0.04265118017792702,Benign,0.9962694644927979,0,0.0,Benign
2018-02-14 05:03:20,0.009374979883432388,0.04180852696299553,Benign,0.9963483214378357,0,0.0,Benign
2018-02-14 05:03:25,0.008593646809458733,0.041155505925416946,Benign,0.9965857267379761,0,0.0,Benign
2018-02-14 05:03:30,0.008022909052670002,0.04256341606378555,Benign,0.9967027306556702,0,0.0,Benign
2018-02-14 05:03:35,0.006983042228966951,0.04022820666432381,Benign,0.9970466494560242,0,0.0,Benign
2018-02-14 05:03:40,0.007909955456852913,0.04171505570411682,Benign,0.9964273571968079,0,0.0,Benign
2018-02-14 05:03:45,0.008246678858995438,0.04107246547937393,Benign,0.9962223768234253,0,0.0,Benign
2018-02-14 05:03:50,0.008240773342549801,0.04140261933207512,Benign,0.9962791800498962,0,0.0,Benign
2018-02-14 05:03:55,0.009010106325149536,0.04243534058332443,Benign,0.9960566759109497,0,0.0,Benign
2018-02-14 05:04:00,0.009945979341864586,0.04639708250761032,Benign,0.9958658218383789,0,0.0,Benign
2018-02-14 05:04:05,0.010763025842607021,0.04925514757633209,Benign,0.9957242012023926,0,0.0,Benign
2018-02-14 05:04:10,0.01103835180401802,0.051886871457099915,Benign,0.9955980181694031,0,0.0,Benign
2018-02-14 05:04:15,0.010549047030508518,0.053897466510534286,Benign,0.995663583278656,0,0.0,Benign
2018-02-14 05:04:20,0.009672431275248528,0.05084528028964996,Benign,0.9958848357200623,0,0.0,Benign
2018-02-14 05:04:25,0.008941172622144222,0.04722250998020172,Benign,0.9963873624801636,0,0.0,Benign
2018-02-14 05:04:30,0.008539649657905102,0.045619189739227295,Benign,0.9964919686317444,0,0.0,Benign
2018-02-14 05:04:35,0.00833258219063282,0.043751221150159836,Benign,0.9966488480567932,0,0.0,Benign
2018-02-14 05:04:40,0.00758725218474865,0.03914783522486687,Benign,0.996968686580658,0,0.0,Benign
2018-02-14 05:04:45,0.0074418680742383,0.03876534104347229,Benign,0.9969911575317383,0,0.0,Benign
2018-02-14 05:04:50,0.00670674629509449,0.03742210566997528,Benign,0.9972598552703857,0,0.0,Benign
2018-02-14 05:04:55,0.006656347773969173,0.03660852089524269,Benign,0.9972443580627441,0,0.0,Benign
2018-02-14 05:05:00,0.0064862072467803955,0.03541756048798561,Benign,0.9973005652427673,0,0.0,Benign
2018-02-14 05:05:05,0.006762931123375893,0.03586413338780403,Benign,0.9970293045043945,0,0.0,Benign
2018-02-14 05:05:10,0.007268582936376333,0.03671786189079285,Benign,0.9967232346534729,0,0.0,Benign
2018-02-14 05:05:15,0.007514239754527807,0.036702606827020645,Benign,0.9967138767242432,0,0.0,Benign
2018-02-14 05:05:20,0.00784070324152708,0.036868780851364136,Benign,0.9966117739677429,0,0.0,Benign
2018-02-14 05:05:25,0.008014442399144173,0.0388374924659729,Benign,0.9965406060218811,0,0.0,Benign
2018-02-14 05:05:30,0.0075284275226294994,0.03984017297625542,Benign,0.9967111349105835,0,0.0,Benign
2018-02-14 05:05:35,0.007054449990391731,0.040409110486507416,Benign,0.9968119263648987,0,0.0,Benign
2018-02-14 05:05:40,0.006928555201739073,0.042417362332344055,Benign,0.9966488480567932,0,0.0,Benign
2018-02-14 05:05:45,0.0070686922408640385,0.039464790374040604,Benign,0.996631920337677,0,0.0,Benign
2018-02-14 05:05:50,0.007695014122873545,0.04063026234507561,Benign,0.9962432384490967,0,0.0,Benign
2018-02-14 05:05:55,0.008458346128463745,0.04166477173566818,Benign,0.9960364699363708,0,0.0,Benign
2018-02-14 05:06:00,0.008461742661893368,0.04172961413860321,Benign,0.9961590766906738,0,0.0,Benign
2018-02-14 05:06:05,0.008677392266690731,0.04424215480685234,Benign,0.9961621761322021,0,0.0,Benign
2018-02-14 05:06:10,0.009347391314804554,0.04410557076334953,Benign,0.9960254430770874,0,0.0,Benign
2018-02-14 05:06:15,0.009479559026658535,0.044509001076221466,Benign,0.9960001111030579,0,0.0,Benign
2018-02-14 05:06:20,0.009729242883622646,0.04438669979572296,Benign,0.9959155917167664,0,0.0,Benign
2018-02-14 05:06:25,0.010204434394836426,0.04613605514168739,Benign,0.9956041574478149,0,0.0,Benign
2018-02-14 05:06:30,0.009714341722428799,0.04336133599281311,Benign,0.9958541393280029,0,0.0,Benign
2018-02-14 05:06:35,0.009044350124895573,0.043640945106744766,Benign,0.996105968952179,0,0.0,Benign
2018-02-14 05:06:40,0.008355063386261463,0.04475898668169975,Benign,0.9963241815567017,0,0.0,Benign
2018-02-14 05:06:45,0.008664222434163094,0.04482283815741539,Benign,0.9961352348327637,0,0.0,Benign
2018-02-14 05:06:50,0.009087231010198593,0.04728829115629196,Benign,0.9959023594856262,0,0.0,Benign
2018-02-14 05:06:55,0.009834072552621365,0.05031369999051094,Benign,0.9955731630325317,0,0.0,Benign
2018-02-14 05:07:00,0.010181156918406487,0.05098250135779381,Benign,0.9955846667289734,0,0.0,Benign
2018-02-14 05:07:05,0.011958540417253971,0.057294540107250214,Benign,0.9950016140937805,0,0.0,Benign
2018-02-14 05:07:10,0.01203024759888649,0.05515711009502411,Benign,0.995030403137207,0,0.0,Benign
2018-02-14 05:07:15,0.01168655976653099,0.05335814878344536,Benign,0.9952484965324402,0,0.0,Benign
2018-02-14 05:07:20,0.011754312552511692,0.051021747291088104,Benign,0.9953461289405823,0,0.0,Benign
2018-02-14 05:07:25,0.01181652769446373,0.049754682928323746,Benign,0.9953246116638184,0,0.0,Benign
2018-02-14 05:07:30,0.01209174282848835,0.04841378331184387,Benign,0.9950241446495056,0,0.0,Benign
2018-02-14 05:07:35,0.010737755335867405,0.04759008064866066,Benign,0.9955301880836487,0,0.0,Benign
2018-02-14 05:07:40,0.009432612918317318,0.04489905387163162,Benign,0.9960352778434753,0,0.0,Benign
2018-02-14 05:07:45,0.009436912834644318,0.044362712651491165,Benign,0.9960009455680847,0,0.0,Benign
2018-02-14 05:07:50,0.008977419696748257,0.04199189320206642,Benign,0.9961637258529663,0,0.0,Benign
2018-02-14 05:07:55,0.008199957199394703,0.04387901723384857,Benign,0.9964371919631958,0,0.0,Benign
2018-02-14 05:08:00,0.007414806634187698,0.04227239638566971,Benign,0.9966879487037659,0,0.0,Benign
2018-02-14 05:08:05,0.007435717154294252,0.04340383782982826,Benign,0.9966089725494385,0,0.0,Benign
2018-02-14 05:08:10,0.006722351536154747,0.044375937432050705,Benign,0.996768593788147,0,0.0,Benign
2018-02-14 05:08:15,0.006231144070625305,0.045199159532785416,Benign,0.9967082738876343,0,0.0,Benign
2018-02-14 05:08:20,0.005700407549738884,0.045115988701581955,Benign,0.9968369007110596,0,0.0,Benign
2018-02-14 05:08:25,0.00656485790386796,0.04745500162243843,Benign,0.9962754249572754,0,0.0,Benign
2018-02-14 05:08:30,0.007562912069261074,0.04888814315199852,Benign,0.9958990216255188,0,0.0,Benign
2018-02-14 05:08:35,0.008279415778815746,0.05034593865275383,Benign,0.99556964635849,0,0.0,Benign
2018-02-14 05:08:40,0.009143280796706676,0.053133394569158554,Benign,0.9953063130378723,0,0.0,Benign
2018-02-14 05:08:45,0.008862386457622051,0.05101235955953598,Benign,0.9955312609672546,0,0.0,Benign
2018-02-14 05:08:50,0.008101170882582664,0.0485561341047287,Benign,0.9958904981613159,0,0.0,Benign
2018-02-14 05:08:55,0.008492009714245796,0.04700874164700508,Benign,0.9958047270774841,0,0.0,Benign
2018-02-14 05:09:00,0.008813565596938133,0.04683028906583786,Benign,0.9957637786865234,0,0.0,Benign
2018-02-14 05:09:05,0.008374705910682678,0.043556760996580124,Benign,0.996129035949707,0,0.0,Benign
2018-02-14 05:09:10,0.00827846210449934,0.043954554945230484,Benign,0.9960981607437134,0,0.0,Benign
2018-02-14 05:09:15,0.008587327785789967,0.043528489768505096,Benign,0.9960404634475708,0,0.0,Benign
2018-02-14 05:09:20,0.009031885303556919,0.04536755010485649,Benign,0.9959588646888733,0,0.0,Benign
2018-02-14 05:09:25,0.008887405507266521,0.047100115567445755,Benign,0.9958850741386414,0,0.0,Benign
2018-02-14 05:09:30,0.008225125260651112,0.0477500818669796,Benign,0.9958949089050293,0,0.0,Benign
2018-02-14 05:09:35,0.008739570155739784,0.049177736043930054,Benign,0.9955106973648071,0,0.0,Benign
2018-02-14 05:09:40,0.00922752171754837,0.04869041591882706,Benign,0.9953692555427551,0,0.0,Benign
2018-02-14 05:09:45,0.00875786878168583,0.04500734806060791,Benign,0.9957471489906311,0,0.0,Benign
2018-02-14 05:09:50,0.008733372204005718,0.044422123581171036,Benign,0.9959178566932678,0,0.0,Benign
2018-02-14 05:09:55,0.009988326579332352,0.046808287501335144,Benign,0.9955778121948242,0,0.0,Benign
2018-02-14 05:10:00,0.01110969576984644,0.04877103120088577,Benign,0.9953096508979797,0,0.0,Benign
2018-02-14 05:10:05,0.012427940033376217,0.05262363329529762,Benign,0.9947869777679443,0,0.0,Benign
2018-02-14 05:10:10,0.013961505144834518,0.054850827902555466,Benign,0.994005024433136,0,0.0,Benign
2018-02-14 05:10:15,0.013730000704526901,0.05482082813978195,Benign,0.9940993785858154,0,0.0,Benign
2018-02-14 05:10:20,0.01504603587090969,0.056845687329769135,Benign,0.9935976266860962,0,0.0,Benign
2018-02-14 05:10:25,0.015259330160915852,0.05685267969965935,Benign,0.9936485886573792,0,0.0,Benign
2018-02-14 05:10:30,0.015934981405735016,0.05630132928490639,Benign,0.9934456944465637,0,0.0,Benign
2018-02-14 05:10:35,0.017297087237238884,0.05664776265621185,Benign,0.9930011034011841,0,0.0,Benign
2018-02-14 05:10:40,0.014961323700845242,0.05477742850780487,Benign,0.9939600229263306,0,0.0,Benign
2018-02-14 05:10:45,0.012499206699430943,0.050616372376680374,Benign,0.9949221014976501,0,0.0,Benign
2018-02-14 05:10:50,0.011704687029123306,0.048815853893756866,Benign,0.9952110648155212,0,0.0,Benign
2018-02-14 05:10:55,0.011213531717658043,0.047628358006477356,Benign,0.995439887046814,0,0.0,Benign
2018-02-14 05:11:00,0.013859881088137627,0.052122730761766434,Benign,0.9943403005599976,0,0.0,Benign
2018-02-14 05:11:05,0.018157759681344032,0.055890195071697235,Benign,0.9924280047416687,0,0.0,Benign
2018-02-14 05:11:10,0.021321021020412445,0.0591832660138607,Benign,0.9910968542098999,0,0.0,Benign
2018-02-14 05:11:15,0.02312709204852581,0.061425887048244476,Benign,0.9907131791114807,0,0.0,Benign
2018-02-14 05:11:20,0.02238396368920803,0.05922248214483261,Benign,0.9910613894462585,0,0.0,Benign
2018-02-14 05:11:25,0.019305743277072906,0.05707097426056862,Benign,0.9920251369476318,0,0.0,Benign
2018-02-14 05:11:30,0.01598624512553215,0.05322413891553879,Benign,0.9933568835258484,0,0.0,Benign
2018-02-14 05:11:35,0.014909486286342144,0.05135861784219742,Benign,0.9942418336868286,0,0.0,Benign
2018-02-14 05:11:40,0.014123422093689442,0.05044582113623619,Benign,0.9942070245742798,0,0.0,Benign
2018-02-14 05:11:45,0.013723112642765045,0.04964825138449669,Benign,0.9943450689315796,0,0.0,Benign
2018-02-14 05:11:50,0.014743913896381855,0.05031014606356621,Benign,0.993826687335968,0,0.0,Benign
2018-02-14 05:11:55,0.013563072308897972,0.04907679185271263,Benign,0.9942335486412048,0,0.0,Benign
2018-02-14 05:12:00,0.013067327439785004,0.048254482448101044,Benign,0.9945192933082581,0,0.0,Benign
2018-02-14 05:12:05,0.013501647859811783,0.04814431816339493,Benign,0.9944646954536438,0,0.0,Benign
2018-02-14 05:12:10,0.013723745010793209,0.04808541759848595,Benign,0.9944426417350769,0,0.0,Benign
2018-02-14 05:12:15,0.012329038232564926,0.04643884301185608,Benign,0.9948890805244446,0,0.0,Benign
2018-02-14 05:12:20,0.013342875055968761,0.04800410196185112,Benign,0.9943547248840332,0,0.0,Benign
2018-02-14 05:12:25,0.015505009330809116,0.050155989825725555,Benign,0.9933932423591614,0,0.0,Benign
2018-02-14 05:12:30,0.016895432025194168,0.052014268934726715,Benign,0.9927720427513123,0,0.0,Benign
2018-02-14 05:12:35,0.01845547743141651,0.0533331036567688,Benign,0.9924108982086182,0,0.0,Benign
2018-02-14 05:12:40,0.01892963983118534,0.05374450609087944,Benign,0.9924092292785645,0,0.0,Benign
2018-02-14 05:12:45,0.01892799511551857,0.0537557490170002,Benign,0.9924198985099792,0,0.0,Benign
2018-02-14 05:12:50,0.019351646304130554,0.05465373396873474,Benign,0.9922714233398438,0,0.0,Benign
2018-02-14 05:12:55,0.02059750258922577,0.05651913955807686,Benign,0.9917998909950256,0,0.0,Benign
2018-02-14 05:13:00,0.02268204092979431,0.060173310339450836,Benign,0.9910354614257812,0,0.0,Benign
2018-02-14 05:13:05,0.022427307441830635,0.060630109161138535,Benign,0.9911303520202637,0,0.0,Benign
2018-02-14 05:13:10,0.023259237408638,0.06201735883951187,Benign,0.9909152388572693,0,0.0,Benign
2018-02-14 05:13:15,0.023956522345542908,0.06224626675248146,Benign,0.990777850151062,0,0.0,Benign
2018-02-14 05:13:20,0.021534278988838196,0.05982601270079613,Benign,0.9916549921035767,0,0.0,Benign
2018-02-14 05:13:25,0.021648477762937546,0.06147734075784683,Benign,0.9916990995407104,0,0.0,Benign
2018-02-14 05:13:30,0.019890857860445976,0.06016803905367851,Benign,0.9923661351203918,0,0.0,Benign
2018-02-14 05:13:35,0.019371146336197853,0.059676557779312134,Benign,0.9925928711891174,0,0.0,Benign
2018-02-14 05:13:40,0.018936727195978165,0.05886570364236832,Benign,0.9929855465888977,0,0.0,Benign
2018-02-14 05:13:45,0.015948401764035225,0.05434982478618622,Benign,0.994144856929779,0,0.0,Benign
2018-02-14 05:13:50,0.012893539853394032,0.05000726878643036,Benign,0.9951004385948181,0,0.0,Benign
2018-02-14 05:13:55,0.012270627543330193,0.04907172918319702,Benign,0.9955060482025146,0,0.0,Benign
2018-02-14 05:14:00,0.010301089845597744,0.043444421142339706,Benign,0.9963446259498596,0,0.0,Benign
2018-02-14 05:14:05,0.007764407433569431,0.0442049503326416,Benign,0.9970830082893372,0,0.0,Benign
2018-02-14 05:14:10,0.007142555899918079,0.03872276842594147,Benign,0.997283935546875,0,0.0,Benign
2018-02-14 05:14:15,0.006491476204246283,0.038736216723918915,Benign,0.9973995685577393,0,0.0,Benign
2018-02-14 05:14:20,0.006076906342059374,0.03638406842947006,Benign,0.9974350333213806,0,0.0,Benign
2018-02-14 05:14:25,0.005769820883870125,0.03513321280479431,Benign,0.9975184202194214,0,0.0,Benign
2018-02-14 05:14:30,0.006037733051925898,0.03713599219918251,Benign,0.9973467588424683,0,0.0,Benign
2018-02-14 05:14:35,0.006045152433216572,0.03658214956521988,Benign,0.9974092841148376,0,0.0,Benign
2018-02-14 05:14:40,0.005955267697572708,0.03614470735192299,Benign,0.997404158115387,0,0.0,Benign
2018-02-14 05:14:45,0.005889535881578922,0.036632031202316284,Benign,0.9973932504653931,0,0.0,Benign
2018-02-14 05:14:50,0.005835453048348427,0.03407885134220123,Benign,0.9974518418312073,0,0.0,Benign
2018-02-14 05:14:55,0.0054360851645469666,0.03662595525383949,Benign,0.9975796341896057,0,0.0,Benign
2018-02-14 05:15:00,0.005536382552236319,0.03502887487411499,Benign,0.9975371360778809,0,0.0,Benign
2018-02-14 05:15:05,0.006156398449093103,0.037460267543792725,Benign,0.9973324537277222,0,0.0,Benign
2018-02-14 05:15:10,0.0056876009330153465,0.03824019059538841,Benign,0.997480571269989,0,0.0,Benign
2018-02-14 05:15:15,0.00595450634136796,0.0379510372877121,Benign,0.9973384737968445,0,0.0,Benign
2018-02-14 05:15:20,0.0062723420560359955,0.03826744481921196,Benign,0.9972061514854431,0,0.0,Benign
2018-02-14 05:15:25,0.006207804661244154,0.038892947137355804,Benign,0.9972298741340637,0,0.0,Benign
2018-02-14 05:15:30,0.006593274883925915,0.03922080621123314,Benign,0.9970614314079285,0,0.0,Benign
2018-02-14 05:15:35,0.006787236779928207,0.040896739810705185,Benign,0.9969534873962402,0,0.0,Benign
2018-02-14 05:15:40,0.006265589501708746,0.0398433655500412,Benign,0.9971455931663513,0,0.0,Benign
2018-02-14 05:15:45,0.006111121736466885,0.03862687200307846,Benign,0.9972599744796753,0,0.0,Benign
2018-02-14 05:15:50,0.006439368240535259,0.03859115391969681,Benign,0.9970978498458862,0,0.0,Benign
2018-02-14 05:15:55,0.00638973992317915,0.03961731493473053,Benign,0.9971211552619934,0,0.0,Benign
2018-02-14 05:16:00,0.006800223141908646,0.04046190530061722,Benign,0.9970292448997498,0,0.0,Benign
2018-02-14 05:16:05,0.007761531509459019,0.04207868501543999,Benign,0.9967580437660217,0,0.0,Benign
2018-02-14 05:16:10,0.007051237393170595,0.03998248279094696,Benign,0.9970471262931824,0,0.0,Benign
2018-02-14 05:16:15,0.007013296242803335,0.041602492332458496,Benign,0.9969593286514282,0,0.0,Benign
2018-02-14 05:16:20,0.0063933320343494415,0.04049932584166527,Benign,0.9971981048583984,0,0.0,Benign
2018-02-14 05:16:25,0.006388556212186813,0.039236459881067276,Benign,0.9973523616790771,0,0.0,Benign
2018-02-14 05:16:30,0.0065306369215250015,0.03981727361679077,Benign,0.9972259402275085,0,0.0,Benign
2018-02-14 05:16:35,0.007184877991676331,0.04325699433684349,Benign,0.9969593286514282,0,0.0,Benign
2018-02-14 05:16:40,0.007338514551520348,0.043671853840351105,Benign,0.9968135952949524,0,0.0,Benign
2018-02-14 05:16:45,0.007373328786343336,0.043490588665008545,Benign,0.9967756867408752,0,0.0,Benign
2018-02-14 05:16:50,0.00724567286670208,0.04162879288196564,Benign,0.9969145059585571,0,0.0,Benign
2018-02-14 05:16:55,0.00680431118234992,0.0413484126329422,Benign,0.9970067143440247,0,0.0,Benign
2018-02-14 05:17:00,0.006240492686629295,0.038948193192481995,Benign,0.997231662273407,0,0.0,Benign
2018-02-14 05:17:05,0.006238124333322048,0.038441527634859085,Benign,0.9972018003463745,0,0.0,Benign
2018-02-14 05:17:10,0.0066685862839221954,0.03795173391699791,Benign,0.9970742464065552,0,0.0,Benign
2018-02-14 05:17:15,0.007177989464253187,0.04199233278632164,Benign,0.9967119693756104,0,0.0,Benign
2018-02-14 05:17:20,0.006849233992397785,0.04307734593749046,Benign,0.9967212080955505,0,0.0,Benign
2018-02-14 05:17:25,0.007295052520930767,0.04196872562170029,Benign,0.9964919686317444,0,0.0,Benign
2018-02-14 05:17:30,0.007019465323537588,0.03873950242996216,Benign,0.9969139099121094,0,0.0,Benign
2018-02-14 05:17:35,0.007427828386425972,0.03825912997126579,Benign,0.9968206882476807,0,0.0,Benign
2018-02-14 05:17:40,0.00771113159134984,0.0389300175011158,Benign,0.9967852830886841,0,0.0,Benign
2018-02-14 05:17:45,0.007484844885766506,0.0382869653403759,Benign,0.9968165755271912,0,0.0,Benign
2018-02-14 05:17:50,0.007395863067358732,0.03686650097370148,Benign,0.9968751668930054,0,0.0,Benign
2018-02-14 05:17:55,0.007647028658539057,0.036963481456041336,Benign,0.9968035221099854,0,0.0,Benign
2018-02-14 05:18:00,0.007571352180093527,0.03882162645459175,Benign,0.996826708316803,0,0.0,Benign
2018-02-14 05:18:05,0.006907657254487276,0.037734318524599075,Benign,0.9970892071723938,0,0.0,Benign
2018-02-14 05:18:10,0.007192357908934355,0.03748413920402527,Benign,0.9970345497131348,0,0.0,Benign
2018-02-14 05:18:15,0.008028119802474976,0.03876442462205887,Benign,0.9966529011726379,0,0.0,Benign
2018-02-14 05:18:20,0.007709485944360495,0.04001269489526749,Benign,0.9967915415763855,0,0.0,Benign
2018-02-14 05:18:25,0.007839594036340714,0.0430620014667511,Benign,0.9965550899505615,0,0.0,Benign
2018-02-14 05:18:30,0.007389441132545471,0.0426894873380661,Benign,0.9966404438018799,0,0.0,Benign
2018-02-14 05:18:35,0.00803520530462265,0.04246646165847778,Benign,0.9963349103927612,0,0.0,Benign
2018-02-14 05:18:40,0.008424369618296623,0.04560849070549011,Benign,0.9961214661598206,0,0.0,Benign
2018-02-14 05:18:45,0.007676361594349146,0.04365874081850052,Benign,0.9964949488639832,0,0.0,Benign
2018-02-14 05:18:50,0.007808839902281761,0.042640745639801025,Benign,0.996311366558075,0,0.0,Benign
2018-02-14 05:18:55,0.00803635735064745,0.041827909648418427,Benign,0.9962855577468872,0,0.0,Benign
2018-02-14 05:19:00,0.009226880967617035,0.04798690229654312,Benign,0.9955588579177856,0,0.0,Benign
2018-02-14 05:19:05,0.008824044838547707,0.05046167969703674,Benign,0.9955670237541199,0,0.0,Benign
2018-02-14 05:19:10,0.008846594020724297,0.05008570849895477,Benign,0.9953802824020386,0,0.0,Benign
2018-02-14 05:19:15,0.008720760233700275,0.04860338941216469,Benign,0.9953389167785645,0,0.0,Benign
2018-02-14 05:19:20,0.0084620900452137,0.04984079673886299,Benign,0.9954793453216553,0,0.0,Benign
2018-02-14 05:19:25,0.008604826405644417,0.0474882498383522,Benign,0.9955547451972961,0,0.0,Benign
2018-02-14 05:19:30,0.008160230703651905,0.047138191759586334,Benign,0.9957523345947266,0,0.0,Benign
2018-02-14 05:19:35,0.008917032741010189,0.047516949474811554,Benign,0.9956186413764954,0,0.0,Benign
2018-02-14 05:19:40,0.009659313596785069,0.04803812876343727,Benign,0.9955257773399353,0,0.0,Benign
2018-02-14 05:19:45,0.009646153077483177,0.04730398207902908,Benign,0.9955779314041138,0,0.0,Benign
2018-02-14 05:19:50,0.009087866172194481,0.047890570014715195,Benign,0.9958339929580688,0,0.0,Benign
2018-02-14 05:19:55,0.008214559406042099,0.048288118094205856,Benign,0.9961866736412048,0,0.0,Benign
2018-02-14 05:20:00,0.007590713910758495,0.04611625894904137,Benign,0.9965171813964844,0,0.0,Benign
2018-02-14 05:20:05,0.008000007830560207,0.04642237350344658,Benign,0.9962112903594971,0,0.0,Benign
2018-02-14 05:20:10,0.008667316287755966,0.04711097851395607,Benign,0.9956359267234802,0,0.0,Benign
2018-02-14 05:20:15,0.009225059300661087,0.04705634340643883,Benign,0.9954299926757812,0,0.0,Benign
2018-02-14 05:20:20,0.010065888054668903,0.047156304121017456,Benign,0.9950247406959534,0,0.0,Benign
2018-02-14 05:20:25,0.009872237220406532,0.04788576439023018,Benign,0.995048463344574,0,0.0,Benign
2018-02-14 05:20:30,0.010675996541976929,0.04892588406801224,Benign,0.9946935772895813,0,0.0,Benign
2018-02-14 05:20:35,0.010997600853443146,0.04927513748407364,Benign,0.9948164820671082,0,0.0,Benign
2018-02-14 05:20:40,0.011458152905106544,0.05174664780497551,Benign,0.9948474168777466,0,0.0,Benign
2018-02-14 05:20:45,0.011219613254070282,0.04838793724775314,Benign,0.9950833320617676,0,0.0,Benign
2018-02-14 05:20:50,0.011057852767407894,0.04660610854625702,Benign,0.9952062964439392,0,0.0,Benign
2018-02-14 05:20:55,0.01144571602344513,0.0452163927257061,Benign,0.9950849413871765,0,0.0,Benign
2018-02-14 05:21:00,0.011854869313538074,0.04582851752638817,Benign,0.9947110414505005,0,0.0,Benign
2018-02-14 05:21:05,0.011160068213939667,0.04376613348722458,Benign,0.9952056407928467,0,0.0,Benign
2018-02-14 05:21:10,0.010892217047512531,0.044296830892562866,Benign,0.9952220320701599,0,0.0,Benign
2018-02-14 05:21:15,0.012624545022845268,0.04717857018113136,Benign,0.9942569136619568,0,0.0,Benign
2018-02-14 05:21:20,0.014823979698121548,0.04958837106823921,Benign,0.9931368827819824,0,0.0,Benign
2018-02-14 05:21:25,0.01507173664867878,0.050299275666475296,Benign,0.9929138422012329,0,0.0,Benign
2018-02-14 05:21:30,0.01583212986588478,0.05235882103443146,Benign,0.9927789568901062,0,0.0,Benign
2018-02-14 05:21:35,0.013715711422264576,0.04934218153357506,Benign,0.9941253662109375,0,0.0,Benign
2018-02-14 05:21:40,0.010967704467475414,0.04758741706609726,Benign,0.9953016042709351,0,0.0,Benign
2018-02-14 05:21:45,0.008570917882025242,0.044473797082901,Benign,0.9962599277496338,0,0.0,Benign
2018-02-14 05:21:50,0.009165611118078232,0.04434240981936455,Benign,0.9957440495491028,0,0.0,Benign
2018-02-14 05:21:55,0.009363343939185143,0.04408128932118416,Benign,0.9955920577049255,0,0.0,Benign
2018-02-14 05:22:00,0.010074744001030922,0.04574970155954361,Benign,0.9952313303947449,0,0.0,Benign
2018-02-14 05:22:05,0.011244884692132473,0.04595908150076866,Benign,0.9950490593910217,0,0.0,Benign
2018-02-14 05:22:10,0.010474842973053455,0.04763150215148926,Benign,0.9953374862670898,0,0.0,Benign
2018-02-14 05:22:15,0.010091382078826427,0.04781936854124069,Benign,0.9954708814620972,0,0.0,Benign
2018-02-14 05:22:20,0.00982255395501852,0.04795455560088158,Benign,0.9954597353935242,0,0.0,Benign
2018-02-14 05:22:25,0.009375541470944881,0.0483831949532032,Benign,0.995692789554596,0,0.0,Benign
2018-02-14 05:22:30,0.00873724464327097,0.048554640263319016,Benign,0.9959534406661987,0,0.0,Benign
2018-02-14 05:22:35,0.007819335907697678,0.049644093960523605,Benign,0.9961991906166077,0,0.0,Benign
2018-02-14 05:22:40,0.006745005026459694,0.049406565725803375,Benign,0.9963931441307068,0,0.0,Benign
2018-02-14 05:22:45,0.005953411106020212,0.04688284918665886,Benign,0.9966138005256653,0,0.0,Benign
2018-02-14 05:22:50,0.006382789928466082,0.04588226228952408,Benign,0.9964806437492371,0,0.0,Benign
2018-02-14 05:22:55,0.006190483924001455,0.04472886025905609,Benign,0.9966514706611633,0,0.0,Benign
2018-02-14 05:23:00,0.006436909083276987,0.04480312764644623,Benign,0.9965870380401611,0,0.0,Benign
2018-02-14 05:23:05,0.007565764710307121,0.048764217644929886,Benign,0.9961677193641663,0,0.0,Benign
2018-02-14 05:23:10,0.0068227811716496944,0.044291723519563675,Benign,0.9965696334838867,0,0.0,Benign
2018-02-14 05:23:15,0.006910362746566534,0.04300207272171974,Benign,0.99654620885849,0,0.0,Benign
2018-02-14 05:23:20,0.0073623014613986015,0.04294813051819801,Benign,0.9964724779129028,0,0.0,Benign
2018-02-14 05:23:25,0.007505887653678656,0.04129011556506157,Benign,0.9965208768844604,0,0.0,Benign
2018-02-14 05:23:30,0.007593516726046801,0.040971215814352036,Benign,0.9965049028396606,0,0.0,Benign
2018-02-14 05:23:35,0.007602829020470381,0.040577761828899384,Benign,0.996519923210144,0,0.0,Benign
2018-02-14 05:23:40,0.008174913935363293,0.04094482585787773,Benign,0.9961578249931335,0,0.0,Benign
2018-02-14 05:23:45,0.007227650843560696,0.04069633409380913,Benign,0.9966126084327698,0,0.0,Benign
2018-02-14 05:23:50,0.0075390455313026905,0.03934169560670853,Benign,0.9965812563896179,0,0.0,Benign
2018-02-14 05:23:55,0.007474653422832489,0.03969285264611244,Benign,0.9966272115707397,0,0.0,Benign
2018-02-14 05:24:00,0.007645729463547468,0.04013089835643768,Benign,0.9965918064117432,0,0.0,Benign
2018-02-14 05:24:05,0.008125807158648968,0.04156314209103584,Benign,0.9964021444320679,0,0.0,Benign
2018-02-14 05:24:10,0.00811405573040247,0.04149356856942177,Benign,0.9964045286178589,0,0.0,Benign
2018-02-14 05:24:15,0.008819320239126682,0.04315689206123352,Benign,0.9961583018302917,0,0.0,Benign
2018-02-14 05:24:20,0.008005042560398579,0.04075806215405464,Benign,0.9966132044792175,0,0.0,Benign
2018-02-14 05:24:25,0.00809950940310955,0.04116974398493767,Benign,0.9965193271636963,0,0.0,Benign
2018-02-14 05:24:30,0.008906027302145958,0.040871940553188324,Benign,0.9960798621177673,0,0.0,Benign
2018-02-14 05:24:35,0.00904165394604206,0.043599456548690796,Benign,0.9956845045089722,0,0.0,Benign
2018-02-14 05:24:40,0.008434388786554337,0.04414217174053192,Benign,0.9958394765853882,0,0.0,Benign
2018-02-14 05:24:45,0.008012233301997185,0.044427063316106796,Benign,0.9959914088249207,0,0.0,Benign
2018-02-14 05:24:50,0.007832469418644905,0.04478723183274269,Benign,0.9960903525352478,0,0.0,Benign
2018-02-14 05:24:55,0.008021261543035507,0.04452328756451607,Benign,0.9961048364639282,0,0.0,Benign
2018-02-14 05:25:00,0.0071774632669985294,0.044325634837150574,Benign,0.9964428544044495,0,0.0,Benign
2018-02-14 05:25:05,0.006821276154369116,0.04376806318759918,Benign,0.9965631365776062,0,0.0,Benign
2018-02-14 05:25:10,0.00652728695422411,0.04100475832819939,Benign,0.9967629909515381,0,0.0,Benign
2018-02-14 05:25:15,0.006743634585291147,0.0397961363196373,Benign,0.9967572093009949,0,0.0,Benign
2018-02-14 05:25:20,0.007090906612575054,0.04091985523700714,Benign,0.9965918064117432,0,0.0,Benign
2018-02-14 05:25:25,0.00818503275513649,0.04334160313010216,Benign,0.9959657192230225,0,0.0,Benign
2018-02-14 05:25:30,0.009571298025548458,0.046412721276283264,Benign,0.9950591325759888,0,0.0,Benign
2018-02-14 05:25:35,0.009653814136981964,0.048667602241039276,Benign,0.9948807954788208,0,0.0,Benign
2018-02-14 05:25:40,0.009294903837144375,0.047278400510549545,Benign,0.9951590895652771,0,0.0,Benign
2018-02-14 05:25:45,0.010123763233423233,0.04989219084382057,Benign,0.994904637336731,0,0.0,Benign
2018-02-14 05:25:50,0.009587222710251808,0.0447932668030262,Benign,0.9953688979148865,0,0.0,Benign
2018-02-14 05:25:55,0.009109907783567905,0.04266136512160301,Benign,0.9959383010864258,0,0.0,Benign
2018-02-14 05:26:00,0.007827367633581161,0.04147090017795563,Benign,0.9964082837104797,0,0.0,Benign
2018-02-14 05:26:05,0.008136590011417866,0.040391042828559875,Benign,0.9963036775588989,0,0.0,Benign
2018-02-14 05:26:10,0.007740887347608805,0.04009253531694412,Benign,0.996542751789093,0,0.0,Benign
2018-02-14 05:26:15,0.008313084952533245,0.04521885886788368,Benign,0.9962735176086426,0,0.0,Benign
2018-02-14 05:26:20,0.007124828174710274,0.04232187196612358,Benign,0.9967605471611023,0,0.0,Benign
2018-02-14 05:26:25,0.006822345312684774,0.04253730922937393,Benign,0.9967921376228333,0,0.0,Benign
2018-02-14 05:26:30,0.006853598169982433,0.043866727501153946,Benign,0.9967105388641357,0,0.0,Benign
2018-02-14 05:26:35,0.007195480167865753,0.04347585514187813,Benign,0.9964966177940369,0,0.0,Benign
2018-02-14 05:26:40,0.0074822381138801575,0.04500485956668854,Benign,0.9964411854743958,0,0.0,Benign
2018-02-14 05:26:45,0.008488448336720467,0.04658892750740051,Benign,0.9961873888969421,0,0.0,Benign
2018-02-14 05:26:50,0.009764197282493114,0.05055951699614525,Benign,0.9957951307296753,0,0.0,Benign
2018-02-14 05:26:55,0.01031552255153656,0.04885982349514961,Benign,0.9956549406051636,0,0.0,Benign
2018-02-14 05:27:00,0.010747389867901802,0.05000023543834686,Benign,0.9955112934112549,0,0.0,Benign
2018-02-14 05:27:05,0.012025686912238598,0.05180339142680168,Benign,0.9951815009117126,0,0.0,Benign
2018-02-14 05:27:10,0.012984458357095718,0.051201656460762024,Benign,0.9949677586555481,0,0.0,Benign
2018-02-14 05:27:15,0.014714849181473255,0.053203683346509933,Benign,0.9943789839744568,0,0.0,Benign
2018-02-14 05:27:20,0.013703899458050728,0.0567307248711586,Benign,0.9946581721305847,0,0.0,Benign
2018-02-14 05:27:25,0.012780353426933289,0.05798356980085373,Benign,0.9947322607040405,0,0.0,Benign
2018-02-14 05:27:30,0.011827702634036541,0.05676168203353882,Benign,0.9947846531867981,0,0.0,Benign
2018-02-14 05:27:35,0.010171295143663883,0.053986694663763046,Benign,0.9952764511108398,0,0.0,Benign
2018-02-14 05:27:40,0.009158391505479813,0.05104881525039673,Benign,0.9956957101821899,0,0.0,Benign
2018-02-14 05:27:45,0.00964635331183672,0.050696056336164474,Benign,0.9955728054046631,0,0.0,Benign
2018-02-14 05:27:50,0.009744313545525074,0.05138528719544411,Benign,0.9955204725265503,0,0.0,Benign
2018-02-14 05:27:55,0.010855699889361858,0.05570784583687782,Benign,0.9950714111328125,0,0.0,Benign
2018-02-14 05:28:00,0.010988155379891396,0.05692204833030701,Benign,0.9949841499328613,0,0.0,Benign
2018-02-14 05:28:05,0.011141486465930939,0.05727097764611244,Benign,0.9949437975883484,0,0.0,Benign
2018-02-14 05:28:10,0.011260301806032658,0.05888023227453232,Benign,0.994828999042511,0,0.0,Benign
2018-02-14 05:28:15,0.010962600819766521,0.05620399862527847,Benign,0.9949337840080261,0,0.0,Benign
2018-02-14 05:28:20,0.010945025831460953,0.05555615946650505,Benign,0.9950011372566223,0,0.0,Benign
2018-02-14 05:28:25,0.01081637293100357,0.05339216813445091,Benign,0.995046854019165,0,0.0,Benign
2018-02-14 05:28:30,0.011471960693597794,0.05229788273572922,Benign,0.9948126077651978,0,0.0,Benign
2018-02-14 05:28:35,0.011765501461923122,0.0521775558590889,Benign,0.994709849357605,0,0.0,Benign
2018-02-14 05:28:40,0.012269801460206509,0.054238058626651764,Benign,0.9944747090339661,0,0.0,Benign
2018-02-14 05:28:45,0.011492089368402958,0.05236295983195305,Benign,0.9948486089706421,0,0.0,Benign
2018-02-14 05:28:50,0.010972185991704464,0.05321497470140457,Benign,0.9950007796287537,0,0.0,Benign
2018-02-14 05:28:55,0.010976065881550312,0.05204499140381813,Benign,0.9951895475387573,0,0.0,Benign
2018-02-14 05:29:00,0.012868603691458702,0.053812868893146515,Benign,0.9946212768554688,0,0.0,Benign
2018-02-14 05:29:05,0.014466922730207443,0.05567583441734314,Benign,0.9940231442451477,0,0.0,Benign
2018-02-14 05:29:10,0.013364072889089584,0.0538155660033226,Benign,0.99437415599823,0,0.0,Benign
2018-02-14 05:29:15,0.013666852377355099,0.05251718685030937,Benign,0.9944645762443542,0,0.0,Benign
2018-02-14 05:29:20,0.012126943096518517,0.04996630549430847,Benign,0.995089590549469,0,0.0,Benign
2018-02-14 05:29:25,0.012085995636880398,0.049958862364292145,Benign,0.9951089024543762,0,0.0,Benign
2018-02-14 05:29:30,0.013132710941135883,0.05268748849630356,Benign,0.9947739243507385,0,0.0,Benign
2018-02-14 05:29:35,0.014066437259316444,0.05374743044376373,Benign,0.9946797490119934,0,0.0,Benign
2018-02-14 05:29:40,0.014677103608846664,0.058044206351041794,Benign,0.9943473935127258,0,0.0,Benign
2018-02-14 05:29:45,0.016000377014279366,0.06140036880970001,Benign,0.9940826296806335,0,0.0,Benign
2018-02-14 05:29:50,0.016089802607893944,0.06249886006116867,Benign,0.9938255548477173,0,0.0,Benign
2018-02-14 05:29:55,0.017427338287234306,0.06534673273563385,Benign,0.9934422969818115,0,0.0,Benign
2018-02-14 05:30:00,0.017832571640610695,0.0656975507736206,Benign,0.9930940866470337,0,0.0,Benign
2018-02-14 05:30:05,0.016507120802998543,0.06280039250850677,Benign,0.9936256408691406,0,0.0,Benign
2018-02-14 05:30:10,0.01822016015648842,0.06752867251634598,Benign,0.9929732084274292,0,0.0,Benign
2018-02-14 05:30:15,0.019480854272842407,0.0693458840250969,Benign,0.992820680141449,0,0.0,Benign
2018-02-14 05:30:20,0.024662228301167488,0.07688412815332413,Benign,0.9906918406486511,0,0.0,Benign
2018-02-14 05:30:25,0.03388220816850662,0.08908155560493469,Benign,0.9873068332672119,0,0.0,Benign
2018-02-14 05:30:30,0.03648810461163521,0.08636224269866943,Benign,0.9872971773147583,0,0.0,Benign
2018-02-14 05:30:35,0.04401111602783203,0.09526123106479645,Benign,0.9839152097702026,0,0.0,Benign
2018-02-14 05:30:45,0.04103225842118263,0.09545758366584778,Benign,0.9824711680412292,0,0.0,Benign
2018-02-14 08:28:20,0.04223715141415596,0.09486758708953857,Benign,0.9809176921844482,0,0.0,Benign
2018-02-14 08:28:25,0.025865327566862106,0.0778941735625267,Benign,0.9888028502464294,0,0.0,Benign
2018-02-14 08:28:30,0.01415025070309639,0.0645957663655281,Benign,0.9935791492462158,0,0.0,Benign
2018-02-14 08:28:35,0.008432670496404171,0.05554986372590065,Benign,0.9954969882965088,0,0.0,Benign
2018-02-14 08:28:40,0.005789706017822027,0.05115773156285286,Benign,0.9966110587120056,0,0.0,Benign
2018-02-14 08:28:45,0.004441810306161642,0.05033288151025772,Benign,0.9972832202911377,0,0.0,Benign
2018-02-14 08:28:50,0.003524772822856903,0.048496223986148834,Benign,0.9978567957878113,0,0.0,Benign
2018-02-14 08:28:55,0.0030977849382907152,0.04613910987973213,Benign,0.9981390237808228,0,0.0,Benign
2018-02-14 08:29:00,0.0026469891890883446,0.04582329839468002,Benign,0.9984599351882935,0,0.0,Benign
2018-02-14 08:29:05,0.002306545851752162,0.046366918832063675,Benign,0.9986431002616882,0,0.0,Benign
2018-02-14 08:29:10,0.0021229146514087915,0.04734324291348457,Benign,0.9987367987632751,0,0.0,Benign
2018-02-14 08:29:15,0.0019605590496212244,0.049034375697374344,Benign,0.9988176226615906,0,0.0,Benign
2018-02-14 08:29:20,0.0018911256920546293,0.05072261393070221,Benign,0.998883068561554,0,0.0,Benign
2018-02-14 08:29:25,0.001785288448445499,0.05090994015336037,Benign,0.9989379048347473,0,0.0,Benign
2018-02-14 08:29:30,0.001758384401910007,0.051558967679739,Benign,0.9989380240440369,0,0.0,Benign
2018-02-14 08:29:35,0.0016642386326566339,0.05113360658288002,Benign,0.9990050196647644,0,0.0,Benign
2018-02-14 08:29:40,0.0016203999985009432,0.05054530128836632,Benign,0.9990130662918091,0,0.0,Benign
2018-02-14 08:29:45,0.0015683089150115848,0.04951493442058563,Benign,0.9990491271018982,0,0.0,Benign
2018-02-14 08:29:50,0.0015231285942718387,0.048571061342954636,Benign,0.9990725517272949,0,0.0,Benign
2018-02-14 08:29:55,0.001545849023386836,0.04827708750963211,Benign,0.9990617632865906,0,0.0,Benign
2018-02-14 08:30:00,0.0015042437007650733,0.04747450351715088,Benign,0.9991014003753662,0,0.0,Benign
2018-02-14 08:30:05,0.0015055707190185785,0.047834739089012146,Benign,0.9991034865379333,0,0.0,Benign
2018-02-14 08:30:10,0.0015438749687746167,0.04842280223965645,Benign,0.999099850654602,0,0.0,Benign
2018-02-14 08:30:15,0.0015901655424386263,0.0498831644654274,Benign,0.9990597367286682,0,0.0,Benign
2018-02-14 08:30:20,0.0016052519204095006,0.05048482120037079,Benign,0.9990405440330505,0,0.0,Benign
2018-02-14 08:30:25,0.0016075638122856617,0.051176972687244415,Benign,0.9989846348762512,0,0.0,Benign
2018-02-14 08:30:30,0.0015875513199716806,0.051479339599609375,Benign,0.998936116695404,0,0.0,Benign
2018-02-14 08:30:35,0.0016009497921913862,0.05130351707339287,Benign,0.9988719820976257,0,0.0,Benign
2018-02-14 08:30:40,0.0016596491914242506,0.05168001353740692,Benign,0.9987154006958008,0,0.0,Benign
2018-02-14 08:30:45,0.0016860426403582096,0.05169787257909775,Benign,0.9986382126808167,0,0.0,Benign
2018-02-14 08:30:50,0.0017901770770549774,0.05207408219575882,Benign,0.9985566735267639,0,0.0,Benign
2018-02-14 08:30:55,0.0018571880646049976,0.05221734195947647,Benign,0.998524010181427,0,0.0,Benign
2018-02-14 08:31:00,0.0019790639635175467,0.053000327199697495,Benign,0.9984492063522339,0,0.0,Benign
2018-02-14 08:31:05,0.0019646193832159042,0.05307137221097946,Benign,0.9984152317047119,0,0.0,Benign
2018-02-14 08:31:10,0.0019293819786980748,0.05179541930556297,Benign,0.9984344840049744,0,0.0,Benign
2018-02-14 08:31:15,0.0019116702023893595,0.051989246159791946,Benign,0.9984122514724731,0,0.0,Benign
2018-02-14 08:31:20,0.0019154624314978719,0.05227920413017273,Benign,0.9983878135681152,0,0.0,Benign
2018-02-14 08:31:25,0.001919619389809668,0.05291864275932312,Benign,0.998337984085083,0,0.0,Benign
2018-02-14 08:31:30,0.0018743068212643266,0.05174200236797333,Benign,0.9983811378479004,0,0.0,Benign
2018-02-14 08:31:35,0.001883713761344552,0.05253705009818077,Benign,0.9983149766921997,0,0.0,Benign
2018-02-14 08:31:40,0.00188152224291116,0.05247274413704872,Benign,0.9983071088790894,0,0.0,Benign
2018-02-14 08:31:45,0.0018281473312526941,0.05171326920390129,Benign,0.9983536005020142,0,0.0,Benign
2018-02-14 08:31:50,0.0018335467902943492,0.05200771987438202,Benign,0.9983341097831726,0,0.0,Benign
2018-02-14 08:31:55,0.0018179960316047072,0.0517868809401989,Benign,0.9983425140380859,0,0.0,Benign
2018-02-14 08:32:00,0.0017997734248638153,0.05126408487558365,Benign,0.9983595013618469,0,0.0,Benign
2018-02-14 08:32:05,0.0017910778988152742,0.050430286675691605,Benign,0.9983760118484497,0,0.0,Benign
2018-02-14 08:32:10,0.001816577510908246,0.05045216903090477,Benign,0.9983338713645935,0,0.0,Benign
2018-02-14 08:32:15,0.0018493912648409605,0.05073375999927521,Benign,0.998332679271698,0,0.0,Benign
2018-02-14 08:32:20,0.001864359830506146,0.051250021904706955,Benign,0.998313307762146,0,0.0,Benign
2018-02-14 08:32:25,0.0019065648084506392,0.05148148164153099,Benign,0.9982971549034119,0,0.0,Benign
2018-02-14 08:32:30,0.0019226794829592109,0.05292898416519165,Benign,0.9982457160949707,0,0.0,Benign
2018-02-14 08:32:35,0.0018690224969759583,0.05249042809009552,Benign,0.9982849955558777,0,0.0,Benign
2018-02-14 08:32:40,0.0017952132038772106,0.05183970555663109,Benign,0.998309850692749,0,0.0,Benign
2018-02-14 08:32:45,0.0017427935963496566,0.050800617784261703,Benign,0.9983614087104797,0,0.0,Benign
2018-02-14 08:32:50,0.001777450437657535,0.05117644742131233,Benign,0.9983441829681396,0,0.0,Benign
2018-02-14 08:32:55,0.0018034179229289293,0.05081712827086449,Benign,0.9983592629432678,0,0.0,Benign
2018-02-14 08:33:00,0.0018464819295331836,0.05131172016263008,Benign,0.9983306527137756,0,0.0,Benign
2018-02-14 08:33:05,0.0018799486570060253,0.051184434443712234,Benign,0.9983270764350891,0,0.0,Benign
2018-02-14 08:33:10,0.0019226785516366363,0.05145134776830673,Benign,0.9983066320419312,0,0.0,Benign
2018-02-14 08:33:15,0.0019558111671358347,0.051971934735774994,Benign,0.9982654452323914,0,0.0,Benign
2018-02-14 08:33:20,0.002036111196503043,0.053483448922634125,Benign,0.9981818199157715,0,0.0,Benign
2018-02-14 08:33:25,0.0020099834073334932,0.05343928933143616,Benign,0.9982036352157593,0,0.0,Benign
2018-02-14 08:33:30,0.0019609923474490643,0.05295506492257118,Benign,0.998236894607544,0,0.0,Benign
2018-02-14 08:33:35,0.0019316551042720675,0.052326370030641556,Benign,0.9982666969299316,0,0.0,Benign
2018-02-14 08:33:40,0.001919992035254836,0.051829010248184204,Benign,0.9982813596725464,0,0.0,Benign
2018-02-14 08:33:45,0.0019533182494342327,0.05199975520372391,Benign,0.9982384443283081,0,0.0,Benign
2018-02-14 08:33:50,0.001954514067620039,0.05149905011057854,Benign,0.9982237219810486,0,0.0,Benign
2018-02-14 08:33:55,0.002014992292970419,0.0524442121386528,Benign,0.9981688261032104,0,0.0,Benign
2018-02-14 08:34:00,0.001972055993974209,0.05295295640826225,Benign,0.9981763362884521,0,0.0,Benign
2018-02-14 08:34:05,0.0019052731804549694,0.053288016468286514,Benign,0.998224675655365,0,0.0,Benign
2018-02-14 08:34:10,0.0018545232014730573,0.05276799947023392,Benign,0.9982890486717224,0,0.0,Benign
2018-02-14 08:34:15,0.0018376933876425028,0.053161438554525375,Benign,0.998262345790863,0,0.0,Benign
2018-02-14 08:34:20,0.0017930986359715462,0.052715979516506195,Benign,0.9982749223709106,0,0.0,Benign
2018-02-14 08:34:25,0.001772251445800066,0.05246363952755928,Benign,0.9982661604881287,0,0.0,Benign
2018-02-14 08:34:30,0.0017705608624964952,0.05321003496646881,Benign,0.9982074499130249,0,0.0,Benign
2018-02-14 08:34:35,0.0016883144853636622,0.051955047994852066,Benign,0.9982929825782776,0,0.0,Benign
2018-02-14 08:34:40,0.0016514863818883896,0.05217713117599487,Benign,0.9983419179916382,0,0.0,Benign
2018-02-14 08:34:45,0.0015898240962997079,0.051890160888433456,Benign,0.9984583854675293,0,0.0,Benign
2018-02-14 08:34:50,0.0015527404611930251,0.05087368190288544,Benign,0.9986157417297363,0,0.0,Benign
2018-02-14 08:34:55,0.0015763958217576146,0.05063948035240173,Benign,0.9986423850059509,0,0.0,Benign
2018-02-14 08:35:00,0.0015235658502206206,0.04950758442282677,Benign,0.9988489151000977,0,0.0,Benign
2018-02-14 08:35:05,0.0014836725313216448,0.04903188720345497,Benign,0.9989055395126343,0,0.0,Benign
2018-02-14 08:35:10,0.0014562434516847134,0.04860440269112587,Benign,0.9989797472953796,0,0.0,Benign
2018-02-14 08:35:15,0.0014553319197148085,0.04893890768289566,Benign,0.9990150928497314,0,0.0,Benign
2018-02-14 08:35:20,0.0014541669515892863,0.04867948219180107,Benign,0.999037504196167,0,0.0,Benign
2018-02-14 08:35:25,0.0014506247825920582,0.048371125012636185,Benign,0.9990739822387695,0,0.0,Benign
2018-02-14 08:35:30,0.0014655959093943238,0.048677846789360046,Benign,0.9990693926811218,0,0.0,Benign
2018-02-14 08:35:35,0.0014694689307361841,0.049000006169080734,Benign,0.9990754127502441,0,0.0,Benign
2018-02-14 08:35:40,0.0014894700143486261,0.0494585819542408,Benign,0.999064028263092,0,0.0,Benign
2018-02-14 08:35:45,0.001465298468247056,0.04916094243526459,Benign,0.9990749359130859,0,0.0,Benign
2018-02-14 08:35:50,0.0014689246891066432,0.049474019557237625,Benign,0.9990767240524292,0,0.0,Benign
2018-02-14 08:35:55,0.0015029723290354013,0.04886389523744583,Benign,0.9990448355674744,0,0.0,Benign
2018-02-14 08:36:00,0.001477914280258119,0.0486392118036747,Benign,0.9990957975387573,0,0.0,Benign
2018-02-14 08:36:05,0.0014744821237400174,0.04839674010872841,Benign,0.9990940093994141,0,0.0,Benign
2018-02-14 08:36:10,0.0014719815226271749,0.048538848757743835,Benign,0.9990924596786499,0,0.0,Benign
2018-02-14 08:36:15,0.0014531381893903017,0.04764749854803085,Benign,0.9991023540496826,0,0.0,Benign
2018-02-14 08:36:20,0.0014704768545925617,0.047655440866947174,Benign,0.9990774393081665,0,0.0,Benign
2018-02-14 08:36:25,0.0014392725424841046,0.04710889235138893,Benign,0.9990997314453125,0,0.0,Benign
2018-02-14 08:36:30,0.001465704059228301,0.04713350534439087,Benign,0.9990835189819336,0,0.0,Benign
2018-02-14 08:36:35,0.0014447600115090609,0.04677382484078407,Benign,0.9990948438644409,0,0.0,Benign
2018-02-14 08:36:40,0.0014325346564874053,0.04587617889046669,Benign,0.9991061091423035,0,0.0,Benign
2018-02-14 08:36:45,0.0014719245955348015,0.045967526733875275,Benign,0.9990807771682739,0,0.0,Benign
2018-02-14 08:36:50,0.0014508528402075171,0.04511056840419769,Benign,0.999100923538208,0,0.0,Benign
2018-02-14 08:36:55,0.0014726243680343032,0.04455699399113655,Benign,0.9990752935409546,0,0.0,Benign
2018-02-14 08:37:00,0.0014845040859654546,0.04452531412243843,Benign,0.9990721940994263,0,0.0,Benign
2018-02-14 08:37:05,0.0015224231174215674,0.04396893084049225,Benign,0.9990220069885254,0,0.0,Benign
2018-02-14 08:37:10,0.0015458256239071488,0.044633716344833374,Benign,0.9990045428276062,0,0.0,Benign
2018-02-14 08:37:15,0.0015139234019443393,0.04400845244526863,Benign,0.9990432858467102,0,0.0,Benign
2018-02-14 08:37:20,0.0014793117297813296,0.044115643948316574,Benign,0.999082088470459,0,0.0,Benign
2018-02-14 08:37:25,0.0015101497992873192,0.04460037127137184,Benign,0.9990571141242981,0,0.0,Benign
2018-02-14 08:37:30,0.0015111026586964726,0.04444688931107521,Benign,0.9990665316581726,0,0.0,Benign
2018-02-14 08:37:35,0.0015399078838527203,0.04501165822148323,Benign,0.9990713596343994,0,0.0,Benign
2018-02-14 08:37:40,0.001559679047204554,0.046819593757390976,Benign,0.9990398287773132,0,0.0,Benign
2018-02-14 08:37:45,0.0015207597753033042,0.0460624024271965,Benign,0.9990580677986145,0,0.0,Benign
2018-02-14 08:37:50,0.001515447162091732,0.045415978878736496,Benign,0.9990547299385071,0,0.0,Benign
2018-02-14 08:37:55,0.0015871630748733878,0.04584819823503494,Benign,0.9989892840385437,0,0.0,Benign
2018-02-14 08:38:00,0.0015164765063673258,0.0443742498755455,Benign,0.9990598559379578,0,0.0,Benign
2018-02-14 08:38:05,0.0015882794978097081,0.04559050127863884,Benign,0.9990339279174805,0,0.0,Benign
2018-02-14 08:38:10,0.0016145064728334546,0.04689805582165718,Benign,0.9990094900131226,0,0.0,Benign
2018-02-14 08:38:15,0.0016193403862416744,0.04735428839921951,Benign,0.9989727735519409,0,0.0,Benign
2018-02-14 08:38:20,0.0016414655838161707,0.04937820881605148,Benign,0.9989049434661865,0,0.0,Benign
2018-02-14 08:38:25,0.0016103709349408746,0.05030422285199165,Benign,0.9988937973976135,0,0.0,Benign
2018-02-14 08:38:30,0.0015539873857051134,0.04993994161486626,Benign,0.9989142417907715,0,0.0,Benign
2018-02-14 08:38:35,0.0015103603946045041,0.0488571897149086,Benign,0.9989297986030579,0,0.0,Benign
2018-02-14 08:38:40,0.0015038751298561692,0.048412445932626724,Benign,0.9989700317382812,0,0.0,Benign
2018-02-14 08:38:45,0.0015190888661891222,0.04838947579264641,Benign,0.9990018010139465,0,0.0,Benign
2018-02-14 08:38:50,0.0014894111081957817,0.047922104597091675,Benign,0.9990484118461609,0,0.0,Benign
2018-02-14 08:38:55,0.0014988569309934974,0.04832889512181282,Benign,0.9990166425704956,0,0.0,Benign
2018-02-14 08:39:00,0.0015578422462567687,0.04873527213931084,Benign,0.998969554901123,0,0.0,Benign
2018-02-14 08:39:05,0.001543198130093515,0.04831596836447716,Benign,0.9990065693855286,0,0.0,Benign
2018-02-14 08:39:10,0.0015341012040153146,0.04840049520134926,Benign,0.998991072177887,0,0.0,Benign
2018-02-14 08:39:15,0.001561024459078908,0.049176380038261414,Benign,0.9989929795265198,0,0.0,Benign
2018-02-14 08:39:20,0.0015614653239026666,0.05001193284988403,Benign,0.9989250302314758,0,0.0,Benign
2018-02-14 08:39:25,0.0015540954191237688,0.049873627722263336,Benign,0.9988870024681091,0,0.0,Benign
2018-02-14 08:39:30,0.0015430474886670709,0.0499272421002388,Benign,0.9988967180252075,0,0.0,Benign
2018-02-14 08:39:35,0.0015895601827651262,0.05086290463805199,Benign,0.9988195300102234,0,0.0,Benign
2018-02-14 08:39:40,0.001589120482094586,0.05042504891753197,Benign,0.9987549781799316,0,0.0,Benign
2018-02-14 08:39:45,0.0015810655895620584,0.05154748260974884,Benign,0.9987189769744873,0,0.0,Benign
2018-02-14 08:39:50,0.0015538186999037862,0.05099533870816231,Benign,0.9987381100654602,0,0.0,Benign
2018-02-14 08:39:55,0.0015045244945213199,0.050841402262449265,Benign,0.9987788796424866,0,0.0,Benign
2018-02-14 08:40:00,0.0015291455201804638,0.05061211809515953,Benign,0.9986535310745239,0,0.0,Benign
2018-02-14 08:40:05,0.0015396543312817812,0.049477748572826385,Benign,0.9985858201980591,0,0.0,Benign
2018-02-14 08:40:10,0.0015672602457925677,0.04943203926086426,Benign,0.9985081553459167,0,0.0,Benign
2018-02-14 08:40:15,0.0015884715830907226,0.05033744499087334,Benign,0.9984574317932129,0,0.0,Benign
2018-02-14 08:40:20,0.001594305387698114,0.05050555616617203,Benign,0.9984195232391357,0,0.0,Benign
2018-02-14 08:40:25,0.0016071436693891883,0.050232525914907455,Benign,0.9984062314033508,0,0.0,Benign
2018-02-14 08:40:30,0.0016113918973132968,0.050561465322971344,Benign,0.9983795881271362,0,0.0,Benign
2018-02-14 08:40:35,0.0016069707926362753,0.05094142630696297,Benign,0.9983899593353271,0,0.0,Benign
2018-02-14 08:40:40,0.00158693955745548,0.05088876560330391,Benign,0.9984219074249268,0,0.0,Benign
2018-02-14 08:40:45,0.0016058067558333278,0.0515432171523571,Benign,0.9983964562416077,0,0.0,Benign
2018-02-14 08:40:50,0.0015853354707360268,0.05091744661331177,Benign,0.9984252452850342,0,0.0,Benign
2018-02-14 08:40:55,0.0015849145129323006,0.049793317914009094,Benign,0.9984222650527954,0,0.0,Benign
2018-02-14 08:41:00,0.0016421462642028928,0.04954840615391731,Benign,0.9983793497085571,0,0.0,Benign
2018-02-14 08:41:05,0.0016804095357656479,0.05001843720674515,Benign,0.9982981085777283,0,0.0,Benign
2018-02-14 08:41:10,0.001678912783972919,0.05020871013402939,Benign,0.9982900023460388,0,0.0,Benign
2018-02-14 08:41:15,0.0016773598035797477,0.050399936735630035,Benign,0.9982861876487732,0,0.0,Benign
2018-02-14 08:41:20,0.0016669051256030798,0.0495087131857872,Benign,0.998278021812439,0,0.0,Benign
2018-02-14 08:41:25,0.0016675828956067562,0.04979129880666733,Benign,0.9982874989509583,0,0.0,Benign
2018-02-14 08:41:30,0.001646182732656598,0.049037765711545944,Benign,0.9983243346214294,0,0.0,Benign
2018-02-14 08:41:35,0.0016953542362898588,0.049069736152887344,Benign,0.99826979637146,0,0.0,Benign
2018-02-14 08:41:40,0.0017111932393163443,0.048311229795217514,Benign,0.9982748031616211,0,0.0,Benign
2018-02-14 08:41:45,0.0017317314632236958,0.047524575144052505,Benign,0.9982842803001404,0,0.0,Benign
2018-02-14 08:41:50,0.0018003723816946149,0.04808982461690903,Benign,0.9981929659843445,0,0.0,Benign
2018-02-14 08:41:55,0.0018955194391310215,0.047739218920469284,Benign,0.998079776763916,0,0.0,Benign
2018-02-14 08:42:00,0.001868435530923307,0.04815765097737312,Benign,0.9981216788291931,0,0.0,Benign
2018-02-14 08:42:05,0.0019095015013590455,0.049128834158182144,Benign,0.9980698227882385,0,0.0,Benign
2018-02-14 08:42:10,0.001910578808747232,0.04896823316812515,Benign,0.9980833530426025,0,0.0,Benign
2018-02-14 08:42:15,0.002033496741205454,0.051613230258226395,Benign,0.9978870749473572,0,0.0,Benign
2018-02-14 08:42:20,0.0021366295404732227,0.05218034237623215,Benign,0.9977760910987854,0,0.0,Benign
2018-02-14 08:42:25,0.0022385367192327976,0.05242622271180153,Benign,0.9977312684059143,0,0.0,Benign
2018-02-14 08:42:30,0.0023966419976204634,0.054314032196998596,Benign,0.9975506663322449,0,0.0,Benign
2018-02-14 08:42:35,0.0023595134261995554,0.05470145121216774,Benign,0.9976410865783691,0,0.0,Benign
2018-02-14 08:42:40,0.0023941933177411556,0.05517606437206268,Benign,0.9977443218231201,0,0.0,Benign
2018-02-14 08:42:45,0.0023675337433815002,0.05664048343896866,Benign,0.9977579712867737,0,0.0,Benign
2018-02-14 08:42:50,0.0022994382306933403,0.0560174398124218,Benign,0.9978758096694946,0,0.0,Benign
2018-02-14 08:42:55,0.002305638277903199,0.057221997529268265,Benign,0.9978122711181641,0,0.0,Benign
2018-02-14 08:43:00,0.0020873036701232195,0.05582781508564949,Benign,0.997986912727356,0,0.0,Benign
2018-02-14 08:43:05,0.0019669956527650356,0.05489892512559891,Benign,0.9981029033660889,0,0.0,Benign
2018-02-14 08:43:10,0.0018393874634057283,0.05424229055643082,Benign,0.9982101917266846,0,0.0,Benign
2018-02-14 08:43:15,0.001704714959487319,0.053004659712314606,Benign,0.9983355402946472,0,0.0,Benign
2018-02-14 08:43:20,0.0016270880587399006,0.05139909312129021,Benign,0.9984068274497986,0,0.0,Benign
2018-02-14 08:43:25,0.0015832575736567378,0.049995411187410355,Benign,0.9984948635101318,0,0.0,Benign
2018-02-14 08:43:30,0.0015572068514302373,0.04843995347619057,Benign,0.9986020922660828,0,0.0,Benign
2018-02-14 08:43:35,0.001568860956467688,0.04870400205254555,Benign,0.9986549615859985,0,0.0,Benign
2018-02-14 08:43:40,0.0015651538269594312,0.049109384417533875,Benign,0.9986608028411865,0,0.0,Benign
2018-02-14 08:43:45,0.0015921025769785047,0.04992463067173958,Benign,0.9986735582351685,0,0.0,Benign
2018-02-14 08:43:50,0.001547721796669066,0.04999480023980141,Benign,0.9987175464630127,0,0.0,Benign
2018-02-14 08:43:55,0.001538764568977058,0.04966052994132042,Benign,0.9987069368362427,0,0.0,Benign
2018-02-14 08:44:00,0.0015606394736096263,0.04924950748682022,Benign,0.9987097978591919,0,0.0,Benign
2018-02-14 08:44:05,0.0016081846551969647,0.050486501306295395,Benign,0.9986597299575806,0,0.0,Benign
2018-02-14 08:44:10,0.0016712273936718702,0.05109585076570511,Benign,0.9985541701316833,0,0.0,Benign
2018-02-14 08:44:15,0.0016988475108519197,0.051673587411642075,Benign,0.9984675049781799,0,0.0,Benign
2018-02-14 08:44:20,0.0017720051109790802,0.05258602648973465,Benign,0.9984513521194458,0,0.0,Benign
2018-02-14 08:44:25,0.0017869013827294111,0.05269366502761841,Benign,0.9984007477760315,0,0.0,Benign
2018-02-14 08:44:30,0.0017599209677428007,0.05247219651937485,Benign,0.9983590245246887,0,0.0,Benign
2018-02-14 08:44:35,0.0017342600040137768,0.05146423727273941,Benign,0.9983488321304321,0,0.0,Benign
2018-02-14 08:44:40,0.0017157200491055846,0.050623130053281784,Benign,0.9983868598937988,0,0.0,Benign
2018-02-14 08:44:45,0.0017371383728459477,0.050999775528907776,Benign,0.9983604550361633,0,0.0,Benign
2018-02-14 08:44:50,0.0018135978607460856,0.051866985857486725,Benign,0.9982910752296448,0,0.0,Benign
2018-02-14 08:44:55,0.0017633034149184823,0.052202604711055756,Benign,0.9983053207397461,0,0.0,Benign
2018-02-14 08:45:00,0.0017162119038403034,0.05268007516860962,Benign,0.9983028173446655,0,0.0,Benign
2018-02-14 08:45:05,0.0016396857099607587,0.05184146761894226,Benign,0.9983689188957214,0,0.0,Benign
2018-02-14 08:45:10,0.0015645936364308,0.050936259329319,Benign,0.9984265565872192,0,0.0,Benign
2018-02-14 08:45:15,0.0015535058919340372,0.0506410077214241,Benign,0.9984405636787415,0,0.0,Benign
2018-02-14 08:45:20,0.0015259258216246963,0.04998518526554108,Benign,0.9984766840934753,0,0.0,Benign
2018-02-14 08:45:25,0.0015402069548144937,0.05026169493794441,Benign,0.9984702467918396,0,0.0,Benign
2018-02-14 08:45:30,0.0015560018364340067,0.04983869194984436,Benign,0.9984608888626099,0,0.0,Benign
2018-02-14 08:45:35,0.0015893732197582722,0.04953842610120773,Benign,0.9984277486801147,0,0.0,Benign
2018-02-14 08:45:40,0.001612785505130887,0.0499897301197052,Benign,0.9983958601951599,0,0.0,Benign
2018-02-14 08:45:45,0.0016067948890849948,0.050004687160253525,Benign,0.9983896017074585,0,0.0,Benign
2018-02-14 08:45:50,0.0016055782325565815,0.0496336929500103,Benign,0.998400866985321,0,0.0,Benign
2018-02-14 08:45:55,0.0016202364349737763,0.05003320425748825,Benign,0.9983643889427185,0,0.0,Benign
2018-02-14 08:46:00,0.0016519047785550356,0.049593713134527206,Benign,0.9983320832252502,0,0.0,Benign
2018-02-14 08:46:05,0.0016350742662325501,0.049089234322309494,Benign,0.9983590245246887,0,0.0,Benign
2018-02-14 08:46:10,0.0016443453496322036,0.05013861507177353,Benign,0.9982975125312805,0,0.0,Benign
2018-02-14 08:46:15,0.0016699685947969556,0.0497194342315197,Benign,0.9982672929763794,0,0.0,Benign
2018-02-14 08:46:20,0.001665976014919579,0.049081578850746155,Benign,0.9982703924179077,0,0.0,Benign
2018-02-14 08:46:25,0.0017039207741618156,0.0490189753472805,Benign,0.9982154369354248,0,0.0,Benign
2018-02-14 08:46:30,0.0017456114292144775,0.0495285801589489,Benign,0.9981908202171326,0,0.0,Benign
2018-02-14 08:46:35,0.0017591158393770456,0.04988868907094002,Benign,0.9981822967529297,0,0.0,Benign
2018-02-14 08:46:40,0.0017524783033877611,0.04945772886276245,Benign,0.9981667995452881,0,0.0,Benign
2018-02-14 08:46:45,0.0018761962419375777,0.050371330231428146,Benign,0.9979926347732544,0,0.0,Benign
2018-02-14 08:46:50,0.001963804243132472,0.05106353014707565,Benign,0.9979262351989746,0,0.0,Benign
2018-02-14 08:46:55,0.002044651424512267,0.05013048276305199,Benign,0.9979308843612671,0,0.0,Benign
2018-02-14 08:47:00,0.0021489134524017572,0.05081645026803017,Benign,0.9978452920913696,0,0.0,Benign
2018-02-14 08:47:05,0.0022282579448074102,0.05181529372930527,Benign,0.9977263808250427,0,0.0,Benign
2018-02-14 08:47:10,0.002281481632962823,0.05242383852601051,Benign,0.9976397752761841,0,0.0,Benign
2018-02-14 08:47:15,0.0024070788640528917,0.052392710000276566,Benign,0.9975829124450684,0,0.0,Benign
2018-02-14 08:47:20,0.0024884392041713,0.05327969416975975,Benign,0.997428834438324,0,0.0,Benign
2018-02-14 08:47:25,0.0025262320414185524,0.0538015253841877,Benign,0.9973305463790894,0,0.0,Benign
2018-02-14 08:47:30,0.002507714554667473,0.05339527502655983,Benign,0.9973766803741455,0,0.0,Benign
2018-02-14 08:47:35,0.002665793290361762,0.05334055796265602,Benign,0.9972193241119385,0,0.0,Benign
2018-02-14 08:47:40,0.002868320792913437,0.05382523313164711,Benign,0.9969508647918701,0,0.0,Benign
2018-02-14 08:47:45,0.003261224366724491,0.05615346133708954,Benign,0.9965330362319946,0,0.0,Benign
2018-02-14 08:47:50,0.0034017651341855526,0.05791596695780754,Benign,0.9964579939842224,0,0.0,Benign
2018-02-14 08:47:55,0.003521885257214308,0.05926515534520149,Benign,0.9963889122009277,0,0.0,Benign
2018-02-14 08:48:00,0.0034524451475590467,0.05825868993997574,Benign,0.9968047142028809,0,0.0,Benign
2018-02-14 08:48:05,0.003077658824622631,0.056524135172367096,Benign,0.9972803592681885,0,0.0,Benign
2018-02-14 08:48:10,0.0032327270600944757,0.05634746327996254,Benign,0.9973243474960327,0,0.0,Benign
2018-02-14 08:48:15,0.0031437412835657597,0.057713963091373444,Benign,0.997557520866394,0,0.0,Benign
2018-02-14 08:48:20,0.002926599932834506,0.05726172775030136,Benign,0.9978105425834656,0,0.0,Benign
2018-02-14 08:48:25,0.002737326081842184,0.05566248670220375,Benign,0.9979912042617798,0,0.0,Benign
2018-02-14 08:48:30,0.002636705292388797,0.05468842014670372,Benign,0.9981532692909241,0,0.0,Benign
2018-02-14 08:48:35,0.0025723862927407026,0.05588013306260109,Benign,0.9982174038887024,0,0.0,Benign
2018-02-14 08:48:40,0.0025401420425623655,0.05771715193986893,Benign,0.9981953501701355,0,0.0,Benign
2018-02-14 08:48:45,0.002387919230386615,0.05668744072318077,Benign,0.9982079267501831,0,0.0,Benign
2018-02-14 08:48:50,0.0023516525980085135,0.05695674940943718,Benign,0.9982597231864929,0,0.0,Benign
2018-02-14 08:48:55,0.002196201356127858,0.056264448910951614,Benign,0.9984171390533447,0,0.0,Benign
2018-02-14 08:49:00,0.0020553262438625097,0.05486129969358444,Benign,0.9984195232391357,0,0.0,Benign
2018-02-14 08:49:05,0.001976064871996641,0.05380101501941681,Benign,0.998487114906311,0,0.0,Benign
2018-02-14 08:49:10,0.001815188443288207,0.05086831375956535,Benign,0.9986304044723511,0,0.0,Benign
2018-02-14 08:49:15,0.0017775959568098187,0.04927656427025795,Benign,0.9986833930015564,0,0.0,Benign
2018-02-14 08:49:20,0.001757970778271556,0.04716296121478081,Benign,0.9987213015556335,0,0.0,Benign
2018-02-14 08:49:25,0.0017668893560767174,0.04650754854083061,Benign,0.9986932873725891,0,0.0,Benign
2018-02-14 08:49:30,0.0017173076048493385,0.04711702838540077,Benign,0.9987449645996094,0,0.0,Benign
2018-02-14 08:49:35,0.0016732540680095553,0.04657113552093506,Benign,0.9987632036209106,0,0.0,Benign
2018-02-14 08:49:40,0.0016731515061110258,0.04600587487220764,Benign,0.9987075328826904,0,0.0,Benign
2018-02-14 08:49:45,0.0017021428793668747,0.04639502614736557,Benign,0.9986819624900818,0,0.0,Benign
2018-02-14 08:49:50,0.0016924265073612332,0.045184385031461716,Benign,0.9986937642097473,0,0.0,Benign
2018-02-14 08:49:55,0.001803583581931889,0.046108003705739975,Benign,0.998524010181427,0,0.0,Benign
2018-02-14 08:50:00,0.0018967242212966084,0.04675633832812309,Benign,0.9984298348426819,0,0.0,Benign
2018-02-14 08:50:05,0.00192568963393569,0.04584742709994316,Benign,0.9984379410743713,0,0.0,Benign
2018-02-14 08:50:10,0.0019939513877034187,0.04624197259545326,Benign,0.9984301924705505,0,0.0,Benign
2018-02-14 08:50:15,0.002216391498222947,0.04805745184421539,Benign,0.9982423782348633,0,0.0,Benign
2018-02-14 08:50:20,0.002501653041690588,0.04878300055861473,Benign,0.9980612397193909,0,0.0,Benign
2018-02-14 08:50:25,0.0026278120931237936,0.04874918982386589,Benign,0.9979483485221863,0,0.0,Benign
2018-02-14 08:50:30,0.0029751472175121307,0.05116105079650879,Benign,0.9976383447647095,0,0.0,Benign
2018-02-14 08:50:35,0.0031983957160264254,0.053400542587041855,Benign,0.9973651766777039,0,0.0,Benign
2018-02-14 08:50:40,0.003218000754714012,0.05408715456724167,Benign,0.9972449541091919,0,0.0,Benign
2018-02-14 08:50:45,0.002963852137327194,0.054116975516080856,Benign,0.9973994493484497,0,0.0,Benign
2018-02-14 08:50:50,0.0027683803346008062,0.05558011308312416,Benign,0.997560977935791,0,0.0,Benign
2018-02-14 08:50:55,0.002627423731610179,0.05339127406477928,Benign,0.9976691603660583,0,0.0,Benign
2018-02-14 08:51:00,0.0026094764471054077,0.0526900477707386,Benign,0.9976492524147034,0,0.0,Benign
2018-02-14 08:51:05,0.0025470901746302843,0.052397847175598145,Benign,0.9977206587791443,0,0.0,Benign
2018-02-14 08:51:10,0.0027592580299824476,0.052115969359874725,Benign,0.997532844543457,0,0.0,Benign
2018-02-14 08:51:15,0.002830417361110449,0.05298302322626114,Benign,0.9973836541175842,0,0.0,Benign
2018-02-14 08:51:20,0.0026970908511430025,0.05266893655061722,Benign,0.9974363446235657,0,0.0,Benign
2018-02-14 08:51:25,0.0027519590221345425,0.05201791226863861,Benign,0.9973655343055725,0,0.0,Benign
2018-02-14 08:51:30,0.003158551873639226,0.0542440302670002,Benign,0.9969455599784851,0,0.0,Benign
2018-02-14 08:51:35,0.0030121372547000647,0.05503927916288376,Benign,0.9970314502716064,0,0.0,Benign
2018-02-14 08:51:40,0.0028892557602375746,0.05878044664859772,Benign,0.9971216320991516,0,0.0,Benign
2018-02-14 08:51:45,0.0026175370439887047,0.057653043419122696,Benign,0.9973926544189453,0,0.0,Benign
2018-02-14 08:51:50,0.00266954954713583,0.059428803622722626,Benign,0.9973499774932861,0,0.0,Benign
2018-02-14 08:51:55,0.0024980974849313498,0.05903302878141403,Benign,0.9975050091743469,0,0.0,Benign
2018-02-14 08:52:00,0.002440309850499034,0.05871779844164848,Benign,0.9974888563156128,0,0.0,Benign
2018-02-14 08:52:05,0.002329329028725624,0.05727909132838249,Benign,0.9975837469100952,0,0.0,Benign
2018-02-14 08:52:10,0.0021229679696261883,0.054457224905490875,Benign,0.9978691339492798,0,0.0,Benign
2018-02-14 08:52:15,0.00211757468059659,0.05524558573961258,Benign,0.9980485439300537,0,0.0,Benign
2018-02-14 08:52:20,0.0020130914635956287,0.05291220545768738,Benign,0.9981928467750549,0,0.0,Benign
2018-02-14 08:52:25,0.0021826913580298424,0.05549313873052597,Benign,0.998166024684906,0,0.0,Benign
2018-02-14 08:52:30,0.0024969857186079025,0.059389036148786545,Benign,0.9980311989784241,0,0.0,Benign
2018-02-14 08:52:35,0.002415638417005539,0.05868185684084892,Benign,0.9981634020805359,0,0.0,Benign
2018-02-14 08:52:40,0.0022423272021114826,0.05650986358523369,Benign,0.9983317255973816,0,0.0,Benign
2018-02-14 08:52:45,0.0022440440952777863,0.05768697336316109,Benign,0.9983643889427185,0,0.0,Benign
2018-02-14 08:52:50,0.002251869533210993,0.05803963169455528,Benign,0.9983963370323181,0,0.0,Benign
2018-02-14 08:52:55,0.0026479747612029314,0.06264781951904297,Benign,0.9980961680412292,0,0.0,Benign
2018-02-14 08:53:00,0.0029798129107803106,0.06591096520423889,Benign,0.9978166818618774,0,0.0,Benign
2018-02-14 08:53:05,0.003282280871644616,0.07019472867250443,Benign,0.9976436495780945,0,0.0,Benign
2018-02-14 08:53:10,0.0032747325021773577,0.07041376084089279,Benign,0.9975746273994446,0,0.0,Benign
2018-02-14 08:53:15,0.003530555870383978,0.07330292463302612,Benign,0.9974269270896912,0,0.0,Benign
2018-02-14 08:53:20,0.0040651168674230576,0.07766085863113403,Benign,0.9971057772636414,0,0.0,Benign
2018-02-14 08:53:25,0.004076422657817602,0.07842644304037094,Benign,0.9970040917396545,0,0.0,Benign
2018-02-14 08:53:30,0.004606042057275772,0.08232700824737549,Benign,0.9968854784965515,0,0.0,Benign
2018-02-14 08:53:35,0.00453111482784152,0.0802425816655159,Benign,0.9966388940811157,0,0.0,Benign
2018-02-14 08:53:40,0.004160704556852579,0.07714564353227615,Benign,0.9967902302742004,0,0.0,Benign
2018-02-14 08:53:45,0.004229944199323654,0.07641394436359406,Benign,0.9967273473739624,0,0.0,Benign
2018-02-14 08:53:50,0.004658933263272047,0.0812954232096672,Benign,0.9964319467544556,0,0.0,Benign
2018-02-14 08:53:55,0.004683195613324642,0.08090856671333313,Benign,0.9962608218193054,0,0.0,Benign
2018-02-14 08:54:00,0.004485278856009245,0.08006437122821808,Benign,0.9964379072189331,0,0.0,Benign
2018-02-14 08:54:05,0.004545580595731735,0.08155003935098648,Benign,0.9964151382446289,0,0.0,Benign
2018-02-14 08:54:10,0.004337537568062544,0.08025423437356949,Benign,0.9962726831436157,0,0.0,Benign
2018-02-14 08:54:15,0.003938909620046616,0.07702914625406265,Benign,0.9966386556625366,0,0.0,Benign
2018-02-14 08:54:20,0.003449144307523966,0.07383961230516434,Benign,0.9968395233154297,0,0.0,Benign
2018-02-14 08:54:25,0.0033496287651360035,0.07144270092248917,Benign,0.9970796704292297,0,0.0,Benign
2018-02-14 08:54:30,0.0030275904573500156,0.06750456243753433,Benign,0.9972681999206543,0,0.0,Benign
2018-02-14 08:54:35,0.003175309393554926,0.0672554224729538,Benign,0.9971802234649658,0,0.0,Benign
2018-02-14 08:54:40,0.003434925340116024,0.06962443888187408,Benign,0.9969754219055176,0,0.0,Benign
2018-02-14 08:54:45,0.0035961202811449766,0.07103803008794785,Benign,0.9968959093093872,0,0.0,Benign
2018-02-14 08:54:50,0.003623780095949769,0.07312899827957153,Benign,0.9969907999038696,0,0.0,Benign
2018-02-14 08:54:55,0.0034124802332371473,0.07260735332965851,Benign,0.9971147775650024,0,0.0,Benign
2018-02-14 08:55:00,0.003203078405931592,0.07081273198127747,Benign,0.9974597096443176,0,0.0,Benign
2018-02-14 08:55:05,0.003252004273235798,0.07136403769254684,Benign,0.9974963068962097,0,0.0,Benign
2018-02-14 08:55:10,0.0029792815912514925,0.06894124299287796,Benign,0.9976508021354675,0,0.0,Benign
2018-02-14 08:55:15,0.0025513945147395134,0.06450431793928146,Benign,0.9979428648948669,0,0.0,Benign
2018-02-14 08:55:20,0.002687455154955387,0.0660109594464302,Benign,0.9979433417320251,0,0.0,Benign
2018-02-14 08:55:25,0.0028382327873259783,0.06777568906545639,Benign,0.9979111552238464,0,0.0,Benign
2018-02-14 08:55:30,0.00273335725069046,0.0668351948261261,Benign,0.998015284538269,0,0.0,Benign
2018-02-14 08:55:35,0.0024838249664753675,0.06424584984779358,Benign,0.9981538653373718,0,0.0,Benign
2018-02-14 08:55:40,0.002326116431504488,0.062127742916345596,Benign,0.9982529282569885,0,0.0,Benign
2018-02-14 08:55:45,0.0021015291567891836,0.059217847883701324,Benign,0.998464822769165,0,0.0,Benign
2018-02-14 08:55:50,0.002058667130768299,0.05784914270043373,Benign,0.9984703660011292,0,0.0,Benign
2018-02-14 08:55:55,0.0019606775604188442,0.05608736723661423,Benign,0.9985198378562927,0,0.0,Benign
2018-02-14 08:56:00,0.001833784976042807,0.05451107397675514,Benign,0.9986444115638733,0,0.0,Benign
2018-02-14 08:56:05,0.001778520061634481,0.05437174439430237,Benign,0.9986869692802429,0,0.0,Benign
2018-02-14 08:56:10,0.0017833646852523088,0.05417690426111221,Benign,0.9987137317657471,0,0.0,Benign
2018-02-14 08:56:15,0.0017438565846532583,0.05387059226632118,Benign,0.9987229704856873,0,0.0,Benign
2018-02-14 08:56:20,0.0016975452890619636,0.05336039885878563,Benign,0.9987265467643738,0,0.0,Benign
2018-02-14 08:56:25,0.0018244211096316576,0.054053280502557755,Benign,0.9986242055892944,0,0.0,Benign
2018-02-14 08:56:30,0.0018124576890841126,0.0549328587949276,Benign,0.9986016154289246,0,0.0,Benign
2018-02-14 08:56:35,0.0017356622265651822,0.05366326868534088,Benign,0.9985994696617126,0,0.0,Benign
2018-02-14 08:56:40,0.0017038495279848576,0.053220488131046295,Benign,0.9985675811767578,0,0.0,Benign
2018-02-14 08:56:45,0.0016641166293993592,0.05277925357222557,Benign,0.998548686504364,0,0.0,Benign
2018-02-14 08:56:50,0.0016340104630216956,0.051657214760780334,Benign,0.9985042810440063,0,0.0,Benign
2018-02-14 08:56:55,0.001608351361937821,0.05067916586995125,Benign,0.9985294342041016,0,0.0,Benign
2018-02-14 08:57:00,0.0015655593015253544,0.04820522293448448,Benign,0.998647153377533,0,0.0,Benign
2018-02-14 08:57:05,0.0016884624492377043,0.0500175915658474,Benign,0.9986485838890076,0,0.0,Benign
2018-02-14 08:57:10,0.0018024841556325555,0.05188409239053726,Benign,0.9985483288764954,0,0.0,Benign
2018-02-14 08:57:15,0.0017874430632218719,0.05296285077929497,Benign,0.9985401630401611,0,0.0,Benign
2018-02-14 08:57:20,0.0018376015359535813,0.054231587797403336,Benign,0.9984419941902161,0,0.0,Benign
2018-02-14 08:57:25,0.0019672128837555647,0.056031905114650726,Benign,0.9983090162277222,0,0.0,Benign
2018-02-14 08:57:30,0.0021610762923955917,0.05759432539343834,Benign,0.9982151985168457,0,0.0,Benign
2018-02-14 08:57:35,0.0022575000766664743,0.05732884258031845,Benign,0.9982045888900757,0,0.0,Benign
2018-02-14 08:57:40,0.0023349991533905268,0.057729851454496384,Benign,0.9981381893157959,0,0.0,Benign
2018-02-14 08:57:45,0.002260548062622547,0.05679936707019806,Benign,0.9981618523597717,0,0.0,Benign
2018-02-14 08:57:50,0.0021740244701504707,0.05620052292943001,Benign,0.9981860518455505,0,0.0,Benign
2018-02-14 08:57:55,0.002169367391616106,0.05634274333715439,Benign,0.9981643557548523,0,0.0,Benign
2018-02-14 08:58:00,0.002019378123804927,0.05609160661697388,Benign,0.9981755018234253,0,0.0,Benign
2018-02-14 08:58:05,0.0019316236721351743,0.05560878664255142,Benign,0.9981916546821594,0,0.0,Benign
2018-02-14 08:58:10,0.001791460788808763,0.053618837147951126,Benign,0.9982914328575134,0,0.0,Benign
2018-02-14 08:58:15,0.0017284513451159,0.05318143218755722,Benign,0.998250424861908,0,0.0,Benign
2018-02-14 08:58:20,0.0016448800452053547,0.05163203552365303,Benign,0.9983178377151489,0,0.0,Benign
2018-02-14 08:58:25,0.0016008262755349278,0.05037423223257065,Benign,0.998337984085083,0,0.0,Benign
2018-02-14 08:58:30,0.001581686083227396,0.04818638786673546,Benign,0.9983757734298706,0,0.0,Benign
2018-02-14 08:58:35,0.0015438037225976586,0.04721373692154884,Benign,0.9984691739082336,0,0.0,Benign
2018-02-14 08:58:40,0.0015667217085137963,0.04650649055838585,Benign,0.9984844326972961,0,0.0,Benign
2018-02-14 08:58:45,0.0015697985654696822,0.045960333198308945,Benign,0.9985498785972595,0,0.0,Benign
2018-02-14 08:58:50,0.0016285525634884834,0.04691366106271744,Benign,0.998513400554657,0,0.0,Benign
2018-02-14 08:58:55,0.0017916611395776272,0.049560677260160446,Benign,0.9984849095344543,0,0.0,Benign
2018-02-14 08:59:00,0.0017914462368935347,0.04954613745212555,Benign,0.9985407590866089,0,0.0,Benign
2018-02-14 08:59:05,0.001868672901764512,0.049930721521377563,Benign,0.998508870601654,0,0.0,Benign
2018-02-14 08:59:10,0.0018977825529873371,0.04976905509829521,Benign,0.9985465407371521,0,0.0,Benign
2018-02-14 08:59:15,0.0019135234178975224,0.04961782693862915,Benign,0.9986032843589783,0,0.0,Benign
2018-02-14 08:59:20,0.0020480246748775244,0.050096478313207626,Benign,0.9985074400901794,0,0.0,Benign
2018-02-14 08:59:25,0.0022394279949367046,0.05330784618854523,Benign,0.998467743396759,0,0.0,Benign
2018-02-14 08:59:30,0.002288056770339608,0.05431750789284706,Benign,0.9984275102615356,0,0.0,Benign
2018-02-14 08:59:35,0.0022803000174462795,0.054255563765764236,Benign,0.9984365105628967,0,0.0,Benign
2018-02-14 08:59:40,0.0022419332526624203,0.053801294416189194,Benign,0.998420238494873,0,0.0,Benign
2018-02-14 08:59:45,0.002456578891724348,0.05724015459418297,Benign,0.9983230233192444,0,0.0,Benign
2018-02-14 08:59:50,0.0023688259534537792,0.056186940521001816,Benign,0.9983919262886047,0,0.0,Benign
2018-02-14 08:59:55,0.0020734979771077633,0.05387898534536362,Benign,0.9985724687576294,0,0.0,Benign
2018-02-14 09:00:00,0.0019304290181025863,0.05153908208012581,Benign,0.9986822009086609,0,0.0,Benign
2018-02-14 09:00:05,0.0018815492512658238,0.04997327923774719,Benign,0.9987044334411621,0,0.0,Benign
2018-02-14 09:00:10,0.0017833352321758866,0.0488668717443943,Benign,0.9987820982933044,0,0.0,Benign
2018-02-14 09:00:15,0.0017422114033252,0.04870586842298508,Benign,0.9988083839416504,0,0.0,Benign
2018-02-14 09:00:20,0.0017128116451203823,0.048648618161678314,Benign,0.9988210797309875,0,0.0,Benign
2018-02-14 09:00:25,0.0016781376907601953,0.04886389523744583,Benign,0.9988372921943665,0,0.0,Benign
2018-02-14 09:00:30,0.0016710824565961957,0.04911598190665245,Benign,0.9988095760345459,0,0.0,Benign
2018-02-14 09:00:35,0.0017121718265116215,0.04958273842930794,Benign,0.998744010925293,0,0.0,Benign
2018-02-14 09:00:40,0.0016942265210673213,0.0492243766784668,Benign,0.9987190961837769,0,0.0,Benign
2018-02-14 09:00:45,0.0016974812606349587,0.0491110235452652,Benign,0.998683512210846,0,0.0,Benign
2018-02-14 09:00:50,0.0016833454137668014,0.04884418100118637,Benign,0.9986335635185242,0,0.0,Benign
2018-02-14 09:00:55,0.0017277750885114074,0.049699608236551285,Benign,0.9985005855560303,0,0.0,Benign
2018-02-14 09:01:00,0.0017468518344685435,0.049799591302871704,Benign,0.9984356760978699,0,0.0,Benign
2018-02-14 09:01:05,0.0018311282619833946,0.05139005929231644,Benign,0.9982907176017761,0,0.0,Benign
2018-02-14 09:01:10,0.0017993468791246414,0.0511866919696331,Benign,0.9983092546463013,0,0.0,Benign
2018-02-14 09:01:15,0.0018284311518073082,0.051934584975242615,Benign,0.9982970356941223,0,0.0,Benign
2018-02-14 09:01:20,0.0018576212460175157,0.051448624581098557,Benign,0.9983338713645935,0,0.0,Benign
2018-02-14 09:01:25,0.001845930120907724,0.05137404426932335,Benign,0.9984180927276611,0,0.0,Benign
2018-02-14 09:01:30,0.001887954887934029,0.05109351873397827,Benign,0.9983648657798767,0,0.0,Benign
2018-02-14 09:01:35,0.0018638275796547532,0.05073584243655205,Benign,0.9983609318733215,0,0.0,Benign
2018-02-14 09:01:40,0.0018317375797778368,0.05068466067314148,Benign,0.9983810186386108,0,0.0,Benign
2018-02-14 09:01:45,0.0018759042723104358,0.050725944340229034,Benign,0.9984003901481628,0,0.0,Benign
2018-02-14 09:01:50,0.0018731991294771433,0.05154284089803696,Benign,0.9984855055809021,0,0.0,Benign
2018-02-14 09:01:55,0.0018165688961744308,0.050325505435466766,Benign,0.9986051917076111,0,0.0,Benign
2018-02-14 09:02:00,0.0017993752844631672,0.05070200935006142,Benign,0.9986932873725891,0,0.0,Benign
2018-02-14 09:02:05,0.0019064568914473057,0.051208920776844025,Benign,0.998658299446106,0,0.0,Benign
2018-02-14 09:02:10,0.0019264953443780541,0.051012370735406876,Benign,0.9987014532089233,0,0.0,Benign
2018-02-14 09:02:15,0.001857338473200798,0.049876660108566284,Benign,0.9987817406654358,0,0.0,Benign
2018-02-14 09:02:20,0.0018809876637533307,0.049246080219745636,Benign,0.9987609386444092,0,0.0,Benign
2018-02-14 09:02:25,0.0019048243993893266,0.0490032322704792,Benign,0.9987401366233826,0,0.0,Benign
2018-02-14 09:02:30,0.0019809450022876263,0.049587491899728775,Benign,0.9986869692802429,0,0.0,Benign
2018-02-14 09:02:35,0.0021183989010751247,0.05071674659848213,Benign,0.9985974431037903,0,0.0,Benign
2018-02-14 09:02:40,0.0022396123968064785,0.051767509430646896,Benign,0.9985172152519226,0,0.0,Benign
2018-02-14 09:02:45,0.002151837572455406,0.05129776895046234,Benign,0.9985644221305847,0,0.0,Benign
2018-02-14 09:02:50,0.002144792815670371,0.05089008808135986,Benign,0.9985206723213196,0,0.0,Benign
2018-02-14 09:02:55,0.002234407002106309,0.0508829727768898,Benign,0.9984690546989441,0,0.0,Benign
2018-02-14 09:03:00,0.0020797490142285824,0.049218203872442245,Benign,0.9985731840133667,0,0.0,Benign
2018-02-14 09:03:05,0.0020801417995244265,0.047689225524663925,Benign,0.9985774755477905,0,0.0,Benign
2018-02-14 09:03:10,0.0020158409606665373,0.046132318675518036,Benign,0.9986224174499512,0,0.0,Benign
2018-02-14 09:03:15,0.0022313431836664677,0.045417726039886475,Benign,0.9984751343727112,0,0.0,Benign
2018-02-14 09:03:20,0.002347201108932495,0.044982146471738815,Benign,0.9984285235404968,0,0.0,Benign
2018-02-14 09:03:25,0.0025353417731821537,0.04666728526353836,Benign,0.9983000159263611,0,0.0,Benign
2018-02-14 09:03:30,0.002808663994073868,0.045905083417892456,Benign,0.998143196105957,0,0.0,Benign
2018-02-14 09:03:35,0.0030352079775184393,0.04693111032247543,Benign,0.9980212450027466,0,0.0,Benign
2018-02-14 09:03:40,0.003521757898852229,0.047252774238586426,Benign,0.997782289981842,0,0.0,Benign
2018-02-14 09:03:45,0.0036949310451745987,0.04825589433312416,Benign,0.9977205395698547,0,0.0,Benign
2018-02-14 09:03:50,0.004044344183057547,0.04874001443386078,Benign,0.9975739121437073,0,0.0,Benign
2018-02-14 09:03:55,0.004542300011962652,0.05051074177026749,Benign,0.9973592162132263,0,0.0,Benign
2018-02-14 09:04:00,0.004646842833608389,0.052207525819540024,Benign,0.9973077774047852,0,0.0,Benign
2018-02-14 09:04:05,0.004830590449273586,0.05475877225399017,Benign,0.9972196817398071,0,0.0,Benign
2018-02-14 09:04:10,0.005201847292482853,0.055548813194036484,Benign,0.9970284104347229,0,0.0,Benign
2018-02-14 09:04:15,0.005039756186306477,0.0581606887280941,Benign,0.9970937967300415,0,0.0,Benign
2018-02-14 09:04:20,0.004809022415429354,0.06074043735861778,Benign,0.9971737861633301,0,0.0,Benign
2018-02-14 09:04:25,0.005029246676713228,0.062118664383888245,Benign,0.996931791305542,0,0.0,Benign
2018-02-14 09:04:30,0.004504373297095299,0.05919096991419792,Benign,0.9972514510154724,0,0.0,Benign
2018-02-14 09:04:35,0.0036293247248977423,0.057233959436416626,Benign,0.997714638710022,0,0.0,Benign
2018-02-14 09:04:40,0.0031389882788062096,0.05583181232213974,Benign,0.9979959726333618,0,0.0,Benign
2018-02-14 09:04:45,0.0025179358199238777,0.052701860666275024,Benign,0.9983738660812378,0,0.0,Benign
2018-02-14 09:04:50,0.0023009013384580612,0.052636198699474335,Benign,0.9985535740852356,0,0.0,Benign
2018-02-14 09:04:55,0.002057283418253064,0.05040266364812851,Benign,0.9986857771873474,0,0.0,Benign
2018-02-14 09:05:00,0.001947000971995294,0.04901910200715065,Benign,0.998745322227478,0,0.0,Benign
2018-02-14 09:05:05,0.0018498905701562762,0.04876749962568283,Benign,0.9988503456115723,0,0.0,Benign
2018-02-14 09:05:10,0.00175236735958606,0.04877986013889313,Benign,0.9989340901374817,0,0.0,Benign
2018-02-14 09:05:15,0.0016689423937350512,0.04918653145432472,Benign,0.9989768266677856,0,0.0,Benign
2018-02-14 09:05:20,0.0017047337023541331,0.050148509442806244,Benign,0.9989763498306274,0,0.0,Benign
2018-02-14 09:05:25,0.0016709704650565982,0.05027977004647255,Benign,0.998958945274353,0,0.0,Benign
2018-02-14 09:05:30,0.0016152058960869908,0.049608081579208374,Benign,0.9989866614341736,0,0.0,Benign
2018-02-14 09:05:35,0.0015560308238491416,0.04883789271116257,Benign,0.9990229606628418,0,0.0,Benign
2018-02-14 09:05:40,0.0015060554724186659,0.0479007363319397,Benign,0.9990621209144592,0,0.0,Benign
2018-02-14 09:05:45,0.0014673630939796567,0.04744436964392662,Benign,0.9990905523300171,0,0.0,Benign
2018-02-14 09:05:50,0.0014508202439174056,0.04669363051652908,Benign,0.9990823268890381,0,0.0,Benign
2018-02-14 09:05:55,0.0014863662654533982,0.046435486525297165,Benign,0.999051034450531,0,0.0,Benign
2018-02-14 09:06:00,0.0014978183899074793,0.04643285647034645,Benign,0.9990639090538025,0,0.0,Benign
2018-02-14 09:06:05,0.0014875720953568816,0.04601038247346878,Benign,0.9990832805633545,0,0.0,Benign
2018-02-14 09:06:10,0.0014526055892929435,0.04547234997153282,Benign,0.9990965127944946,0,0.0,Benign
2018-02-14 09:06:15,0.0014402770902961493,0.045237697660923004,Benign,0.9991115927696228,0,0.0,Benign
2018-02-14 09:06:20,0.0014117688406258821,0.04440365731716156,Benign,0.9991099238395691,0,0.0,Benign
2018-02-14 09:06:25,0.0014706063084304333,0.04393085837364197,Benign,0.9990434050559998,0,0.0,Benign
2018-02-14 09:06:30,0.0014487927546724677,0.04386945068836212,Benign,0.9990922212600708,0,0.0,Benign
2018-02-14 09:06:35,0.0014869248261675239,0.044789109379053116,Benign,0.9990864992141724,0,0.0,Benign
2018-02-14 09:06:40,0.0015316359931603074,0.04580839350819588,Benign,0.9990637898445129,0,0.0,Benign
2018-02-14 09:06:45,0.0015229384880512953,0.046137239784002304,Benign,0.9990425705909729,0,0.0,Benign
2018-02-14 09:06:50,0.001573667163029313,0.04696302115917206,Benign,0.999021053314209,0,0.0,Benign
2018-02-14 09:06:55,0.0016445072833448648,0.047546111047267914,Benign,0.9989535808563232,0,0.0,Benign
2018-02-14 09:07:00,0.0015890419017523527,0.046523284167051315,Benign,0.9989857077598572,0,0.0,Benign
2018-02-14 09:07:05,0.0015716342022642493,0.04609968885779381,Benign,0.998981773853302,0,0.0,Benign
2018-02-14 09:07:10,0.0015417441027238965,0.04379495233297348,Benign,0.9989722967147827,0,0.0,Benign
2018-02-14 09:07:15,0.0015675139147788286,0.04406210780143738,Benign,0.9989357590675354,0,0.0,Benign
2018-02-14 09:07:20,0.0017167337937280536,0.04619213938713074,Benign,0.9988125562667847,0,0.0,Benign
2018-02-14 09:07:25,0.0017501742113381624,0.045028023421764374,Benign,0.9987316727638245,0,0.0,Benign
2018-02-14 09:07:30,0.0018063000170513988,0.0448252409696579,Benign,0.9986442923545837,0,0.0,Benign
2018-02-14 09:07:35,0.0018265132093802094,0.04463135078549385,Benign,0.9985263347625732,0,0.0,Benign
2018-02-14 09:07:40,0.001948933582752943,0.045759305357933044,Benign,0.9982866644859314,0,0.0,Benign
2018-02-14 09:07:45,0.0020807257387787104,0.04669003188610077,Benign,0.9980949759483337,0,0.0,Benign
2018-02-14 09:07:50,0.002218262990936637,0.046852514147758484,Benign,0.9979085922241211,0,0.0,Benign
2018-02-14 09:07:55,0.0022934130392968655,0.04732561111450195,Benign,0.9978014826774597,0,0.0,Benign
2018-02-14 09:08:00,0.002399038290604949,0.04839569702744484,Benign,0.9976685643196106,0,0.0,Benign
2018-02-14 09:08:05,0.002454002620652318,0.04889409616589546,Benign,0.9976276755332947,0,0.0,Benign
2018-02-14 09:08:10,0.002918483689427376,0.05191971734166145,Benign,0.9972625970840454,0,0.0,Benign
2018-02-14 09:08:15,0.0031392613891512156,0.05506031587719917,Benign,0.9972420930862427,0,0.0,Benign
2018-02-14 09:08:20,0.0034679716918617487,0.05723472684621811,Benign,0.997114896774292,0,0.0,Benign
2018-02-14 09:08:25,0.003947710618376732,0.061328403651714325,Benign,0.996834933757782,0,0.0,Benign
2018-02-14 09:08:30,0.00413617305457592,0.06337855011224747,Benign,0.9967459440231323,0,0.0,Benign
2018-02-14 09:08:35,0.0036509218625724316,0.06028978154063225,Benign,0.9970563650131226,0,0.0,Benign
2018-02-14 09:08:40,0.003960400354117155,0.06324385851621628,Benign,0.9967378973960876,0,0.0,Benign
2018-02-14 09:08:45,0.004172464832663536,0.0658276304602623,Benign,0.9966824650764465,0,0.0,Benign
2018-02-14 09:08:50,0.003935932647436857,0.0657631978392601,Benign,0.9972056746482849,0,0.0,Benign
2018-02-14 09:08:55,0.004837441723793745,0.0695490837097168,Benign,0.9966925382614136,0,0.0,Benign
2018-02-14 09:09:00,0.004836730659008026,0.07073624432086945,Benign,0.9968053102493286,0,0.0,Benign
2018-02-14 09:09:05,0.00405982555821538,0.06819316744804382,Benign,0.9974556565284729,0,0.0,Benign
2018-02-14 09:09:10,0.0032948905136436224,0.06437479704618454,Benign,0.9979815483093262,0,0.0,Benign
2018-02-14 09:09:15,0.002929147332906723,0.06159735843539238,Benign,0.9981480836868286,0,0.0,Benign
2018-02-14 09:09:20,0.0028152810409665108,0.060885172337293625,Benign,0.9982432126998901,0,0.0,Benign
2018-02-14 09:09:25,0.0026317681185901165,0.058493878692388535,Benign,0.998278021812439,0,0.0,Benign
2018-02-14 09:09:30,0.002521671587601304,0.05665604770183563,Benign,0.9982738494873047,0,0.0,Benign
2018-02-14 09:09:35,0.00274090887978673,0.05954830348491669,Benign,0.9980417490005493,0,0.0,Benign
2018-02-14 09:09:40,0.002548406133428216,0.05804137885570526,Benign,0.9981641173362732,0,0.0,Benign
2018-02-14 09:09:45,0.0024030357599258423,0.05672624334692955,Benign,0.9983090162277222,0,0.0,Benign
2018-02-14 09:09:50,0.002220573602244258,0.054302673786878586,Benign,0.9984172582626343,0,0.0,Benign
2018-02-14 09:09:55,0.0021263679955154657,0.05317465960979462,Benign,0.9984742999076843,0,0.0,Benign
2018-02-14 09:10:00,0.0019412357360124588,0.051902756094932556,Benign,0.9986114501953125,0,0.0,Benign
2018-02-14 09:10:05,0.0018092383397743106,0.0504574291408062,Benign,0.998683512210846,0,0.0,Benign
2018-02-14 09:10:10,0.0017878685612231493,0.04960741847753525,Benign,0.9986708164215088,0,0.0,Benign
2018-02-14 09:10:15,0.0017990993801504374,0.049910858273506165,Benign,0.9987478256225586,0,0.0,Benign
2018-02-14 09:10:20,0.0017553778598085046,0.049811866134405136,Benign,0.9988009929656982,0,0.0,Benign
2018-02-14 09:10:25,0.0017845322145149112,0.05010395124554634,Benign,0.998773992061615,0,0.0,Benign
2018-02-14 09:10:30,0.00173461576923728,0.0499764159321785,Benign,0.998802900314331,0,0.0,Benign
2018-02-14 09:10:35,0.0016790167428553104,0.0490286611020565,Benign,0.9988582134246826,0,0.0,Benign
2018-02-14 09:10:40,0.0017085152212530375,0.050691843032836914,Benign,0.9988355040550232,0,0.0,Benign
2018-02-14 09:10:45,0.0017151451902464032,0.05180324241518974,Benign,0.99880051612854,0,0.0,Benign
2018-02-14 09:10:50,0.0017512774793431163,0.052568864077329636,Benign,0.9987534284591675,0,0.0,Benign
2018-02-14 09:10:55,0.0017301257466897368,0.05306378751993179,Benign,0.9987214207649231,0,0.0,Benign
2018-02-14 09:11:00,0.0016669295728206635,0.052432723343372345,Benign,0.9987924098968506,0,0.0,Benign
2018-02-14 09:11:05,0.0016265226295217872,0.05186427757143974,Benign,0.9988634586334229,0,0.0,Benign
2018-02-14 09:11:10,0.0015940783778205514,0.051478009670972824,Benign,0.9988992214202881,0,0.0,Benign
2018-02-14 09:11:15,0.001621350646018982,0.051943209022283554,Benign,0.9988300204277039,0,0.0,Benign
2018-02-14 09:11:20,0.0017152054933831096,0.052885815501213074,Benign,0.9987260699272156,0,0.0,Benign
2018-02-14 09:11:25,0.0017075088107958436,0.05293574184179306,Benign,0.9986525177955627,0,0.0,Benign
2018-02-14 09:11:30,0.0016881764167919755,0.05289577692747116,Benign,0.9986076951026917,0,0.0,Benign
2018-02-14 09:11:35,0.001673634978942573,0.05278502032160759,Benign,0.998552143573761,0,0.0,Benign
2018-02-14 09:11:40,0.0016325851902365685,0.05161966010928154,Benign,0.9985719919204712,0,0.0,Benign
2018-02-14 09:11:45,0.0016263576690107584,0.05128335580229759,Benign,0.9985643029212952,0,0.0,Benign
2018-02-14 09:11:50,0.0016030378174036741,0.04918230324983597,Benign,0.9986201524734497,0,0.0,Benign
2018-02-14 09:11:55,0.0016166383866220713,0.04829474911093712,Benign,0.9985998272895813,0,0.0,Benign
2018-02-14 09:12:00,0.0016435266006737947,0.04729534685611725,Benign,0.9986023306846619,0,0.0,Benign
2018-02-14 09:12:05,0.0016841974575072527,0.046320825815200806,Benign,0.9985565543174744,0,0.0,Benign
2018-02-14 09:12:10,0.0017629911890253425,0.047488611191511154,Benign,0.9984230995178223,0,0.0,Benign
2018-02-14 09:12:15,0.001769854687154293,0.04772887006402016,Benign,0.9983989596366882,0,0.0,Benign
2018-02-14 09:12:20,0.0017889071023091674,0.047561947256326675,Benign,0.9983295798301697,0,0.0,Benign
2018-02-14 09:12:25,0.0018828616011887789,0.048009276390075684,Benign,0.9981245398521423,0,0.0,Benign
2018-02-14 09:12:30,0.0019220729591324925,0.048895835876464844,Benign,0.9980472326278687,0,0.0,Benign
2018-02-14 09:12:35,0.0019476271700114012,0.049510881304740906,Benign,0.9979479908943176,0,0.0,Benign
2018-02-14 09:12:40,0.0019810900557786226,0.050056152045726776,Benign,0.9979376792907715,0,0.0,Benign
2018-02-14 09:12:45,0.002029868308454752,0.050843723118305206,Benign,0.9978868365287781,0,0.0,Benign
2018-02-14 09:12:50,0.0021260774228721857,0.051793172955513,Benign,0.9977789521217346,0,0.0,Benign
2018-02-14 09:12:55,0.0021332844626158476,0.05334080755710602,Benign,0.9977911710739136,0,0.0,Benign
2018-02-14 09:13:00,0.002125352155417204,0.055253997445106506,Benign,0.9978501796722412,0,0.0,Benign
2018-02-14 09:13:05,0.0020806784741580486,0.05586153268814087,Benign,0.9979135394096375,0,0.0,Benign
2018-02-14 09:13:10,0.001975281396880746,0.055096011608839035,Benign,0.9980626702308655,0,0.0,Benign
2018-02-14 09:13:15,0.0019050737610086799,0.05342371016740799,Benign,0.9981368780136108,0,0.0,Benign
2018-02-14 09:13:20,0.0019599911756813526,0.05429936572909355,Benign,0.9980902075767517,0,0.0,Benign
2018-02-14 09:13:25,0.0019775794353336096,0.05454069375991821,Benign,0.9980362057685852,0,0.0,Benign
2018-02-14 09:13:30,0.0019117657793685794,0.05326792597770691,Benign,0.9980800151824951,0,0.0,Benign
2018-02-14 09:13:35,0.0018371196929365396,0.05213303118944168,Benign,0.9981815814971924,0,0.0,Benign
2018-02-14 09:13:40,0.0018356512300670147,0.05208679288625717,Benign,0.9981592297554016,0,0.0,Benign
2018-02-14 09:13:45,0.00179735675919801,0.05222974345088005,Benign,0.9981966614723206,0,0.0,Benign
2018-02-14 09:13:50,0.0017387409461662173,0.051903873682022095,Benign,0.9982531666755676,0,0.0,Benign
2018-02-14 09:13:55,0.001669350080192089,0.050017792731523514,Benign,0.9983497858047485,0,0.0,Benign
2018-02-14 09:14:00,0.0016795770497992635,0.05043203756213188,Benign,0.9983071088790894,0,0.0,Benign
2018-02-14 09:14:05,0.0016750004142522812,0.04951859265565872,Benign,0.998370349407196,0,0.0,Benign
2018-02-14 09:14:10,0.0017017499776557088,0.04985162615776062,Benign,0.99830162525177,0,0.0,Benign
2018-02-14 09:14:15,0.0017177655827254057,0.05034845322370529,Benign,0.9982325434684753,0,0.0,Benign
2018-02-14 09:14:20,0.0017050087917596102,0.04991108179092407,Benign,0.9982511401176453,0,0.0,Benign
2018-02-14 09:14:25,0.0017066466389223933,0.051119428128004074,Benign,0.9982084035873413,0,0.0,Benign
2018-02-14 09:14:30,0.0016466090455651283,0.05053139850497246,Benign,0.9982696771621704,0,0.0,Benign
2018-02-14 09:14:35,0.0016070632264018059,0.050288937985897064,Benign,0.9983177185058594,0,0.0,Benign
2018-02-14 09:14:40,0.0015611671842634678,0.04958774521946907,Benign,0.9984398484230042,0,0.0,Benign
2018-02-14 09:14:45,0.0015184981748461723,0.048716649413108826,Benign,0.9985418319702148,0,0.0,Benign
2018-02-14 09:14:50,0.0015114041743800044,0.04879877343773842,Benign,0.9985663294792175,0,0.0,Benign
2018-02-14 09:14:55,0.0014802264049649239,0.04767407104372978,Benign,0.9986655712127686,0,0.0,Benign
2018-02-14 09:15:00,0.0015051951631903648,0.047553952783346176,Benign,0.9986686706542969,0,0.0,Benign
2018-02-14 09:15:05,0.0015078075230121613,0.04739499092102051,Benign,0.9987136125564575,0,0.0,Benign
2018-02-14 09:15:10,0.0014797167386859655,0.04724122956395149,Benign,0.9988083839416504,0,0.0,Benign
2018-02-14 09:15:15,0.0014929708559066057,0.047439176589250565,Benign,0.998842179775238,0,0.0,Benign
2018-02-14 09:15:20,0.0016289441846311092,0.049021366983652115,Benign,0.9988221526145935,0,0.0,Benign
2018-02-14 09:15:25,0.0015818629181012511,0.04886753484606743,Benign,0.9988773465156555,0,0.0,Benign
2018-02-14 09:15:30,0.0015452565858140588,0.04823070392012596,Benign,0.9989230036735535,0,0.0,Benign
2018-02-14 09:15:35,0.0015924816252663732,0.05008493736386299,Benign,0.998885452747345,0,0.0,Benign
2018-02-14 09:15:40,0.0015713119646534324,0.05053764581680298,Benign,0.9989097118377686,0,0.0,Benign
2018-02-14 09:15:45,0.001474487828090787,0.04915003851056099,Benign,0.9989778995513916,0,0.0,Benign
2018-02-14 09:15:50,0.0015090701635926962,0.04879673942923546,Benign,0.998946487903595,0,0.0,Benign
2018-02-14 09:15:55,0.0015210312558338046,0.048931751400232315,Benign,0.9989038705825806,0,0.0,Benign
2018-02-14 09:16:00,0.0015491658123210073,0.049280088394880295,Benign,0.9988883137702942,0,0.0,Benign
2018-02-14 09:16:05,0.0015263197710737586,0.048902612179517746,Benign,0.9988545179367065,0,0.0,Benign
2018-02-14 09:16:10,0.0015137901064008474,0.04826220124959946,Benign,0.9988250136375427,0,0.0,Benign
2018-02-14 09:16:15,0.0015633678995072842,0.048526350408792496,Benign,0.9987454414367676,0,0.0,Benign
2018-02-14 09:16:20,0.0015862324507907033,0.04846850037574768,Benign,0.9986627101898193,0,0.0,Benign
2018-02-14 09:16:25,0.0016121239168569446,0.048910051584243774,Benign,0.9985519051551819,0,0.0,Benign
2018-02-14 09:16:30,0.0016160011291503906,0.049198757857084274,Benign,0.9985437393188477,0,0.0,Benign
2018-02-14 09:16:35,0.0016558145871385932,0.0508384183049202,Benign,0.9984692931175232,0,0.0,Benign
2018-02-14 09:16:40,0.0016438232269138098,0.051372189074754715,Benign,0.9984607696533203,0,0.0,Benign
2018-02-14 09:16:45,0.0016478786710649729,0.05120472237467766,Benign,0.9983785152435303,0,0.0,Benign
2018-02-14 09:16:50,0.0016599628143012524,0.05137132853269577,Benign,0.9983060359954834,0,0.0,Benign
2018-02-14 09:16:55,0.0016204331768676639,0.05065537244081497,Benign,0.998319685459137,0,0.0,Benign
2018-02-14 09:17:00,0.001628889236599207,0.05020155385136604,Benign,0.9983149766921997,0,0.0,Benign
2018-02-14 09:17:05,0.0015863548032939434,0.04935251176357269,Benign,0.9983789920806885,0,0.0,Benign
2018-02-14 09:17:10,0.0015592833515256643,0.04957323521375656,Benign,0.9984334111213684,0,0.0,Benign
2018-02-14 09:17:15,0.0015502150636166334,0.049700260162353516,Benign,0.9984748959541321,0,0.0,Benign
2018-02-14 09:17:20,0.0015644512604922056,0.04960586503148079,Benign,0.9985016584396362,0,0.0,Benign
2018-02-14 09:17:25,0.0015661556972190738,0.049315571784973145,Benign,0.9985697269439697,0,0.0,Benign
2018-02-14 09:17:30,0.001526975305750966,0.048361409455537796,Benign,0.9986710548400879,0,0.0,Benign
2018-02-14 09:17:35,0.001511532929725945,0.04788636043667793,Benign,0.998706579208374,0,0.0,Benign
2018-02-14 09:17:40,0.00148474657908082,0.047195710241794586,Benign,0.9987756609916687,0,0.0,Benign
2018-02-14 09:17:45,0.0015043312450870872,0.04736453667283058,Benign,0.9988003969192505,0,0.0,Benign
2018-02-14 09:17:50,0.0015045604668557644,0.04650499299168587,Benign,0.9988712668418884,0,0.0,Benign
2018-02-14 09:17:55,0.0015214955201372504,0.04664243385195732,Benign,0.9989205598831177,0,0.0,Benign
2018-02-14 09:18:00,0.0014930982142686844,0.04557549208402634,Benign,0.9989902377128601,0,0.0,Benign
2018-02-14 09:18:05,0.001448376919142902,0.04472855478525162,Benign,0.9990455508232117,0,0.0,Benign
2018-02-14 09:18:10,0.0014698300510644913,0.044489145278930664,Benign,0.9990299940109253,0,0.0,Benign
2018-02-14 09:18:15,0.001505890628322959,0.04402514919638634,Benign,0.9990097284317017,0,0.0,Benign
2018-02-14 09:18:20,0.0015209036646410823,0.044220492243766785,Benign,0.999005138874054,0,0.0,Benign
2018-02-14 09:18:25,0.0015328718582168221,0.04317942634224892,Benign,0.9989926218986511,0,0.0,Benign
2018-02-14 09:18:30,0.0015824022702872753,0.04396999254822731,Benign,0.9989537000656128,0,0.0,Benign
2018-02-14 09:18:35,0.0015436602989211679,0.04421232268214226,Benign,0.999016284942627,0,0.0,Benign
2018-02-14 09:18:40,0.0015652535948902369,0.045793090015649796,Benign,0.9990379810333252,0,0.0,Benign
2018-02-14 09:18:45,0.0015090362867340446,0.045800432562828064,Benign,0.9990672469139099,0,0.0,Benign
2018-02-14 09:18:50,0.0015153707936406136,0.04671614617109299,Benign,0.9990665316581726,0,0.0,Benign
2018-02-14 09:18:55,0.0015151947736740112,0.04722628742456436,Benign,0.999049723148346,0,0.0,Benign
2018-02-14 09:19:00,0.00152689462993294,0.04760695621371269,Benign,0.9990413784980774,0,0.0,Benign
2018-02-14 09:19:05,0.001474569202400744,0.04698951169848442,Benign,0.999093770980835,0,0.0,Benign
2018-02-14 09:19:10,0.001471565105021,0.04750429466366768,Benign,0.9990986585617065,0,0.0,Benign
2018-02-14 09:19:15,0.00144851952791214,0.04713064432144165,Benign,0.9991012811660767,0,0.0,Benign
2018-02-14 09:19:20,0.0014718560269102454,0.04792558774352074,Benign,0.9990577101707458,0,0.0,Benign
2018-02-14 09:19:25,0.001485315733589232,0.0474545918405056,Benign,0.9990112781524658,0,0.0,Benign
2018-02-14 09:19:30,0.0015287304995581508,0.04809335246682167,Benign,0.9989377856254578,0,0.0,Benign
2018-02-14 09:19:35,0.00154763029422611,0.04983224719762802,Benign,0.9988941550254822,0,0.0,Benign
2018-02-14 09:19:40,0.0015093159163370728,0.04983343183994293,Benign,0.998842179775238,0,0.0,Benign
2018-02-14 09:19:45,0.0016000233590602875,0.05124056339263916,Benign,0.9987105131149292,0,0.0,Benign
2018-02-14 09:19:50,0.0016310082282871008,0.0520552322268486,Benign,0.9986196756362915,0,0.0,Benign
2018-02-14 09:19:55,0.0016548020066693425,0.05279698967933655,Benign,0.9985204339027405,0,0.0,Benign
2018-02-14 09:20:00,0.0016278015682473779,0.05258574336767197,Benign,0.9985264539718628,0,0.0,Benign
2018-02-14 09:20:05,0.0016198098892346025,0.05221114680171013,Benign,0.9985503554344177,0,0.0,Benign
2018-02-14 09:20:10,0.0016217328375205398,0.05221414193511009,Benign,0.9985482096672058,0,0.0,Benign
2018-02-14 09:20:15,0.0016042120987549424,0.051937710493803024,Benign,0.9985067248344421,0,0.0,Benign
2018-02-14 09:20:20,0.0015838457038626075,0.05166872218251228,Benign,0.9985079169273376,0,0.0,Benign
2018-02-14 09:20:25,0.0015341135440394282,0.05111277848482132,Benign,0.9985382556915283,0,0.0,Benign
2018-02-14 09:20:30,0.0015011316863819957,0.050392065197229385,Benign,0.9985370635986328,0,0.0,Benign
2018-02-14 09:20:35,0.0014781550271436572,0.049415212124586105,Benign,0.9985619187355042,0,0.0,Benign
2018-02-14 09:20:40,0.0014652615645900369,0.04891742765903473,Benign,0.9985968470573425,0,0.0,Benign
2018-02-14 09:20:45,0.0014605724718421698,0.04847056046128273,Benign,0.9985931515693665,0,0.0,Benign
2018-02-14 09:20:50,0.001457628095522523,0.048043955117464066,Benign,0.9986144304275513,0,0.0,Benign
2018-02-14 09:20:55,0.0014440055238083005,0.047934964299201965,Benign,0.998656153678894,0,0.0,Benign
2018-02-14 09:21:00,0.0014660131419077516,0.047194257378578186,Benign,0.9986336827278137,0,0.0,Benign
2018-02-14 09:21:05,0.0014690135139971972,0.04654542729258537,Benign,0.9986489415168762,0,0.0,Benign
2018-02-14 09:21:10,0.0014462247490882874,0.046215008944272995,Benign,0.9986780285835266,0,0.0,Benign
2018-02-14 09:21:15,0.0014404435642063618,0.045693445950746536,Benign,0.9987115859985352,0,0.0,Benign
2018-02-14 09:21:20,0.0014523001154884696,0.0451541543006897,Benign,0.9987187385559082,0,0.0,Benign
2018-02-14 09:21:25,0.0014156375546008348,0.043574608862400055,Benign,0.9987912774085999,0,0.0,Benign
2018-02-14 09:21:30,0.0014594468520954251,0.04337511956691742,Benign,0.9987165927886963,0,0.0,Benign
2018-02-14 09:21:35,0.0015018715057522058,0.044530946761369705,Benign,0.9986567497253418,0,0.0,Benign
2018-02-14 09:21:40,0.0015444785822182894,0.04438076913356781,Benign,0.9985263347625732,0,0.0,Benign
2018-02-14 09:21:45,0.0016083774389699101,0.04527845233678818,Benign,0.9984045624732971,0,0.0,Benign
2018-02-14 09:21:50,0.0016698453109711409,0.0484221987426281,Benign,0.9982978701591492,0,0.0,Benign
2018-02-14 09:21:55,0.001678772154264152,0.048222094774246216,Benign,0.998284637928009,0,0.0,Benign
2018-02-14 09:22:00,0.0017246257048100233,0.048741500824689865,Benign,0.9982001781463623,0,0.0,Benign
2018-02-14 09:22:05,0.0017577952239662409,0.04901736602187157,Benign,0.998150110244751,0,0.0,Benign
2018-02-14 09:22:10,0.0018021229188889265,0.049572356045246124,Benign,0.9980831146240234,0,0.0,Benign
2018-02-14 09:22:15,0.0017761402996256948,0.05000980570912361,Benign,0.998101532459259,0,0.0,Benign
2018-02-14 09:22:20,0.0017273343401029706,0.04996705800294876,Benign,0.9981552958488464,0,0.0,Benign
2018-02-14 09:22:25,0.0017312815180048347,0.04987877979874611,Benign,0.9981358051300049,0,0.0,Benign
2018-02-14 09:22:30,0.0017789679113775492,0.05125172436237335,Benign,0.9981799125671387,0,0.0,Benign
2018-02-14 09:22:35,0.0018565437057986856,0.05144519358873367,Benign,0.9981993436813354,0,0.0,Benign
2018-02-14 09:22:40,0.0018903652671724558,0.05111304670572281,Benign,0.9981854557991028,0,0.0,Benign
2018-02-14 09:22:45,0.0019744900055229664,0.05331810936331749,Benign,0.9979948997497559,0,0.0,Benign
2018-02-14 09:22:50,0.0019613010808825493,0.05379847437143326,Benign,0.9979761242866516,0,0.0,Benign
2018-02-14 09:22:55,0.0019119222415611148,0.053366102278232574,Benign,0.9980049729347229,0,0.0,Benign
2018-02-14 09:23:00,0.001852183835580945,0.05187024176120758,Benign,0.9981542229652405,0,0.0,Benign
2018-02-14 09:23:05,0.0018070731312036514,0.052581701427698135,Benign,0.9981550574302673,0,0.0,Benign
2018-02-14 09:23:10,0.001749923569150269,0.05217445641756058,Benign,0.9982594847679138,0,0.0,Benign
2018-02-14 09:23:15,0.0017192845698446035,0.05235055461525917,Benign,0.9982872605323792,0,0.0,Benign
2018-02-14 09:23:20,0.0016684872098267078,0.05215965211391449,Benign,0.9983677268028259,0,0.0,Benign
2018-02-14 09:23:25,0.0015940837329253554,0.05142449587583542,Benign,0.9984525442123413,0,0.0,Benign
2018-02-14 09:23:30,0.0015998075250536203,0.05111825838685036,Benign,0.9983941912651062,0,0.0,Benign
2018-02-14 09:23:35,0.0015656561590731144,0.050722334533929825,Benign,0.9984169006347656,0,0.0,Benign
2018-02-14 09:23:40,0.0015475802356377244,0.050286490470170975,Benign,0.99849534034729,0,0.0,Benign
2018-02-14 09:23:45,0.0015197506872937083,0.05003345012664795,Benign,0.9985641837120056,0,0.0,Benign
2018-02-14 09:23:50,0.0016122260130941868,0.051018062978982925,Benign,0.998515784740448,0,0.0,Benign
2018-02-14 09:23:55,0.0015858857659623027,0.050868693739175797,Benign,0.9985581040382385,0,0.0,Benign
2018-02-14 09:24:00,0.0015311328461393714,0.04977314919233322,Benign,0.9986905455589294,0,0.0,Benign
2018-02-14 09:24:05,0.001486356370151043,0.04904710128903389,Benign,0.9987776875495911,0,0.0,Benign
2018-02-14 09:24:10,0.0015073366230353713,0.049288585782051086,Benign,0.9987834095954895,0,0.0,Benign
2018-02-14 09:24:15,0.0015293406322598457,0.05002701282501221,Benign,0.9987990856170654,0,0.0,Benign
2018-02-14 09:24:20,0.001550793182104826,0.0505097322165966,Benign,0.9987844824790955,0,0.0,Benign
2018-02-14 09:24:25,0.0015869175549596548,0.05078446865081787,Benign,0.9987008571624756,0,0.0,Benign
2018-02-14 09:24:30,0.0016660356195643544,0.05155705288052559,Benign,0.9986085295677185,0,0.0,Benign
2018-02-14 09:24:35,0.0016912660794332623,0.05155399441719055,Benign,0.9985436201095581,0,0.0,Benign
2018-02-14 09:24:40,0.0017083225538954139,0.052063796669244766,Benign,0.9985164999961853,0,0.0,Benign
2018-02-14 09:24:45,0.0017201858572661877,0.05142214894294739,Benign,0.998506486415863,0,0.0,Benign
2018-02-14 09:24:50,0.0017219186993315816,0.05180135369300842,Benign,0.9984716773033142,0,0.0,Benign
2018-02-14 09:24:55,0.0017506374279037118,0.0517575778067112,Benign,0.9984704852104187,0,0.0,Benign
2018-02-14 09:25:00,0.0017634999239817262,0.052290089428424835,Benign,0.9983843564987183,0,0.0,Benign
2018-02-14 09:25:05,0.0017019517254084349,0.051684629172086716,Benign,0.9983727931976318,0,0.0,Benign
2018-02-14 09:25:10,0.0016972218872979283,0.051276370882987976,Benign,0.9984397292137146,0,0.0,Benign
2018-02-14 09:25:15,0.0017401317600160837,0.05103997513651848,Benign,0.9984415173530579,0,0.0,Benign
2018-02-14 09:25:20,0.0017817135667428374,0.05109198018908501,Benign,0.9984021782875061,0,0.0,Benign
2018-02-14 09:25:25,0.0017718819435685873,0.051909152418375015,Benign,0.9983577132225037,0,0.0,Benign
2018-02-14 09:25:30,0.0017309996765106916,0.05188906937837601,Benign,0.9983362555503845,0,0.0,Benign
2018-02-14 09:25:35,0.0016702325083315372,0.05155688896775246,Benign,0.9983539581298828,0,0.0,Benign
2018-02-14 09:25:40,0.0016226331936195493,0.05064811557531357,Benign,0.9983711838722229,0,0.0,Benign
2018-02-14 09:25:45,0.0015954578993842006,0.05046511068940163,Benign,0.9983661770820618,0,0.0,Benign
2018-02-14 09:25:50,0.0016153989126905799,0.05031117796897888,Benign,0.9983488321304321,0,0.0,Benign
2018-02-14 09:25:55,0.0015946992207318544,0.04976443201303482,Benign,0.9983376264572144,0,0.0,Benign
2018-02-14 09:26:00,0.0015575271099805832,0.0487213134765625,Benign,0.9983561635017395,0,0.0,Benign
2018-02-14 09:26:05,0.0015419318806380033,0.048584628850221634,Benign,0.9983556866645813,0,0.0,Benign
2018-02-14 09:26:10,0.0014888013247400522,0.047473978251218796,Benign,0.9984409213066101,0,0.0,Benign
2018-02-14 09:26:15,0.001491626026108861,0.04676453024148941,Benign,0.9984481334686279,0,0.0,Benign
2018-02-14 09:26:20,0.0015109723899513483,0.0467284731566906,Benign,0.9984266757965088,0,0.0,Benign
2018-02-14 09:26:25,0.0015277221100404859,0.046853236854076385,Benign,0.9984258413314819,0,0.0,Benign
2018-02-14 09:26:30,0.0015888172201812267,0.048401884734630585,Benign,0.9983750581741333,0,0.0,Benign
2018-02-14 09:26:35,0.0015923383180052042,0.048548515886068344,Benign,0.9983295798301697,0,0.0,Benign
2018-02-14 09:26:40,0.0016228618333116174,0.048013705760240555,Benign,0.9983012080192566,0,0.0,Benign
2018-02-14 09:26:45,0.0015895284013822675,0.04847874492406845,Benign,0.9983110427856445,0,0.0,Benign
2018-02-14 09:26:50,0.0015879112761467695,0.04922432824969292,Benign,0.9983049631118774,0,0.0,Benign
2018-02-14 09:26:55,0.0015671326545998454,0.0491267554461956,Benign,0.9983394145965576,0,0.0,Benign
2018-02-14 09:27:00,0.0015887371264398098,0.049251895397901535,Benign,0.9983214735984802,0,0.0,Benign
2018-02-14 09:27:05,0.0015431480715051293,0.048864684998989105,Benign,0.9983935952186584,0,0.0,Benign
2018-02-14 09:27:10,0.0015188767574727535,0.04874776303768158,Benign,0.9984102249145508,0,0.0,Benign
2018-02-14 09:27:15,0.001551962224766612,0.04815332219004631,Benign,0.9984028935432434,0,0.0,Benign
2018-02-14 09:27:20,0.0015805762959644198,0.048635371029376984,Benign,0.9983661770820618,0,0.0,Benign
2018-02-14 09:27:25,0.0015993805136531591,0.047630585730075836,Benign,0.9983373880386353,0,0.0,Benign
2018-02-14 09:27:30,0.0016441042535007,0.04757753014564514,Benign,0.9983059167861938,0,0.0,Benign
2018-02-14 09:27:35,0.0016995026962831616,0.04757195711135864,Benign,0.9983073472976685,0,0.0,Benign
2018-02-14 09:27:40,0.0016153842443600297,0.04727408289909363,Benign,0.9985255599021912,0,0.0,Benign
2018-02-14 09:27:45,0.0015976439462974668,0.047066520899534225,Benign,0.9986625909805298,0,0.0,Benign
2018-02-14 09:27:50,0.001611991785466671,0.04595043882727623,Benign,0.9987545013427734,0,0.0,Benign
2018-02-14 09:27:55,0.0016311859944835305,0.045759283006191254,Benign,0.9988399147987366,0,0.0,Benign
2018-02-14 09:28:00,0.0015756124630570412,0.044397301971912384,Benign,0.9989340901374817,0,0.0,Benign
2018-02-14 09:28:05,0.001739449449814856,0.04597552493214607,Benign,0.998816728591919,0,0.0,Benign
2018-02-14 09:28:10,0.0017005709232762456,0.04518504440784454,Benign,0.9988387227058411,0,0.0,Benign
2018-02-14 09:28:15,0.0016309336060658097,0.04536152258515358,Benign,0.998910665512085,0,0.0,Benign
2018-02-14 09:28:20,0.0016220191027969122,0.0453789047896862,Benign,0.9989126920700073,0,0.0,Benign
2018-02-14 09:28:25,0.0016462579369544983,0.045998621731996536,Benign,0.9988879561424255,0,0.0,Benign
2018-02-14 09:28:30,0.0017006760463118553,0.04695665091276169,Benign,0.9988622665405273,0,0.0,Benign
2018-02-14 09:28:35,0.0016855555586516857,0.04640820622444153,Benign,0.9988740086555481,0,0.0,Benign
2018-02-14 09:28:40,0.0015897962730377913,0.04570482298731804,Benign,0.9989526271820068,0,0.0,Benign
2018-02-14 09:28:45,0.0015431090723723173,0.046052124351263046,Benign,0.9989939332008362,0,0.0,Benign
2018-02-14 09:28:50,0.0015179971233010292,0.045308519154787064,Benign,0.999016523361206,0,0.0,Benign
2018-02-14 09:28:55,0.001518775592558086,0.04462394118309021,Benign,0.9990022778511047,0,0.0,Benign
2018-02-14 09:29:00,0.001516505260951817,0.04447728395462036,Benign,0.9990198612213135,0,0.0,Benign
2018-02-14 09:29:05,0.001492122421041131,0.04408600553870201,Benign,0.9990411400794983,0,0.0,Benign
2018-02-14 09:29:10,0.0015238834312185645,0.04507480189204216,Benign,0.9990125894546509,0,0.0,Benign
2018-02-14 09:29:15,0.0014743129722774029,0.04436115548014641,Benign,0.9990677237510681,0,0.0,Benign
2018-02-14 09:29:20,0.0015016419347375631,0.04550997167825699,Benign,0.9990723133087158,0,0.0,Benign
2018-02-14 09:29:25,0.0015074084512889385,0.046008944511413574,Benign,0.9990839958190918,0,0.0,Benign
2018-02-14 09:29:30,0.0014640690060332417,0.044813044369220734,Benign,0.9991098046302795,0,0.0,Benign
2018-02-14 09:29:35,0.0014872971223667264,0.04467913880944252,Benign,0.9990891218185425,0,0.0,Benign
2018-02-14 09:29:40,0.0014991124626249075,0.044817645102739334,Benign,0.9990808963775635,0,0.0,Benign
2018-02-14 09:29:45,0.0014863471733406186,0.04496390372514725,Benign,0.9990764856338501,0,0.0,Benign
2018-02-14 09:29:50,0.0014783638762310147,0.04478084668517113,Benign,0.9990845918655396,0,0.0,Benign
2018-02-14 09:29:55,0.0014981947606429458,0.04506484046578407,Benign,0.999060332775116,0,0.0,Benign
2018-02-14 09:30:00,0.0014911509351804852,0.04489820450544357,Benign,0.9990724325180054,0,0.0,Benign
2018-02-14 09:30:05,0.0015168938552960753,0.04547331482172012,Benign,0.9990654587745667,0,0.0,Benign
2018-02-14 09:30:10,0.001507940934970975,0.04586861655116081,Benign,0.9990466237068176,0,0.0,Benign
2018-02-14 09:30:15,0.0014895735075697303,0.04589289799332619,Benign,0.9990501999855042,0,0.0,Benign
2018-02-14 09:30:20,0.0015136596048250794,0.046324681490659714,Benign,0.9989970326423645,0,0.0,Benign
2018-02-14 09:30:25,0.0015354121569544077,0.04749603942036629,Benign,0.9989307522773743,0,0.0,Benign
2018-02-14 09:30:30,0.0015161486808210611,0.04792578145861626,Benign,0.9988835453987122,0,0.0,Benign
2018-02-14 09:30:35,0.0015491106314584613,0.04854951798915863,Benign,0.9988118410110474,0,0.0,Benign
2018-02-14 09:30:40,0.001513442024588585,0.04830852523446083,Benign,0.9988296627998352,0,0.0,Benign
2018-02-14 09:30:45,0.001502185477875173,0.04881490767002106,Benign,0.9988227486610413,0,0.0,Benign
2018-02-14 09:30:50,0.0014899481320753694,0.04802602902054787,Benign,0.9988182187080383,0,0.0,Benign
2018-02-14 09:30:55,0.0015679573407396674,0.04931321367621422,Benign,0.9988061189651489,0,0.0,Benign
2018-02-14 09:31:00,0.001541870296932757,0.04894309863448143,Benign,0.9987947940826416,0,0.0,Benign
2018-02-14 09:31:05,0.0015492993406951427,0.0491349957883358,Benign,0.9987389445304871,0,0.0,Benign
2018-02-14 09:31:10,0.0015125141944736242,0.04862171784043312,Benign,0.9987591505050659,0,0.0,Benign
2018-02-14 09:31:15,0.0015087160281836987,0.048331279307603836,Benign,0.9987369179725647,0,0.0,Benign
2018-02-14 09:31:20,0.0014962459681555629,0.04741339012980461,Benign,0.9986897110939026,0,0.0,Benign
2018-02-14 09:31:25,0.001522120088338852,0.047849349677562714,Benign,0.9986135959625244,0,0.0,Benign
2018-02-14 09:31:30,0.0015374441863968968,0.047673940658569336,Benign,0.9985501170158386,0,0.0,Benign
2018-02-14 09:31:35,0.0015668619889765978,0.047839339822530746,Benign,0.998477041721344,0,0.0,Benign
2018-02-14 09:31:40,0.0016181474784389138,0.048807963728904724,Benign,0.9983502626419067,0,0.0,Benign
2018-02-14 09:31:45,0.0016547658015042543,0.049680937081575394,Benign,0.9982740879058838,0,0.0,Benign
2018-02-14 09:31:50,0.0016813103575259447,0.05029646307229996,Benign,0.9982190728187561,0,0.0,Benign
2018-02-14 09:31:55,0.0017250058008357882,0.050561465322971344,Benign,0.9981614947319031,0,0.0,Benign
2018-02-14 09:32:00,0.001744740060530603,0.051732972264289856,Benign,0.9982057809829712,0,0.0,Benign
2018-02-14 09:32:05,0.001724124071188271,0.051878031343221664,Benign,0.9982450008392334,0,0.0,Benign
2018-02-14 09:32:10,0.0017300952458754182,0.051999691873788834,Benign,0.9983028173446655,0,0.0,Benign
2018-02-14 09:32:15,0.00179375521838665,0.052731145173311234,Benign,0.9983277916908264,0,0.0,Benign
2018-02-14 09:32:20,0.0018214319134131074,0.05283762514591217,Benign,0.9983283877372742,0,0.0,Benign
2018-02-14 09:32:25,0.0018493826501071453,0.05355115979909897,Benign,0.998314380645752,0,0.0,Benign
2018-02-14 09:32:30,0.0017850386211648583,0.052867788821458817,Benign,0.9983581900596619,0,0.0,Benign
2018-02-14 09:32:35,0.0018088562646880746,0.053156908601522446,Benign,0.9983624815940857,0,0.0,Benign
2018-02-14 09:32:40,0.001744842273183167,0.053061019629240036,Benign,0.998375415802002,0,0.0,Benign
2018-02-14 09:32:45,0.0017019961960613728,0.05278363823890686,Benign,0.9984209537506104,0,0.0,Benign
2018-02-14 09:32:50,0.0016673360951244831,0.05268435552716255,Benign,0.9984435439109802,0,0.0,Benign
2018-02-14 09:32:55,0.001669643446803093,0.05270430073142052,Benign,0.9984468817710876,0,0.0,Benign
2018-02-14 09:33:00,0.0016095824539661407,0.05091450735926628,Benign,0.9985125660896301,0,0.0,Benign
2018-02-14 09:33:05,0.0016471846029162407,0.05189838260412216,Benign,0.9984374642372131,0,0.0,Benign
2018-02-14 09:33:10,0.001577105838805437,0.051229868084192276,Benign,0.9984886646270752,0,0.0,Benign
2018-02-14 09:33:15,0.0015686145052313805,0.051366716623306274,Benign,0.9985513091087341,0,0.0,Benign
2018-02-14 09:33:20,0.0016007211524993181,0.051424093544483185,Benign,0.9985533356666565,0,0.0,Benign
2018-02-14 09:33:25,0.001553633832372725,0.05108146369457245,Benign,0.9985806941986084,0,0.0,Benign
2018-02-14 09:33:30,0.0015893082600086927,0.050867293030023575,Benign,0.9985865354537964,0,0.0,Benign
2018-02-14 09:33:35,0.0015857582911849022,0.051006246358156204,Benign,0.9985849857330322,0,0.0,Benign
2018-02-14 09:33:40,0.0016391986282542348,0.05168567970395088,Benign,0.9985182881355286,0,0.0,Benign
2018-02-14 09:33:45,0.001612753956578672,0.05152956023812294,Benign,0.9984986782073975,0,0.0,Benign
2018-02-14 09:33:50,0.0015991482650861144,0.051460132002830505,Benign,0.9984922409057617,0,0.0,Benign
2018-02-14 09:33:55,0.0015818735118955374,0.05109081417322159,Benign,0.99853515625,0,0.0,Benign
2018-02-14 09:34:00,0.00157357647549361,0.050854794681072235,Benign,0.9985406398773193,0,0.0,Benign
2018-02-14 09:34:05,0.0015480023575946689,0.049775417894124985,Benign,0.9985664486885071,0,0.0,Benign
2018-02-14 09:34:10,0.0015702552627772093,0.04966200888156891,Benign,0.9985398054122925,0,0.0,Benign
2018-02-14 09:34:15,0.0015739264199510217,0.049786120653152466,Benign,0.998489260673523,0,0.0,Benign
2018-02-14 09:34:20,0.00163137330673635,0.050425831228494644,Benign,0.9984569549560547,0,0.0,Benign
2018-02-14 09:34:25,0.0016251355409622192,0.050268422812223434,Benign,0.9984340071678162,0,0.0,Benign
2018-02-14 09:34:30,0.0016189719317480922,0.050824347883462906,Benign,0.998408854007721,0,0.0,Benign
2018-02-14 09:34:35,0.001579028437845409,0.05021421238780022,Benign,0.9984051585197449,0,0.0,Benign
2018-02-14 09:34:40,0.001559858093969524,0.04984414204955101,Benign,0.9984147548675537,0,0.0,Benign
2018-02-14 09:34:45,0.0015474498504772782,0.04968692362308502,Benign,0.9984126091003418,0,0.0,Benign
2018-02-14 09:34:50,0.0015121413161978126,0.048809170722961426,Benign,0.9984549283981323,0,0.0,Benign
2018-02-14 09:34:55,0.0014905689749866724,0.047602999955415726,Benign,0.9984758496284485,0,0.0,Benign
2018-02-14 09:35:00,0.001512646791525185,0.04764454811811447,Benign,0.998462438583374,0,0.0,Benign
2018-02-14 09:35:05,0.001552172121591866,0.04791150242090225,Benign,0.9984293580055237,0,0.0,Benign
2018-02-14 09:35:10,0.0015622690552845597,0.04776567965745926,Benign,0.9984531402587891,0,0.0,Benign
2018-02-14 09:35:15,0.001573818502947688,0.047386035323143005,Benign,0.998469889163971,0,0.0,Benign
2018-02-14 09:35:20,0.0015845786547288299,0.047690220177173615,Benign,0.9984474778175354,0,0.0,Benign
2018-02-14 09:35:25,0.0015889647183939815,0.04820171371102333,Benign,0.9984318614006042,0,0.0,Benign
2018-02-14 09:35:30,0.0016229714965447783,0.048566341400146484,Benign,0.9983818531036377,0,0.0,Benign
2018-02-14 09:35:35,0.0016761713195592165,0.0484217070043087,Benign,0.9983073472976685,0,0.0,Benign
2018-02-14 09:35:40,0.0017432341119274497,0.04854761064052582,Benign,0.9981879591941833,0,0.0,Benign
2018-02-14 09:35:45,0.0017926378641277552,0.04919585958123207,Benign,0.998134434223175,0,0.0,Benign
2018-02-14 09:35:50,0.0018453528173267841,0.0491524301469326,Benign,0.9980648159980774,0,0.0,Benign
2018-02-14 09:35:55,0.001856184215284884,0.049164097756147385,Benign,0.9980474710464478,0,0.0,Benign
2018-02-14 09:36:00,0.0018969137454405427,0.048308975994586945,Benign,0.9980589747428894,0,0.0,Benign
2018-02-14 09:36:05,0.001915407832711935,0.0479794405400753,Benign,0.9980325102806091,0,0.0,Benign
2018-02-14 09:36:10,0.0018915486289188266,0.04854105785489082,Benign,0.9980459213256836,0,0.0,Benign
2018-02-14 09:36:15,0.0018529631197452545,0.04919945076107979,Benign,0.998124897480011,0,0.0,Benign
2018-02-14 09:36:20,0.0019423844059929252,0.05029194429516792,Benign,0.9980360865592957,0,0.0,Benign
2018-02-14 09:36:25,0.0020525632426142693,0.0511915348470211,Benign,0.9979140162467957,0,0.0,Benign
2018-02-14 09:36:30,0.0020642979070544243,0.05273932218551636,Benign,0.9978947043418884,0,0.0,Benign
2018-02-14 09:36:35,0.00197750236839056,0.05294927582144737,Benign,0.9979814291000366,0,0.0,Benign
2018-02-14 09:36:40,0.00198753597214818,0.053830694407224655,Benign,0.997948944568634,0,0.0,Benign
2018-02-14 09:36:45,0.0018966718344017863,0.05349629372358322,Benign,0.9981312155723572,0,0.0,Benign
2018-02-14 09:36:50,0.0018400371773168445,0.051961250603199005,Benign,0.9982234835624695,0,0.0,Benign
2018-02-14 09:36:55,0.0018017764668911695,0.05196665599942207,Benign,0.9982415437698364,0,0.0,Benign
2018-02-14 09:37:00,0.0017845798283815384,0.05196891725063324,Benign,0.9982951283454895,0,0.0,Benign
2018-02-14 09:37:05,0.0017650768859311938,0.051623642444610596,Benign,0.9983639121055603,0,0.0,Benign
2018-02-14 09:37:10,0.0016663710121065378,0.0500316359102726,Benign,0.9985098242759705,0,0.0,Benign
2018-02-14 09:37:15,0.0016676131635904312,0.050543151795864105,Benign,0.9985866546630859,0,0.0,Benign
2018-02-14 09:37:20,0.0016361931338906288,0.050195109099149704,Benign,0.998670220375061,0,0.0,Benign
2018-02-14 09:37:25,0.001637123292312026,0.049524519592523575,Benign,0.99869304895401,0,0.0,Benign
2018-02-14 09:37:30,0.0016317196423187852,0.04917033761739731,Benign,0.9988014698028564,0,0.0,Benign
2018-02-14 09:37:35,0.0016437410376966,0.04963049292564392,Benign,0.9988563060760498,0,0.0,Benign
2018-02-14 09:37:40,0.0016161281382665038,0.049650877714157104,Benign,0.9988960027694702,0,0.0,Benign
2018-02-14 09:37:45,0.0015616859309375286,0.049373697489500046,Benign,0.9989537000656128,0,0.0,Benign
2018-02-14 09:37:50,0.0015082132304087281,0.04823007062077522,Benign,0.9989914298057556,0,0.0,Benign
2018-02-14 09:37:55,0.0015237015904858708,0.047322556376457214,Benign,0.998977541923523,0,0.0,Benign
2018-02-14 09:38:00,0.0015273905592039227,0.0468420535326004,Benign,0.9990395903587341,0,0.0,Benign
2018-02-14 09:38:05,0.001503356033936143,0.04591153934597969,Benign,0.9990637898445129,0,0.0,Benign
2018-02-14 09:38:10,0.0015606684610247612,0.0471569262444973,Benign,0.9990299940109253,0,0.0,Benign
2018-02-14 09:38:15,0.0015840264968574047,0.04811698943376541,Benign,0.9990200996398926,0,0.0,Benign
2018-02-14 09:38:20,0.001615173532627523,0.04922323673963547,Benign,0.9989756345748901,0,0.0,Benign
2018-02-14 09:38:25,0.0016435524448752403,0.04994983226060867,Benign,0.9989383816719055,0,0.0,Benign
2018-02-14 09:38:30,0.0016429516253992915,0.04968395456671715,Benign,0.9989284873008728,0,0.0,Benign
2018-02-14 09:38:35,0.001602821983397007,0.04933536425232887,Benign,0.9989468455314636,0,0.0,Benign
2018-02-14 09:38:40,0.0015478471759706736,0.04823639616370201,Benign,0.9989724159240723,0,0.0,Benign
2018-02-14 09:38:45,0.0016134973848238587,0.050035785883665085,Benign,0.9989088773727417,0,0.0,Benign
2018-02-14 09:38:50,0.0015878197737038136,0.05035967379808426,Benign,0.9988823533058167,0,0.0,Benign
2018-02-14 09:38:55,0.0015653549926355481,0.0491892509162426,Benign,0.99885094165802,0,0.0,Benign
2018-02-14 09:39:00,0.0015789405442774296,0.04915335774421692,Benign,0.9988133907318115,0,0.0,Benign
2018-02-14 09:39:05,0.0015615670708939433,0.04847327619791031,Benign,0.9988307356834412,0,0.0,Benign
2018-02-14 09:39:10,0.0015119690215215087,0.04763631522655487,Benign,0.9988388419151306,0,0.0,Benign
2018-02-14 09:39:15,0.001570605207234621,0.047895949333906174,Benign,0.9987778067588806,0,0.0,Benign
2018-02-14 09:39:20,0.0015635296003893018,0.04793379828333855,Benign,0.9987289309501648,0,0.0,Benign
2018-02-14 09:39:25,0.001594080706126988,0.04755197465419769,Benign,0.9985970854759216,0,0.0,Benign
2018-02-14 09:39:30,0.001699261600151658,0.047304973006248474,Benign,0.9983867406845093,0,0.0,Benign
2018-02-14 09:39:35,0.0017125556478276849,0.04690459743142128,Benign,0.9983408451080322,0,0.0,Benign
2018-02-14 09:39:40,0.001697021652944386,0.04748770222067833,Benign,0.9983035326004028,0,0.0,Benign
2018-02-14 09:39:45,0.001744817360304296,0.04825488477945328,Benign,0.9982550740242004,0,0.0,Benign
2018-02-14 09:39:50,0.0017420678632333875,0.0479213111102581,Benign,0.9982410669326782,0,0.0,Benign
2018-02-14 09:39:55,0.00186296203173697,0.04767180606722832,Benign,0.9981070756912231,0,0.0,Benign
2018-02-14 09:40:00,0.0018744139233604074,0.04854726046323776,Benign,0.9980565905570984,0,0.0,Benign
2018-02-14 09:40:05,0.0018915992695838213,0.04906557872891426,Benign,0.9980060458183289,0,0.0,Benign
2018-02-14 09:40:10,0.0019067989196628332,0.049294572323560715,Benign,0.9979704022407532,0,0.0,Benign
2018-02-14 09:40:15,0.0019457697635516524,0.05053836107254028,Benign,0.9978925585746765,0,0.0,Benign
2018-02-14 09:40:20,0.001919075846672058,0.0514642633497715,Benign,0.9979046583175659,0,0.0,Benign
2018-02-14 09:40:25,0.0019676790107041597,0.051749199628829956,Benign,0.99788898229599,0,0.0,Benign
2018-02-14 09:40:30,0.0020645621698349714,0.05195605009794235,Benign,0.9978461265563965,0,0.0,Benign
2018-02-14 09:40:35,0.0021108132787048817,0.052631862461566925,Benign,0.997750461101532,0,0.0,Benign
2018-02-14 09:40:40,0.002140879398211837,0.05323072522878647,Benign,0.9977142810821533,0,0.0,Benign
2018-02-14 09:40:45,0.0021369641181081533,0.05491596460342407,Benign,0.9976441264152527,0,0.0,Benign
2018-02-14 09:40:50,0.0020899709779769182,0.05479548126459122,Benign,0.9977930784225464,0,0.0,Benign
2018-02-14 09:40:55,0.0020454018376767635,0.05364279821515083,Benign,0.9978603720664978,0,0.0,Benign
2018-02-14 09:41:00,0.0021282921079546213,0.05388208478689194,Benign,0.9977633953094482,0,0.0,Benign
2018-02-14 09:41:05,0.0021393124479800463,0.053070444613695145,Benign,0.9977707862854004,0,0.0,Benign
2018-02-14 09:41:10,0.002077110344544053,0.05252930149435997,Benign,0.9978454113006592,0,0.0,Benign
2018-02-14 09:41:15,0.0020393712911754847,0.0529765747487545,Benign,0.997849702835083,0,0.0,Benign
2018-02-14 09:41:20,0.0020380625501275063,0.05327049270272255,Benign,0.997883141040802,0,0.0,Benign
2018-02-14 09:41:25,0.00205036299303174,0.05260305106639862,Benign,0.9978260397911072,0,0.0,Benign
2018-02-14 09:41:30,0.0021575603168457747,0.05269438773393631,Benign,0.9976766705513,0,0.0,Benign
2018-02-14 09:41:35,0.00216009677387774,0.05223017930984497,Benign,0.9977617263793945,0,0.0,Benign
2018-02-14 09:41:40,0.0021250974386930466,0.05283138528466225,Benign,0.9978440999984741,0,0.0,Benign
2018-02-14 09:41:45,0.0021893794182687998,0.053806472569704056,Benign,0.9976378679275513,0,0.0,Benign
2018-02-14 09:41:50,0.002060546772554517,0.052535589784383774,Benign,0.9978027939796448,0,0.0,Benign
2018-02-14 09:41:55,0.0020158400293439627,0.05201014503836632,Benign,0.9977858066558838,0,0.0,Benign
2018-02-14 09:42:00,0.00194531527813524,0.05162394419312477,Benign,0.9978747367858887,0,0.0,Benign
2018-02-14 09:42:05,0.0018693971214815974,0.04937148839235306,Benign,0.9979748129844666,0,0.0,Benign
2018-02-14 09:42:10,0.0018351131584495306,0.04848288744688034,Benign,0.9980693459510803,0,0.0,Benign
2018-02-14 09:42:15,0.0017837951891124249,0.047905996441841125,Benign,0.9982417821884155,0,0.0,Benign
2018-02-14 09:42:20,0.001760745421051979,0.04544658213853836,Benign,0.9983512163162231,0,0.0,Benign
2018-02-14 09:42:25,0.0018125363858416677,0.04724999889731407,Benign,0.9983910322189331,0,0.0,Benign
2018-02-14 09:42:30,0.0017947509186342359,0.04632553085684776,Benign,0.9985513091087341,0,0.0,Benign
2018-02-14 09:42:35,0.0017758564790710807,0.04630132392048836,Benign,0.9986714124679565,0,0.0,Benign
2018-02-14 09:42:40,0.0017466056160628796,0.04617011547088623,Benign,0.9987342953681946,0,0.0,Benign
2018-02-14 09:42:45,0.0017605583416298032,0.04714427888393402,Benign,0.9987664222717285,0,0.0,Benign
2018-02-14 09:42:50,0.001785630127415061,0.04618266224861145,Benign,0.998786985874176,0,0.0,Benign
2018-02-14 09:42:55,0.0018556693103164434,0.046584174036979675,Benign,0.9987459182739258,0,0.0,Benign
2018-02-14 09:43:00,0.0019311585929244757,0.04674289748072624,Benign,0.9986979961395264,0,0.0,Benign
2018-02-14 09:43:05,0.0019628729205578566,0.046148721128702164,Benign,0.9986806511878967,0,0.0,Benign
2018-02-14 09:43:10,0.0019065848318859935,0.0450354665517807,Benign,0.9987154006958008,0,0.0,Benign
2018-02-14 09:43:15,0.002002614550292492,0.04535062983632088,Benign,0.9986477494239807,0,0.0,Benign
2018-02-14 09:43:20,0.0022739244159311056,0.045841529965400696,Benign,0.9984765648841858,0,0.0,Benign
2018-02-14 09:43:25,0.002313626231625676,0.046353958547115326,Benign,0.9984459280967712,0,0.0,Benign
2018-02-14 09:43:30,0.0024372937623411417,0.04688074812293053,Benign,0.9983534812927246,0,0.0,Benign
2018-02-14 09:43:35,0.002433239482343197,0.04743082821369171,Benign,0.9983506202697754,0,0.0,Benign
2018-02-14 09:43:40,0.0024820512626320124,0.047793202102184296,Benign,0.9983367919921875,0,0.0,Benign
2018-02-14 09:43:45,0.0024120453745126724,0.04726743698120117,Benign,0.9983673691749573,0,0.0,Benign
2018-02-14 09:43:50,0.002399503020569682,0.04697493091225624,Benign,0.9983915686607361,0,0.0,Benign
2018-02-14 09:43:55,0.002371415728703141,0.04685754328966141,Benign,0.9984108209609985,0,0.0,Benign
2018-02-14 09:44:00,0.0023487904109060764,0.04648309201002121,Benign,0.9984184503555298,0,0.0,Benign
2018-02-14 09:44:05,0.0025555877946317196,0.04769589379429817,Benign,0.9982948899269104,0,0.0,Benign
2018-02-14 09:44:10,0.0024805322755128145,0.047049570828676224,Benign,0.9983799457550049,0,0.0,Benign
2018-02-14 09:44:15,0.00249099382199347,0.050156012177467346,Benign,0.9983885288238525,0,0.0,Benign
2018-02-14 09:44:20,0.0022105416283011436,0.0495808944106102,Benign,0.9985578656196594,0,0.0,Benign
2018-02-14 09:44:25,0.0020429971627891064,0.04919492453336716,Benign,0.9986758828163147,0,0.0,Benign
2018-02-14 09:44:30,0.0019256336381658912,0.04806852713227272,Benign,0.9987366795539856,0,0.0,Benign
2018-02-14 09:44:35,0.0018414300866425037,0.04842454195022583,Benign,0.9988007545471191,0,0.0,Benign
2018-02-14 09:44:40,0.0017357663018628955,0.04757567122578621,Benign,0.9988887906074524,0,0.0,Benign
2018-02-14 09:44:45,0.0017199107678607106,0.04784543812274933,Benign,0.9989045858383179,0,0.0,Benign
2018-02-14 09:44:50,0.0016914777224883437,0.04698549583554268,Benign,0.9989283680915833,0,0.0,Benign
2018-02-14 09:44:55,0.0016871786210685968,0.046173080801963806,Benign,0.9989238381385803,0,0.0,Benign
2018-02-14 09:45:00,0.0016733092488721013,0.04581936076283455,Benign,0.9989199638366699,0,0.0,Benign
2018-02-14 09:45:05,0.0016536159673705697,0.04572533816099167,Benign,0.9989270567893982,0,0.0,Benign
2018-02-14 09:45:10,0.001570075168274343,0.04568107798695564,Benign,0.9990202188491821,0,0.0,Benign
2018-02-14 09:45:15,0.0015418247785419226,0.046557679772377014,Benign,0.9990492463111877,0,0.0,Benign
2018-02-14 09:45:20,0.0015356679214164615,0.047022901475429535,Benign,0.9990487694740295,0,0.0,Benign
2018-02-14 09:45:25,0.0015408386243507266,0.046088967472314835,Benign,0.9990565180778503,0,0.0,Benign
2018-02-14 09:45:30,0.0016251232009381056,0.04679523780941963,Benign,0.998974084854126,0,0.0,Benign
2018-02-14 09:45:35,0.0016469634138047695,0.04714816436171532,Benign,0.9989374279975891,0,0.0,Benign
2018-02-14 09:45:40,0.0016864518402144313,0.047816164791584015,Benign,0.9988802075386047,0,0.0,Benign
2018-02-14 09:45:45,0.0016742573352530599,0.04822996258735657,Benign,0.9988667964935303,0,0.0,Benign
2018-02-14 09:45:50,0.0016891980776563287,0.04808536544442177,Benign,0.9988364577293396,0,0.0,Benign
2018-02-14 09:45:55,0.0016844156198203564,0.04815198853611946,Benign,0.998808741569519,0,0.0,Benign
2018-02-14 09:46:00,0.001714802230708301,0.04825247824192047,Benign,0.9987922310829163,0,0.0,Benign
2018-02-14 09:46:05,0.0017380367498844862,0.04818769916892052,Benign,0.9987975358963013,0,0.0,Benign
2018-02-14 09:46:10,0.0016595227643847466,0.046929676085710526,Benign,0.9988970756530762,0,0.0,Benign
2018-02-14 09:46:15,0.001619230955839157,0.04630542919039726,Benign,0.9989238381385803,0,0.0,Benign
2018-02-14 09:46:20,0.001703117974102497,0.046015847474336624,Benign,0.9988079071044922,0,0.0,Benign
2018-02-14 09:46:25,0.0016979523934423923,0.04734324291348457,Benign,0.9987642765045166,0,0.0,Benign
2018-02-14 09:46:30,0.0016814570408314466,0.047974955290555954,Benign,0.9987950325012207,0,0.0,Benign
2018-02-14 09:46:35,0.0016725589521229267,0.04852895811200142,Benign,0.9988157749176025,0,0.0,Benign
2018-02-14 09:46:40,0.0016665259608998895,0.048345036804676056,Benign,0.9987971782684326,0,0.0,Benign
2018-02-14 09:46:45,0.0017018286744132638,0.050056517124176025,Benign,0.9987678527832031,0,0.0,Benign
2018-02-14 09:46:50,0.0017245312919840217,0.05106525123119354,Benign,0.9986940026283264,0,0.0,Benign
2018-02-14 09:46:55,0.0017488484736531973,0.05189087241888046,Benign,0.9985805749893188,0,0.0,Benign
2018-02-14 09:47:00,0.0018382653361186385,0.053886257112026215,Benign,0.9984632730484009,0,0.0,Benign
2018-02-14 09:47:05,0.0018241674406453967,0.05365936830639839,Benign,0.9984592199325562,0,0.0,Benign
2018-02-14 09:47:10,0.0018246364779770374,0.052884094417095184,Benign,0.9984544515609741,0,0.0,Benign
2018-02-14 09:47:15,0.001884609810076654,0.053706470876932144,Benign,0.9982842803001404,0,0.0,Benign
2018-02-14 09:47:20,0.0018824187573045492,0.05381731688976288,Benign,0.9982624650001526,0,0.0,Benign
2018-02-14 09:47:25,0.0018534862902015448,0.05374874919652939,Benign,0.9982218146324158,0,0.0,Benign
2018-02-14 09:47:30,0.0018260072683915496,0.0533873625099659,Benign,0.9982196688652039,0,0.0,Benign
2018-02-14 09:47:35,0.0018578219460323453,0.05388331413269043,Benign,0.9981945157051086,0,0.0,Benign
2018-02-14 09:47:40,0.0018510583322495222,0.05399129539728165,Benign,0.9982516169548035,0,0.0,Benign
2018-02-14 09:47:45,0.0018123360350728035,0.0536888912320137,Benign,0.9982979893684387,0,0.0,Benign
2018-02-14 09:47:50,0.0018018374685198069,0.05363043025135994,Benign,0.9983100891113281,0,0.0,Benign
2018-02-14 09:47:55,0.0018002694705501199,0.05394722893834114,Benign,0.9982787370681763,0,0.0,Benign
2018-02-14 09:48:00,0.0017385678365826607,0.05164625495672226,Benign,0.9983281493186951,0,0.0,Benign
2018-02-14 09:48:05,0.0017960952827706933,0.051373232156038284,Benign,0.9982490539550781,0,0.0,Benign
2018-02-14 09:48:10,0.0018030531937256455,0.052730102092027664,Benign,0.9981868863105774,0,0.0,Benign
2018-02-14 09:48:15,0.0018608476966619492,0.0532643161714077,Benign,0.9981174468994141,0,0.0,Benign
2018-02-14 09:48:20,0.0019532048609107733,0.05295316502451897,Benign,0.9980727434158325,0,0.0,Benign
2018-02-14 09:48:25,0.001950869569554925,0.05285931006073952,Benign,0.9981824159622192,0,0.0,Benign
2018-02-14 09:48:30,0.001900554751046002,0.05247821286320686,Benign,0.9982845187187195,0,0.0,Benign
2018-02-14 09:48:35,0.0019365482730790973,0.05303473770618439,Benign,0.9983270764350891,0,0.0,Benign
2018-02-14 09:48:40,0.001882786164060235,0.05256302282214165,Benign,0.9984433054924011,0,0.0,Benign
2018-02-14 09:48:45,0.001862365403212607,0.05172150954604149,Benign,0.998494029045105,0,0.0,Benign
2018-02-14 09:48:50,0.001854924950748682,0.051444943994283676,Benign,0.9985204339027405,0,0.0,Benign
2018-02-14 09:48:55,0.001784816849976778,0.05017111450433731,Benign,0.9985883831977844,0,0.0,Benign
2018-02-14 09:49:00,0.0017859413055703044,0.0498177707195282,Benign,0.9985550045967102,0,0.0,Benign
2018-02-14 09:49:05,0.001759920036420226,0.04928843677043915,Benign,0.9985544085502625,0,0.0,Benign
2018-02-14 09:49:10,0.0018085332121700048,0.050422944128513336,Benign,0.9984965324401855,0,0.0,Benign
2018-02-14 09:49:15,0.0018180194310843945,0.05019268020987511,Benign,0.9985607266426086,0,0.0,Benign
2018-02-14 09:49:20,0.0018508434295654297,0.04971202462911606,Benign,0.9985291957855225,0,0.0,Benign
2018-02-14 09:49:25,0.0019431592663750052,0.04962623491883278,Benign,0.9984185695648193,0,0.0,Benign
2018-02-14 09:49:30,0.0018893840024247766,0.05018951743841171,Benign,0.9984517097473145,0,0.0,Benign
2018-02-14 09:49:35,0.0018699781503528357,0.04972342401742935,Benign,0.9984045624732971,0,0.0,Benign
2018-02-14 09:49:40,0.0018744139233604074,0.04905393347144127,Benign,0.9983600974082947,0,0.0,Benign
2018-02-14 09:49:45,0.0018419824773445725,0.04971428960561752,Benign,0.9983678460121155,0,0.0,Benign
2018-02-14 09:49:50,0.0018934744875878096,0.049844060093164444,Benign,0.9982200264930725,0,0.0,Benign
2018-02-14 09:49:55,0.0018987238872796297,0.050795722752809525,Benign,0.998138427734375,0,0.0,Benign
2018-02-14 09:50:00,0.0018877742113545537,0.05085373297333717,Benign,0.9981306195259094,0,0.0,Benign
2018-02-14 09:50:05,0.0018955800915136933,0.0525270476937294,Benign,0.9980541467666626,0,0.0,Benign
2018-02-14 09:50:10,0.0018256198382005095,0.05223642289638519,Benign,0.9981666803359985,0,0.0,Benign
2018-02-14 09:50:15,0.0017740254988893867,0.05205825716257095,Benign,0.9982638955116272,0,0.0,Benign
2018-02-14 09:50:20,0.001828029053285718,0.05238807573914528,Benign,0.9982287287712097,0,0.0,Benign
2018-02-14 09:50:25,0.001830631634220481,0.05292563512921333,Benign,0.9982805252075195,0,0.0,Benign
2018-02-14 09:50:30,0.0018803809070959687,0.05200239643454552,Benign,0.9983067512512207,0,0.0,Benign
2018-02-14 09:50:35,0.0019022985361516476,0.052224915474653244,Benign,0.9982792139053345,0,0.0,Benign
2018-02-14 09:50:40,0.002050254726782441,0.053982626646757126,Benign,0.9981174468994141,0,0.0,Benign
2018-02-14 09:50:45,0.0020173396915197372,0.05441492050886154,Benign,0.9981132745742798,0,0.0,Benign
2018-02-14 09:50:50,0.0019862500485032797,0.05465724691748619,Benign,0.9981012940406799,0,0.0,Benign
2018-02-14 09:50:55,0.001916882349178195,0.05450265854597092,Benign,0.9980716109275818,0,0.0,Benign
2018-02-14 09:51:00,0.0018115037819370627,0.05312720313668251,Benign,0.998229444026947,0,0.0,Benign
2018-02-14 09:51:05,0.0017956088995561004,0.052589088678359985,Benign,0.9983237385749817,0,0.0,Benign
2018-02-14 09:51:10,0.00177588255610317,0.05287821963429451,Benign,0.9983144998550415,0,0.0,Benign
2018-02-14 09:51:15,0.0018027519108727574,0.05338708311319351,Benign,0.9983293414115906,0,0.0,Benign
2018-02-14 09:51:20,0.001726895454339683,0.053108833730220795,Benign,0.998390793800354,0,0.0,Benign
2018-02-14 09:51:25,0.0016376300482079387,0.05205940827727318,Benign,0.9984667301177979,0,0.0,Benign
2018-02-14 09:51:30,0.0015900431899353862,0.05143750086426735,Benign,0.9985338449478149,0,0.0,Benign
2018-02-14 09:51:35,0.0016141405794769526,0.051568832248449326,Benign,0.9985610842704773,0,0.0,Benign
2018-02-14 09:51:40,0.0016827333020046353,0.05141231045126915,Benign,0.998512327671051,0,0.0,Benign
2018-02-14 09:51:45,0.0017091865884140134,0.05171450600028038,Benign,0.9984513521194458,0,0.0,Benign
2018-02-14 09:51:50,0.0017361374339088798,0.05245998874306679,Benign,0.9983322024345398,0,0.0,Benign
2018-02-14 09:51:55,0.0017537117237225175,0.05290595442056656,Benign,0.9983628392219543,0,0.0,Benign
2018-02-14 09:52:00,0.0017290108371526003,0.052057597786188126,Benign,0.9983738660812378,0,0.0,Benign
2018-02-14 09:52:05,0.0016724546439945698,0.05087507516145706,Benign,0.9984142780303955,0,0.0,Benign
2018-02-14 09:52:10,0.001723045133985579,0.051842957735061646,Benign,0.9983993172645569,0,0.0,Benign
2018-02-14 09:52:15,0.0016931121936067939,0.05136357620358467,Benign,0.9984204769134521,0,0.0,Benign
2018-02-14 09:52:20,0.0016484200023114681,0.05080525949597359,Benign,0.9984592199325562,0,0.0,Benign
2018-02-14 09:52:25,0.0016507923137396574,0.050552453845739365,Benign,0.9984827637672424,0,0.0,Benign
2018-02-14 09:52:30,0.0016309934435412288,0.05014582723379135,Benign,0.9984928369522095,0,0.0,Benign
2018-02-14 09:52:35,0.0016452968120574951,0.049970436841249466,Benign,0.9984331727027893,0,0.0,Benign
2018-02-14 09:52:40,0.001715092919766903,0.051465731114149094,Benign,0.9983280301094055,0,0.0,Benign
2018-02-14 09:52:45,0.0016696092206984758,0.05066167563199997,Benign,0.9983468055725098,0,0.0,Benign
2018-02-14 09:52:50,0.0016507422551512718,0.04991357401013374,Benign,0.9983291029930115,0,0.0,Benign
2018-02-14 09:52:55,0.0016375217819586396,0.049519095569849014,Benign,0.9983029365539551,0,0.0,Benign
2018-02-14 09:53:00,0.0016255488153547049,0.048014454543590546,Benign,0.9983094930648804,0,0.0,Benign
2018-02-14 09:53:05,0.0016762998420745134,0.0473998561501503,Benign,0.9982740879058838,0,0.0,Benign
2018-02-14 09:53:10,0.0017503340495750308,0.04750177636742592,Benign,0.9981580376625061,0,0.0,Benign
2018-02-14 09:53:15,0.0018257397459819913,0.04721721261739731,Benign,0.9980939030647278,0,0.0,Benign
2018-02-14 09:53:20,0.0018808775348588824,0.04739725962281227,Benign,0.9980438947677612,0,0.0,Benign
2018-02-14 09:53:25,0.001998668070882559,0.04747536778450012,Benign,0.9979351758956909,0,0.0,Benign
2018-02-14 09:53:30,0.0019760336726903915,0.04798690229654312,Benign,0.9979457259178162,0,0.0,Benign
2018-02-14 09:53:35,0.0020684031769633293,0.04927733540534973,Benign,0.9978137016296387,0,0.0,Benign
2018-02-14 09:53:40,0.0020375996828079224,0.049036551266908646,Benign,0.9978700876235962,0,0.0,Benign
2018-02-14 09:53:45,0.0019827764481306076,0.0502755343914032,Benign,0.9978530406951904,0,0.0,Benign
2018-02-14 09:53:50,0.00193243648391217,0.05010152980685234,Benign,0.997943103313446,0,0.0,Benign
2018-02-14 09:53:55,0.002027899492532015,0.04932118207216263,Benign,0.9978755712509155,0,0.0,Benign
2018-02-14 09:54:00,0.0021196319721639156,0.049070876091718674,Benign,0.9978291392326355,0,0.0,Benign
2018-02-14 09:54:05,0.002288905903697014,0.04958735406398773,Benign,0.9976429343223572,0,0.0,Benign
2018-02-14 09:54:10,0.0024728914722800255,0.05343353748321533,Benign,0.9975034594535828,0,0.0,Benign
2018-02-14 09:54:15,0.0024560519959777594,0.054660771042108536,Benign,0.9975042939186096,0,0.0,Benign
2018-02-14 09:54:20,0.002482809592038393,0.054184187203645706,Benign,0.9974817633628845,0,0.0,Benign
2018-02-14 09:54:25,0.0025084062945097685,0.0534251369535923,Benign,0.9974627494812012,0,0.0,Benign
2018-02-14 09:54:30,0.002624788321554661,0.05347808822989464,Benign,0.9973128437995911,0,0.0,Benign
2018-02-14 09:54:35,0.0027592943515628576,0.05455424636602402,Benign,0.9971363544464111,0,0.0,Benign
2018-02-14 09:54:40,0.002852588426321745,0.05589940771460533,Benign,0.9969835877418518,0,0.0,Benign
2018-02-14 09:54:45,0.00306578422896564,0.056394703686237335,Benign,0.9968078136444092,0,0.0,Benign
2018-02-14 09:54:50,0.003105039708316326,0.05716623738408089,Benign,0.9968098998069763,0,0.0,Benign
2018-02-14 09:54:55,0.0031039181631058455,0.05833775922656059,Benign,0.9968035221099854,0,0.0,Benign
2018-02-14 09:55:00,0.003191519295796752,0.058382149785757065,Benign,0.9968061447143555,0,0.0,Benign
2018-02-14 09:55:05,0.0032237586565315723,0.057783279567956924,Benign,0.9968419075012207,0,0.0,Benign
2018-02-14 09:55:10,0.003518402576446533,0.06013151630759239,Benign,0.9967226386070251,0,0.0,Benign
2018-02-14 09:55:15,0.0035151292104274035,0.06012000888586044,Benign,0.9968124032020569,0,0.0,Benign
2018-02-14 09:55:20,0.003601952688768506,0.0593249537050724,Benign,0.9967568516731262,0,0.0,Benign
2018-02-14 09:55:25,0.0038596675731241703,0.06136128678917885,Benign,0.9965642094612122,0,0.0,Benign
2018-02-14 09:55:30,0.004145659040659666,0.06268004328012466,Benign,0.9964924454689026,0,0.0,Benign
2018-02-14 09:55:35,0.003573862835764885,0.05915389582514763,Benign,0.997104823589325,0,0.0,Benign
2018-02-14 09:55:40,0.0034277429804205894,0.05604434013366699,Benign,0.9973795413970947,0,0.0,Benign
2018-02-14 09:55:45,0.003349890001118183,0.055221833288669586,Benign,0.9975939393043518,0,0.0,Benign
2018-02-14 09:55:50,0.0037775752134621143,0.05701487883925438,Benign,0.9974513649940491,0,0.0,Benign
2018-02-14 09:55:55,0.0036913270596414804,0.05663008242845535,Benign,0.9976008534431458,0,0.0,Benign
2018-02-14 09:56:00,0.0035133925266563892,0.05698968470096588,Benign,0.9977343082427979,0,0.0,Benign
2018-02-14 09:56:05,0.0031238861847668886,0.055229559540748596,Benign,0.998005211353302,0,0.0,Benign
2018-02-14 09:56:10,0.002632495481520891,0.05180620402097702,Benign,0.998285710811615,0,0.0,Benign
2018-02-14 09:56:15,0.0024593323469161987,0.05153254419565201,Benign,0.9983872175216675,0,0.0,Benign
2018-02-14 09:56:20,0.002188831102102995,0.05053235962986946,Benign,0.99857497215271,0,0.0,Benign
2018-02-14 09:56:25,0.002042047679424286,0.04984576627612114,Benign,0.9987302422523499,0,0.0,Benign
2018-02-14 09:56:30,0.0019767589401453733,0.04960555210709572,Benign,0.9987666606903076,0,0.0,Benign
2018-02-14 09:56:35,0.0018887618789449334,0.04953271895647049,Benign,0.9988321661949158,0,0.0,Benign
2018-02-14 09:56:40,0.0018831150373443961,0.05005515739321709,Benign,0.9988970756530762,0,0.0,Benign
2018-02-14 09:56:45,0.0018794011557474732,0.04936366155743599,Benign,0.9988391995429993,0,0.0,Benign
2018-02-14 09:56:50,0.0018570572137832642,0.04945971816778183,Benign,0.998833954334259,0,0.0,Benign
2018-02-14 09:56:55,0.001865850412286818,0.04927670210599899,Benign,0.9988138675689697,0,0.0,Benign
2018-02-14 09:57:00,0.001757187070325017,0.04749046638607979,Benign,0.9989271759986877,0,0.0,Benign
2018-02-14 09:57:05,0.0017068561865016818,0.04753244295716286,Benign,0.998957633972168,0,0.0,Benign
2018-02-14 09:57:10,0.001633461331948638,0.04707515984773636,Benign,0.9989994168281555,0,0.0,Benign
2018-02-14 09:57:15,0.00164994306396693,0.04694744944572449,Benign,0.9989532232284546,0,0.0,Benign
2018-02-14 09:57:20,0.001678844797424972,0.04721561446785927,Benign,0.9989351630210876,0,0.0,Benign
2018-02-14 09:57:25,0.0016754724783822894,0.0470878966152668,Benign,0.9989370703697205,0,0.0,Benign
2018-02-14 09:57:30,0.0016690284246578813,0.045818865299224854,Benign,0.9989301562309265,0,0.0,Benign
2018-02-14 09:57:35,0.0017149409977719188,0.04527119919657707,Benign,0.9988841414451599,0,0.0,Benign
2018-02-14 09:57:40,0.0016908884281292558,0.0448572114109993,Benign,0.9989176988601685,0,0.0,Benign
2018-02-14 09:57:45,0.0016892319545149803,0.044681597501039505,Benign,0.99891197681427,0,0.0,Benign
2018-02-14 09:57:50,0.0016657683299854398,0.04514399170875549,Benign,0.9989596605300903,0,0.0,Benign
2018-02-14 09:57:55,0.0015963466139510274,0.044547468423843384,Benign,0.9990124702453613,0,0.0,Benign
2018-02-14 09:58:00,0.0015941618476063013,0.04509899765253067,Benign,0.9990015625953674,0,0.0,Benign
2018-02-14 09:58:05,0.001600795891135931,0.04354334622621536,Benign,0.9989739656448364,0,0.0,Benign
2018-02-14 09:58:10,0.0016463127685710788,0.04477628320455551,Benign,0.9989379048347473,0,0.0,Benign
2018-02-14 09:58:15,0.0016367757925763726,0.04464280605316162,Benign,0.9989398121833801,0,0.0,Benign
2018-02-14 09:58:20,0.0016623629489913583,0.04477829486131668,Benign,0.9989258646965027,0,0.0,Benign
2018-02-14 09:58:25,0.0016782359452918172,0.045196350663900375,Benign,0.998914361000061,0,0.0,Benign
2018-02-14 09:58:30,0.0016811746172606945,0.044526077806949615,Benign,0.9989022016525269,0,0.0,Benign
2018-02-14 09:58:35,0.0016770875081419945,0.044421225786209106,Benign,0.9989162683486938,0,0.0,Benign
2018-02-14 09:58:40,0.0016917731845751405,0.04531177878379822,Benign,0.9989089965820312,0,0.0,Benign
2018-02-14 09:58:45,0.001759229926392436,0.04633215814828873,Benign,0.9989138841629028,0,0.0,Benign
2018-02-14 09:58:50,0.0017412480665370822,0.04634283110499382,Benign,0.998928964138031,0,0.0,Benign
2018-02-14 09:58:55,0.0016915251035243273,0.04613645002245903,Benign,0.9989632368087769,0,0.0,Benign
2018-02-14 09:59:00,0.0016417655861005187,0.04482565075159073,Benign,0.9989858269691467,0,0.0,Benign
2018-02-14 09:59:05,0.0016945450333878398,0.04547270014882088,Benign,0.9989354014396667,0,0.0,Benign
2018-02-14 09:59:10,0.0016188300214707851,0.046037644147872925,Benign,0.9989877343177795,0,0.0,Benign
2018-02-14 09:59:15,0.0016229698667302728,0.04740259051322937,Benign,0.9989888072013855,0,0.0,Benign
2018-02-14 09:59:20,0.0016016579465940595,0.048053015023469925,Benign,0.9989727735519409,0,0.0,Benign
2018-02-14 09:59:25,0.0016078040935099125,0.049512140452861786,Benign,0.9988729357719421,0,0.0,Benign
2018-02-14 09:59:30,0.0016105766408145428,0.04986521229147911,Benign,0.998795747756958,0,0.0,Benign
2018-02-14 09:59:35,0.0015899483114480972,0.049904752522706985,Benign,0.9988242983818054,0,0.0,Benign
2018-02-14 09:59:40,0.0015521624591201544,0.049583256244659424,Benign,0.9988195300102234,0,0.0,Benign
2018-02-14 09:59:45,0.0015314281918108463,0.04888589307665825,Benign,0.9988483190536499,0,0.0,Benign
2018-02-14 09:59:50,0.0014903262490406632,0.04737121984362602,Benign,0.9988951086997986,0,0.0,Benign
2018-02-14 09:59:55,0.0015334462514147162,0.048103220760822296,Benign,0.9988530874252319,0,0.0,Benign
2018-02-14 10:00:00,0.0015235469909384847,0.047628216445446014,Benign,0.9987785220146179,0,0.0,Benign
2018-02-14 10:00:05,0.0016093855956569314,0.04959113150835037,Benign,0.9986609220504761,0,0.0,Benign
2018-02-14 10:00:10,0.0016210966277867556,0.05033864825963974,Benign,0.9985848665237427,0,0.0,Benign
2018-02-14 10:00:15,0.0015982858603820205,0.05042222514748573,Benign,0.9985917210578918,0,0.0,Benign
2018-02-14 10:00:20,0.0015797330997884274,0.04985601454973221,Benign,0.9985631108283997,0,0.0,Benign
2018-02-14 10:00:25,0.0016164635308086872,0.05029155686497688,Benign,0.9984896183013916,0,0.0,Benign
2018-02-14 10:00:30,0.001606788020581007,0.04962872341275215,Benign,0.9985098242759705,0,0.0,Benign
2018-02-14 10:00:35,0.0017266101203858852,0.05101577192544937,Benign,0.9984086155891418,0,0.0,Benign
2018-02-14 10:00:40,0.0017421781085431576,0.051367200911045074,Benign,0.9983689188957214,0,0.0,Benign
2018-02-14 10:00:45,0.0018145734211429954,0.05214018002152443,Benign,0.9983004927635193,0,0.0,Benign
2018-02-14 10:00:50,0.0018678184133023024,0.052933964878320694,Benign,0.9982472658157349,0,0.0,Benign
2018-02-14 10:00:55,0.0018938648281618953,0.05369410291314125,Benign,0.9982612729072571,0,0.0,Benign
2018-02-14 10:01:00,0.0018045366741716862,0.05313320457935333,Benign,0.9983323216438293,0,0.0,Benign
2018-02-14 10:01:05,0.0017991096246987581,0.053129151463508606,Benign,0.9982737302780151,0,0.0,Benign
2018-02-14 10:01:10,0.0017595053650438786,0.052603624761104584,Benign,0.9982581734657288,0,0.0,Benign
2018-02-14 10:01:15,0.0017457061912864447,0.051963094621896744,Benign,0.9982372522354126,0,0.0,Benign
2018-02-14 10:01:20,0.0017289490206167102,0.051714591681957245,Benign,0.9982796907424927,0,0.0,Benign
2018-02-14 10:01:25,0.0016925198724493384,0.05122404918074608,Benign,0.998347282409668,0,0.0,Benign
2018-02-14 10:01:30,0.0017010606825351715,0.05172581598162651,Benign,0.9982751607894897,0,0.0,Benign
2018-02-14 10:01:35,0.0016907909885048866,0.05127664655447006,Benign,0.9982749223709106,0,0.0,Benign
2018-02-14 10:01:40,0.0017123110592365265,0.051246386021375656,Benign,0.9982044696807861,0,0.0,Benign
2018-02-14 10:01:45,0.0016844067722558975,0.05107560008764267,Benign,0.9981974959373474,0,0.0,Benign
2018-02-14 10:01:50,0.0016728162299841642,0.05008169263601303,Benign,0.9981738328933716,0,0.0,Benign
2018-02-14 10:01:55,0.001736277132295072,0.04937869310379028,Benign,0.998072624206543,0,0.0,Benign
2018-02-14 10:02:00,0.001742240390740335,0.04765113815665245,Benign,0.998105525970459,0,0.0,Benign
2018-02-14 10:02:05,0.0017486420692875981,0.0468251071870327,Benign,0.998117208480835,0,0.0,Benign
2018-02-14 10:02:10,0.0018369770841673017,0.04651769995689392,Benign,0.9980681538581848,0,0.0,Benign
2018-02-14 10:02:15,0.0020018303766846657,0.04806241765618324,Benign,0.9978329539299011,0,0.0,Benign
2018-02-14 10:02:20,0.002151437569409609,0.05008445680141449,Benign,0.9975881576538086,0,0.0,Benign
2018-02-14 10:02:25,0.0022913082502782345,0.050907548516988754,Benign,0.9974453449249268,0,0.0,Benign
2018-02-14 10:02:30,0.002494069281965494,0.05261211469769478,Benign,0.9972426891326904,0,0.0,Benign
2018-02-14 10:02:35,0.0028432966209948063,0.0564192533493042,Benign,0.9968562126159668,0,0.0,Benign
2018-02-14 10:02:40,0.003111005760729313,0.05980835109949112,Benign,0.9966101050376892,0,0.0,Benign
2018-02-14 10:02:45,0.0036552867386490107,0.06596778333187103,Benign,0.9961835741996765,0,0.0,Benign
2018-02-14 10:02:50,0.00392910186201334,0.06799405813217163,Benign,0.9960273504257202,0,0.0,Benign
2018-02-14 10:02:55,0.004229929763823748,0.07251150161027908,Benign,0.9957348704338074,0,0.0,Benign
2018-02-14 10:03:00,0.004809828009456396,0.07752854377031326,Benign,0.9956009387969971,0,0.0,Benign
2018-02-14 10:03:05,0.005904017947614193,0.08859237283468246,Benign,0.9948549270629883,0,0.0,Benign
2018-02-14 10:03:10,0.005763642489910126,0.08885452151298523,Benign,0.9950874447822571,0,0.0,Benign
2018-02-14 10:03:15,0.0053221117705106735,0.08616653829813004,Benign,0.9954745173454285,0,0.0,Benign
2018-02-14 10:03:20,0.00420313561335206,0.07815328985452652,Benign,0.9963780045509338,0,0.0,Benign
2018-02-14 10:03:25,0.0038251960650086403,0.07448077946901321,Benign,0.9966309666633606,0,0.0,Benign
2018-02-14 10:03:30,0.0033309399150311947,0.0688769519329071,Benign,0.9970165491104126,0,0.0,Benign
2018-02-14 10:03:35,0.002878371626138687,0.0653524398803711,Benign,0.9973514080047607,0,0.0,Benign
2018-02-14 10:03:40,0.0024573912378400564,0.061649758368730545,Benign,0.9977002739906311,0,0.0,Benign
2018-02-14 10:03:45,0.002291168784722686,0.06034298241138458,Benign,0.9979298114776611,0,0.0,Benign
2018-02-14 10:03:50,0.002173175336793065,0.05782165378332138,Benign,0.9980934262275696,0,0.0,Benign
2018-02-14 10:03:55,0.0020945267751812935,0.05788016691803932,Benign,0.9980168342590332,0,0.0,Benign
2018-02-14 10:04:00,0.001940688118338585,0.05607949197292328,Benign,0.9981195330619812,0,0.0,Benign
2018-02-14 10:04:05,0.0018172120908275247,0.054023969918489456,Benign,0.9982174038887024,0,0.0,Benign
2018-02-14 10:04:10,0.0017328793182969093,0.05212168022990227,Benign,0.9982715845108032,0,0.0,Benign
2018-02-14 10:04:15,0.001673246966674924,0.050134774297475815,Benign,0.9983851909637451,0,0.0,Benign
2018-02-14 10:04:20,0.0016172388568520546,0.04909388720989227,Benign,0.9984908103942871,0,0.0,Benign
2018-02-14 10:04:25,0.0016100055072456598,0.048862747848033905,Benign,0.9985315799713135,0,0.0,Benign
2018-02-14 10:04:30,0.0015355488285422325,0.0483504943549633,Benign,0.9987362027168274,0,0.0,Benign
2018-02-14 10:04:35,0.0015092003159224987,0.048483241349458694,Benign,0.998793363571167,0,0.0,Benign
2018-02-14 10:04:40,0.0015360357938334346,0.04878721386194229,Benign,0.9987782835960388,0,0.0,Benign
2018-02-14 10:04:45,0.0016296368557959795,0.04992786422371864,Benign,0.9987704157829285,0,0.0,Benign
2018-02-14 10:04:50,0.001574181136675179,0.049310993403196335,Benign,0.9988909363746643,0,0.0,Benign
2018-02-14 10:04:55,0.0015769730089232326,0.04907206445932388,Benign,0.9989328980445862,0,0.0,Benign
2018-02-14 10:05:00,0.0015181966591626406,0.04757339507341385,Benign,0.9989810585975647,0,0.0,Benign
2018-02-14 10:05:05,0.0014779057819396257,0.046575408428907394,Benign,0.9990203380584717,0,0.0,Benign
2018-02-14 10:05:10,0.0014904511626809835,0.047209907323122025,Benign,0.9990384578704834,0,0.0,Benign
2018-02-14 10:05:15,0.0014794956659898162,0.04759510979056358,Benign,0.999026894569397,0,0.0,Benign
2018-02-14 10:05:20,0.0014878107467666268,0.047701772302389145,Benign,0.998985230922699,0,0.0,Benign
2018-02-14 10:05:25,0.0015336937503889203,0.04859691858291626,Benign,0.9989159107208252,0,0.0,Benign
2018-02-14 10:05:30,0.001505586551502347,0.046941231936216354,Benign,0.9989769458770752,0,0.0,Benign
2018-02-14 10:05:35,0.0015444918535649776,0.04746619239449501,Benign,0.9989480376243591,0,0.0,Benign
2018-02-14 10:05:40,0.0015244990354403853,0.04740297794342041,Benign,0.998985230922699,0,0.0,Benign
2018-02-14 10:05:45,0.0014701610198244452,0.04536554962396622,Benign,0.9990071654319763,0,0.0,Benign
2018-02-14 10:05:50,0.0014800464268773794,0.04461774230003357,Benign,0.9989936947822571,0,0.0,Benign
2018-02-14 10:05:55,0.0014735066797584295,0.04434472322463989,Benign,0.9990271329879761,0,0.0,Benign
2018-02-14 10:06:00,0.001483177999034524,0.043910156935453415,Benign,0.999025821685791,0,0.0,Benign
2018-02-14 10:06:05,0.0015786325093358755,0.04307597130537033,Benign,0.9989572763442993,0,0.0,Benign
2018-02-14 10:06:10,0.0016647751908749342,0.04408186674118042,Benign,0.9988893866539001,0,0.0,Benign
2018-02-14 10:06:15,0.0017704960191622376,0.045132383704185486,Benign,0.9988309741020203,0,0.0,Benign
2018-02-14 10:06:20,0.0017763188807293773,0.045528098940849304,Benign,0.998840868473053,0,0.0,Benign
2018-02-14 10:06:25,0.001772195682860911,0.04515015706419945,Benign,0.9988596439361572,0,0.0,Benign
2018-02-14 10:06:30,0.0018022550502792,0.04625258222222328,Benign,0.9988364577293396,0,0.0,Benign
2018-02-14 10:06:35,0.001819532597437501,0.0475740060210228,Benign,0.9988642930984497,0,0.0,Benign
2018-02-14 10:06:40,0.0017875733319669962,0.046858374029397964,Benign,0.9988763928413391,0,0.0,Benign
2018-02-14 10:06:45,0.0018881579162552953,0.049216218292713165,Benign,0.998808741569519,0,0.0,Benign
2018-02-14 10:06:50,0.001921562710776925,0.04957413300871849,Benign,0.9987255930900574,0,0.0,Benign
2018-02-14 10:06:55,0.002044352702796459,0.05070945620536804,Benign,0.998561441898346,0,0.0,Benign
2018-02-14 10:07:00,0.0019741987343877554,0.05100660398602486,Benign,0.9985718727111816,0,0.0,Benign
2018-02-14 10:07:05,0.0019159447401762009,0.0507383868098259,Benign,0.9985491633415222,0,0.0,Benign
2018-02-14 10:07:10,0.001786464941687882,0.04928608238697052,Benign,0.9985962510108948,0,0.0,Benign
2018-02-14 10:07:15,0.001778886653482914,0.049735479056835175,Benign,0.9984954595565796,0,0.0,Benign
2018-02-14 10:07:20,0.0017976501258090138,0.04999376833438873,Benign,0.998374342918396,0,0.0,Benign
2018-02-14 10:07:25,0.0018521829042583704,0.04878176748752594,Benign,0.9982600808143616,0,0.0,Benign
2018-02-14 10:07:30,0.0018905425677075982,0.05031329765915871,Benign,0.998116135597229,0,0.0,Benign
2018-02-14 10:07:35,0.001851811888627708,0.050728850066661835,Benign,0.9981412887573242,0,0.0,Benign
2018-02-14 10:07:40,0.0018185870721936226,0.04989920184016228,Benign,0.9982092380523682,0,0.0,Benign
2018-02-14 10:07:45,0.0017010768642649055,0.048602208495140076,Benign,0.9984123706817627,0,0.0,Benign
2018-02-14 10:07:50,0.0016600401140749454,0.04770687595009804,Benign,0.9984928369522095,0,0.0,Benign
2018-02-14 10:07:55,0.0016270693158730865,0.0477106049656868,Benign,0.998580813407898,0,0.0,Benign
2018-02-14 10:08:00,0.0016752569936215878,0.04724074900150299,Benign,0.998559296131134,0,0.0,Benign
2018-02-14 10:08:05,0.0017466953722760081,0.04628269001841545,Benign,0.9985243678092957,0,0.0,Benign
2018-02-14 10:08:10,0.001758107217028737,0.04593915119767189,Benign,0.9985494017601013,0,0.0,Benign
2018-02-14 10:08:15,0.001864851568825543,0.0463082417845726,Benign,0.9984839558601379,0,0.0,Benign
2018-02-14 10:08:20,0.0019481501076370478,0.04702148959040642,Benign,0.9984924793243408,0,0.0,Benign
2018-02-14 10:08:25,0.002011252101510763,0.04715718701481819,Benign,0.9985145926475525,0,0.0,Benign
2018-02-14 10:08:30,0.0021043061278760433,0.04700550436973572,Benign,0.9984831213951111,0,0.0,Benign
2018-02-14 10:08:35,0.0022078780457377434,0.048158008605241776,Benign,0.9984265565872192,0,0.0,Benign
2018-02-14 10:08:40,0.0022627345751971006,0.04865295812487602,Benign,0.998412013053894,0,0.0,Benign
2018-02-14 10:08:45,0.002339504659175873,0.0504894033074379,Benign,0.9984124898910522,0,0.0,Benign
2018-02-14 10:08:50,0.002599745988845825,0.0522318072617054,Benign,0.9982592463493347,0,0.0,Benign
2018-02-14 10:08:55,0.002874478232115507,0.0539717935025692,Benign,0.9981143474578857,0,0.0,Benign
2018-02-14 10:09:00,0.0030632042326033115,0.055605124682188034,Benign,0.9979988932609558,0,0.0,Benign
2018-02-14 10:09:05,0.003360975766554475,0.056083571165800095,Benign,0.99772709608078,0,0.0,Benign
2018-02-14 10:09:10,0.003736570244655013,0.05903054028749466,Benign,0.9974984526634216,0,0.0,Benign
2018-02-14 10:09:15,0.0040699178352952,0.05817333236336708,Benign,0.9973083734512329,0,0.0,Benign
2018-02-14 10:09:20,0.004241528455168009,0.05764138698577881,Benign,0.9972285628318787,0,0.0,Benign
2018-02-14 10:09:25,0.0050264340825378895,0.06034575402736664,Benign,0.9967557787895203,0,0.0,Benign
2018-02-14 10:09:30,0.005234668962657452,0.060683369636535645,Benign,0.9965729713439941,0,0.0,Benign
2018-02-14 10:09:35,0.005643838085234165,0.06256979703903198,Benign,0.9963410496711731,0,0.0,Benign
2018-02-14 10:09:40,0.004975282587110996,0.06087494641542435,Benign,0.996802806854248,0,0.0,Benign
2018-02-14 10:09:45,0.004598604049533606,0.059764642268419266,Benign,0.9970345497131348,0,0.0,Benign
2018-02-14 10:09:50,0.004518175031989813,0.05939482897520065,Benign,0.9970945119857788,0,0.0,Benign
2018-02-14 10:09:55,0.004105560015887022,0.05849609896540642,Benign,0.9973777532577515,0,0.0,Benign
2018-02-14 10:10:00,0.0038471552543342113,0.05891553685069084,Benign,0.9975435137748718,0,0.0,Benign
2018-02-14 10:10:05,0.0032943396363407373,0.057157330214977264,Benign,0.9978954792022705,0,0.0,Benign
2018-02-14 10:10:10,0.003070702776312828,0.056107621639966965,Benign,0.9980273842811584,0,0.0,Benign
2018-02-14 10:10:15,0.003001657547429204,0.05489008128643036,Benign,0.998089611530304,0,0.0,Benign
2018-02-14 10:10:20,0.002655969699844718,0.0520896315574646,Benign,0.9983242154121399,0,0.0,Benign
2018-02-14 10:10:25,0.0025904104113578796,0.051722634583711624,Benign,0.998336136341095,0,0.0,Benign
2018-02-14 10:10:30,0.0023657612036913633,0.05019728094339371,Benign,0.9984709620475769,0,0.0,Benign
2018-02-14 10:10:35,0.0022229806054383516,0.04946468770503998,Benign,0.9985783100128174,0,0.0,Benign
2018-02-14 10:10:40,0.0021710763685405254,0.048524074256420135,Benign,0.9985999464988708,0,0.0,Benign
2018-02-14 10:10:45,0.002179680624976754,0.049702297896146774,Benign,0.9986332058906555,0,0.0,Benign
2018-02-14 10:10:50,0.0021739727817475796,0.05023767426609993,Benign,0.9986414313316345,0,0.0,Benign
2018-02-14 10:10:55,0.002003633650019765,0.04881222918629646,Benign,0.9987519979476929,0,0.0,Benign
2018-02-14 10:11:00,0.0019157021306455135,0.048364635556936264,Benign,0.9987990856170654,0,0.0,Benign
2018-02-14 10:11:05,0.001830007997341454,0.04699771851301193,Benign,0.9988386034965515,0,0.0,Benign
2018-02-14 10:11:10,0.0018510882509872317,0.047266051173210144,Benign,0.9988110065460205,0,0.0,Benign
2018-02-14 10:11:15,0.0018477750709280372,0.04667724668979645,Benign,0.9988162517547607,0,0.0,Benign
2018-02-14 10:11:20,0.0018768562003970146,0.0470711849629879,Benign,0.998773992061615,0,0.0,Benign
2018-02-14 10:11:25,0.0018285914557054639,0.04668085649609566,Benign,0.9988079071044922,0,0.0,Benign
2018-02-14 10:11:30,0.0017677751602604985,0.04563889652490616,Benign,0.9988569021224976,0,0.0,Benign
2018-02-14 10:11:35,0.001770601375028491,0.04566088318824768,Benign,0.9988452196121216,0,0.0,Benign
2018-02-14 10:11:40,0.0017209640936926007,0.04481758549809456,Benign,0.9988841414451599,0,0.0,Benign
2018-02-14 10:11:45,0.0017934605712071061,0.04511343687772751,Benign,0.998842179775238,0,0.0,Benign
2018-02-14 10:11:50,0.0017553871730342507,0.045082367956638336,Benign,0.998859167098999,0,0.0,Benign
2018-02-14 10:11:55,0.0017205224139615893,0.04488484188914299,Benign,0.9988818764686584,0,0.0,Benign
2018-02-14 10:12:00,0.0017349410336464643,0.04620843008160591,Benign,0.9988788962364197,0,0.0,Benign
2018-02-14 10:12:05,0.0016651008045300841,0.045395627617836,Benign,0.9989528656005859,0,0.0,Benign
2018-02-14 10:12:10,0.00163359590806067,0.04576588049530983,Benign,0.9989830851554871,0,0.0,Benign
2018-02-14 10:12:15,0.0016269810730591416,0.04662447050213814,Benign,0.9989815354347229,0,0.0,Benign
2018-02-14 10:12:20,0.0016160658560693264,0.04639211669564247,Benign,0.9989880919456482,0,0.0,Benign
2018-02-14 10:12:25,0.0016513975569978356,0.04647718369960785,Benign,0.9989520311355591,0,0.0,Benign
2018-02-14 10:12:30,0.0016482920618727803,0.04686731472611427,Benign,0.9989651441574097,0,0.0,Benign
2018-02-14 10:12:35,0.0016518441261723638,0.0470881350338459,Benign,0.9989529848098755,0,0.0,Benign
2018-02-14 10:12:40,0.0016442410415038466,0.046240292489528656,Benign,0.9989515542984009,0,0.0,Benign
2018-02-14 10:12:45,0.0016643329290673137,0.046825386583805084,Benign,0.9989940524101257,0,0.0,Benign
2018-02-14 10:12:50,0.0016765925101935863,0.048486411571502686,Benign,0.9989970326423645,0,0.0,Benign
2018-02-14 10:12:55,0.0016276054084300995,0.04886846989393234,Benign,0.9990265369415283,0,0.0,Benign
2018-02-14 10:13:00,0.001619343413040042,0.04889758676290512,Benign,0.9990116357803345,0,0.0,Benign
2018-02-14 10:13:05,0.0016356713604182005,0.05002085864543915,Benign,0.999006450176239,0,0.0,Benign
2018-02-14 10:13:10,0.0016141405794769526,0.04927515611052513,Benign,0.9989790916442871,0,0.0,Benign
2018-02-14 10:13:15,0.0016039412003010511,0.049280621111392975,Benign,0.9989925026893616,0,0.0,Benign
2018-02-14 10:13:20,0.0015493754763156176,0.04838704690337181,Benign,0.9989928603172302,0,0.0,Benign
2018-02-14 10:13:25,0.0015107380459085107,0.04737544432282448,Benign,0.9990031123161316,0,0.0,Benign
2018-02-14 10:13:30,0.0015486829215660691,0.04834979772567749,Benign,0.9989761114120483,0,0.0,Benign
2018-02-14 10:13:35,0.001560327596962452,0.04932078346610069,Benign,0.9989651441574097,0,0.0,Benign
2018-02-14 10:13:40,0.0015431459760293365,0.04975249618291855,Benign,0.9989141225814819,0,0.0,Benign
2018-02-14 10:13:45,0.0015246137045323849,0.04930340126156807,Benign,0.9989379048347473,0,0.0,Benign
2018-02-14 10:13:50,0.0015655822353437543,0.050437334924936295,Benign,0.9988730549812317,0,0.0,Benign
2018-02-14 10:13:55,0.0015655586030334234,0.05118320882320404,Benign,0.9987819790840149,0,0.0,Benign
2018-02-14 10:14:00,0.0016794282710179687,0.05205852538347244,Benign,0.9986417889595032,0,0.0,Benign
2018-02-14 10:14:05,0.0016950395656749606,0.05232956260442734,Benign,0.9985742568969727,0,0.0,Benign
2018-02-14 10:14:10,0.0017081373371183872,0.05249154567718506,Benign,0.9984606504440308,0,0.0,Benign
2018-02-14 10:14:15,0.0016860265750437975,0.05255868285894394,Benign,0.9984079003334045,0,0.0,Benign
2018-02-14 10:14:20,0.0016169985756278038,0.05166191607713699,Benign,0.9984754920005798,0,0.0,Benign
2018-02-14 10:14:25,0.001556759118102491,0.0507035106420517,Benign,0.9985448122024536,0,0.0,Benign
2018-02-14 10:14:30,0.0015897349221631885,0.05014690384268761,Benign,0.9985163807868958,0,0.0,Benign
2018-02-14 10:14:35,0.0015493362443521619,0.04963759705424309,Benign,0.9986370205879211,0,0.0,Benign
2018-02-14 10:14:40,0.001490431954152882,0.047439251095056534,Benign,0.9987196922302246,0,0.0,Benign
2018-02-14 10:14:45,0.0015394754009321332,0.047179967164993286,Benign,0.9986252784729004,0,0.0,Benign
2018-02-14 10:14:50,0.0015625793021172285,0.047205664217472076,Benign,0.998604953289032,0,0.0,Benign
2018-02-14 10:14:55,0.0015464563621208072,0.04741470143198967,Benign,0.9985941052436829,0,0.0,Benign
2018-02-14 10:15:00,0.0015095681883394718,0.04713599011301994,Benign,0.9986397624015808,0,0.0,Benign
2018-02-14 10:15:05,0.0015005884924903512,0.04679000377655029,Benign,0.9986901879310608,0,0.0,Benign
2018-02-14 10:15:10,0.001513068680651486,0.04681023955345154,Benign,0.9986580610275269,0,0.0,Benign
2018-02-14 10:15:15,0.0014905348652973771,0.04701342061161995,Benign,0.998747706413269,0,0.0,Benign
2018-02-14 10:15:20,0.001485717366449535,0.04607565328478813,Benign,0.9987642765045166,0,0.0,Benign
2018-02-14 10:15:25,0.0015117559814825654,0.04658358544111252,Benign,0.998777449131012,0,0.0,Benign
2018-02-14 10:15:30,0.0015178084140643477,0.04624646529555321,Benign,0.9988179802894592,0,0.0,Benign
2018-02-14 10:15:35,0.0015379905235022306,0.047093477100133896,Benign,0.9988850951194763,0,0.0,Benign
2018-02-14 10:15:40,0.0015342773403972387,0.04667871445417404,Benign,0.9989408850669861,0,0.0,Benign
2018-02-14 10:15:45,0.0015711175510659814,0.04782484099268913,Benign,0.9989417195320129,0,0.0,Benign
2018-02-14 10:15:50,0.0015899460995569825,0.04802196845412254,Benign,0.9989577531814575,0,0.0,Benign
2018-02-14 10:15:55,0.001595321111381054,0.04897800087928772,Benign,0.9989596605300903,0,0.0,Benign
2018-02-14 10:16:00,0.0016083536902442575,0.04973898455500603,Benign,0.9989602565765381,0,0.0,Benign
2018-02-14 10:16:05,0.0016351372469216585,0.05054927617311478,Benign,0.9989297986030579,0,0.0,Benign
2018-02-14 10:16:10,0.001634316286072135,0.04963995888829231,Benign,0.998925507068634,0,0.0,Benign
2018-02-14 10:16:15,0.001644349074922502,0.04904938489198685,Benign,0.998927652835846,0,0.0,Benign
2018-02-14 10:16:20,0.001617588335648179,0.04792022332549095,Benign,0.998961329460144,0,0.0,Benign
2018-02-14 10:16:25,0.0015891417860984802,0.045359645038843155,Benign,0.9989801049232483,0,0.0,Benign
2018-02-14 10:16:30,0.0016685787122696638,0.04576833173632622,Benign,0.9989172220230103,0,0.0,Benign
2018-02-14 10:16:35,0.0016997510101646185,0.0458441823720932,Benign,0.9988942742347717,0,0.0,Benign
2018-02-14 10:16:40,0.0017322796629741788,0.04564579203724861,Benign,0.9988768696784973,0,0.0,Benign
2018-02-14 10:16:45,0.001758507452905178,0.0458516851067543,Benign,0.998845100402832,0,0.0,Benign
2018-02-14 10:16:50,0.0018300400115549564,0.04556002840399742,Benign,0.9987664222717285,0,0.0,Benign
2018-02-14 10:16:55,0.0019575583282858133,0.04708331078290939,Benign,0.99854576587677,0,0.0,Benign
2018-02-14 10:17:00,0.002047026064246893,0.049895212054252625,Benign,0.9984180927276611,0,0.0,Benign
2018-02-14 10:17:05,0.0019803056493401527,0.0514611154794693,Benign,0.9983343482017517,0,0.0,Benign
2018-02-14 10:17:10,0.0019360644510015845,0.05284933000802994,Benign,0.9983313679695129,0,0.0,Benign
2018-02-14 10:17:15,0.0019874090794473886,0.05400428920984268,Benign,0.9982241988182068,0,0.0,Benign
2018-02-14 10:17:20,0.0020120141562074423,0.05444188043475151,Benign,0.9981793165206909,0,0.0,Benign
2018-02-14 10:17:25,0.002022278495132923,0.055214621126651764,Benign,0.9981597065925598,0,0.0,Benign
2018-02-14 10:17:30,0.0020598736591637135,0.05550188571214676,Benign,0.9980093836784363,0,0.0,Benign
2018-02-14 10:17:35,0.0021091075614094734,0.05628413334488869,Benign,0.9979038238525391,0,0.0,Benign
2018-02-14 10:17:40,0.00211276370100677,0.05631321296095848,Benign,0.9978542923927307,0,0.0,Benign
2018-02-14 10:17:45,0.002027874579653144,0.05524546280503273,Benign,0.9979603290557861,0,0.0,Benign
2018-02-14 10:17:50,0.001991673605516553,0.05421978980302811,Benign,0.9978995323181152,0,0.0,Benign
2018-02-14 10:17:55,0.002035041805356741,0.055230043828487396,Benign,0.9978464841842651,0,0.0,Benign
2018-02-14 10:18:00,0.0020956771913915873,0.055860087275505066,Benign,0.99777752161026,0,0.0,Benign
2018-02-14 10:18:05,0.0020789483096450567,0.05441710352897644,Benign,0.9978206157684326,0,0.0,Benign
2018-02-14 10:18:10,0.0020709980744868517,0.05401178449392319,Benign,0.9978561997413635,0,0.0,Benign
2018-02-14 10:18:15,0.002059369580820203,0.053299471735954285,Benign,0.9979161620140076,0,0.0,Benign
2018-02-14 10:18:20,0.002079467987641692,0.05302129685878754,Benign,0.9979401230812073,0,0.0,Benign
2018-02-14 10:18:25,0.002041757805272937,0.05392519012093544,Benign,0.9980854988098145,0,0.0,Benign
2018-02-14 10:18:30,0.0019356257980689406,0.051825955510139465,Benign,0.9982765913009644,0,0.0,Benign
2018-02-14 10:18:35,0.0018653745064511895,0.05101345479488373,Benign,0.9984467625617981,0,0.0,Benign
2018-02-14 10:18:40,0.0018571491818875074,0.05171038210391998,Benign,0.9984384179115295,0,0.0,Benign
2018-02-14 10:18:45,0.0019218077650293708,0.0541999489068985,Benign,0.9983620047569275,0,0.0,Benign
2018-02-14 10:18:50,0.0019750972278416157,0.05580546334385872,Benign,0.9983150959014893,0,0.0,Benign
2018-02-14 10:18:55,0.002091978909447789,0.05761976167559624,Benign,0.9982738494873047,0,0.0,Benign
2018-02-14 10:19:00,0.002131629502400756,0.05876053497195244,Benign,0.9982195496559143,0,0.0,Benign
2018-02-14 10:19:05,0.002085765590891242,0.05754569172859192,Benign,0.9982256293296814,0,0.0,Benign
2018-02-14 10:19:10,0.001908862846903503,0.055137086659669876,Benign,0.9983843564987183,0,0.0,Benign
2018-02-14 10:19:15,0.001824847306124866,0.05400579050183296,Benign,0.9984201192855835,0,0.0,Benign
2018-02-14 10:19:20,0.001761624705977738,0.05323085933923721,Benign,0.9984727501869202,0,0.0,Benign
2018-02-14 10:19:25,0.0017096209339797497,0.05245329067111015,Benign,0.9985129237174988,0,0.0,Benign
2018-02-14 10:19:30,0.0016075561288744211,0.05081315338611603,Benign,0.9986760020256042,0,0.0,Benign
2018-02-14 10:19:35,0.0016289356863126159,0.050785716623067856,Benign,0.9986521601676941,0,0.0,Benign
2018-02-14 10:19:40,0.0015610140981152654,0.048158612102270126,Benign,0.9987279772758484,0,0.0,Benign
2018-02-14 10:19:45,0.0015526384813711047,0.04697418585419655,Benign,0.9987603425979614,0,0.0,Benign
2018-02-14 10:19:50,0.0015702350065112114,0.04635892063379288,Benign,0.9987804293632507,0,0.0,Benign
2018-02-14 10:19:55,0.001579633797518909,0.04474462941288948,Benign,0.9988052845001221,0,0.0,Benign
2018-02-14 10:20:00,0.001657866989262402,0.044728003442287445,Benign,0.9987433552742004,0,0.0,Benign
2018-02-14 10:20:05,0.0017133245710283518,0.044207677245140076,Benign,0.9986644983291626,0,0.0,Benign
2018-02-14 10:20:10,0.001777546014636755,0.044836319983005524,Benign,0.9985853433609009,0,0.0,Benign
2018-02-14 10:20:15,0.0018049473874270916,0.04464316368103027,Benign,0.9985190033912659,0,0.0,Benign
2018-02-14 10:20:20,0.0018740935483947396,0.04570964723825455,Benign,0.9983970522880554,0,0.0,Benign
2018-02-14 10:20:25,0.0019066400127485394,0.04750785231590271,Benign,0.9982771873474121,0,0.0,Benign
2018-02-14 10:20:30,0.001918069552630186,0.04980766773223877,Benign,0.9982364177703857,0,0.0,Benign
2018-02-14 10:20:35,0.0018984607886523008,0.04910380393266678,Benign,0.9982947707176208,0,0.0,Benign
2018-02-14 10:20:40,0.001873936620540917,0.05008573830127716,Benign,0.9983322024345398,0,0.0,Benign
2018-02-14 10:20:45,0.0017957995878532529,0.049016691744327545,Benign,0.9984028935432434,0,0.0,Benign
2018-02-14 10:20:50,0.0017587544862180948,0.049276262521743774,Benign,0.9983823299407959,0,0.0,Benign
2018-02-14 10:20:55,0.001831492641940713,0.052510328590869904,Benign,0.9983148574829102,0,0.0,Benign
2018-02-14 10:21:00,0.001839159056544304,0.053438592702150345,Benign,0.998332679271698,0,0.0,Benign
2018-02-14 10:21:05,0.0017226991476491094,0.051711127161979675,Benign,0.9984453320503235,0,0.0,Benign
2018-02-14 10:21:10,0.001727672410197556,0.0518220029771328,Benign,0.9984961748123169,0,0.0,Benign
2018-02-14 10:21:15,0.001665025483816862,0.050738804042339325,Benign,0.9986308217048645,0,0.0,Benign
2018-02-14 10:21:20,0.0016403148183599114,0.04882347211241722,Benign,0.998691976070404,0,0.0,Benign
2018-02-14 10:21:25,0.0016504789236932993,0.048343997448682785,Benign,0.9986705780029297,0,0.0,Benign
2018-02-14 10:21:30,0.0016634537605568767,0.047432396560907364,Benign,0.9986095428466797,0,0.0,Benign
2018-02-14 10:21:35,0.0017158107366412878,0.04829151928424835,Benign,0.9985504746437073,0,0.0,Benign
2018-02-14 10:21:40,0.001710161566734314,0.04780580848455429,Benign,0.9985571503639221,0,0.0,Benign
2018-02-14 10:21:45,0.001683456008322537,0.04737278074026108,Benign,0.9986218214035034,0,0.0,Benign
2018-02-14 10:21:50,0.0017176606925204396,0.047920919954776764,Benign,0.9986312985420227,0,0.0,Benign
2018-02-14 10:21:55,0.0016994185280054808,0.04753550887107849,Benign,0.9987727999687195,0,0.0,Benign
2018-02-14 10:22:00,0.0017713733250275254,0.04735992103815079,Benign,0.9987699389457703,0,0.0,Benign
2018-02-14 10:22:05,0.0018090809462592006,0.04677398130297661,Benign,0.9987634420394897,0,0.0,Benign
2018-02-14 10:22:10,0.0018923755269497633,0.04796096310019493,Benign,0.9987162351608276,0,0.0,Benign
2018-02-14 10:22:15,0.0018587445374578238,0.047947999089956284,Benign,0.9987884163856506,0,0.0,Benign
2018-02-14 10:22:20,0.001883848337456584,0.046636249870061874,Benign,0.9987297654151917,0,0.0,Benign
2018-02-14 10:22:25,0.0019747731275856495,0.046366091817617416,Benign,0.9986398816108704,0,0.0,Benign
2018-02-14 10:22:30,0.002116862451657653,0.04795445501804352,Benign,0.9985525012016296,0,0.0,Benign
2018-02-14 10:22:35,0.0022953178267925978,0.04972828924655914,Benign,0.9984534978866577,0,0.0,Benign
2018-02-14 10:22:40,0.002439442789182067,0.052483491599559784,Benign,0.9983812570571899,0,0.0,Benign
2018-02-14 10:22:45,0.0025285242591053247,0.054025713354349136,Benign,0.9983397722244263,0,0.0,Benign
2018-02-14 10:22:50,0.0025910385884344578,0.05534565821290016,Benign,0.9983319640159607,0,0.0,Benign
2018-02-14 10:22:55,0.0026643278542906046,0.05721728503704071,Benign,0.9983422756195068,0,0.0,Benign
2018-02-14 10:23:00,0.002398820361122489,0.05587311089038849,Benign,0.9985272884368896,0,0.0,Benign
2018-02-14 10:23:05,0.002271306933835149,0.05473892763257027,Benign,0.9985883831977844,0,0.0,Benign
2018-02-14 10:23:10,0.0022493298165500164,0.0543823316693306,Benign,0.9985829591751099,0,0.0,Benign
2018-02-14 10:23:15,0.0021580224856734276,0.05307949334383011,Benign,0.9986236095428467,0,0.0,Benign
2018-02-14 10:23:20,0.002108234679326415,0.05239522457122803,Benign,0.998661994934082,0,0.0,Benign
2018-02-14 10:23:25,0.0021626604720950127,0.0510403998196125,Benign,0.9985696077346802,0,0.0,Benign
2018-02-14 10:23:30,0.002247623633593321,0.05117468908429146,Benign,0.9984989166259766,0,0.0,Benign
2018-02-14 10:23:35,0.00233609601855278,0.050804898142814636,Benign,0.9984192848205566,0,0.0,Benign
2018-02-14 10:23:40,0.0024701370857656,0.05282978713512421,Benign,0.9983556866645813,0,0.0,Benign
2018-02-14 10:23:45,0.0025455362629145384,0.053492333739995956,Benign,0.9983264803886414,0,0.0,Benign
2018-02-14 10:23:50,0.0026978440582752228,0.053615257143974304,Benign,0.9982282519340515,0,0.0,Benign
2018-02-14 10:23:55,0.0027610782999545336,0.05422327294945717,Benign,0.9981967806816101,0,0.0,Benign
2018-02-14 10:24:00,0.002750461222603917,0.05541939660906792,Benign,0.9981978535652161,0,0.0,Benign
2018-02-14 10:24:05,0.0026189377531409264,0.05473601818084717,Benign,0.9982801675796509,0,0.0,Benign
2018-02-14 10:24:10,0.0025217647198587656,0.05496103689074516,Benign,0.9983500242233276,0,0.0,Benign
2018-02-14 10:24:15,0.0024469352792948484,0.055666483938694,Benign,0.9984384179115295,0,0.0,Benign
2018-02-14 10:24:20,0.002319320570677519,0.054912373423576355,Benign,0.9985095858573914,0,0.0,Benign
2018-02-14 10:24:25,0.0022050905972719193,0.05447980388998985,Benign,0.9985969662666321,0,0.0,Benign
2018-02-14 10:24:30,0.0020367070101201534,0.05246690660715103,Benign,0.9986972212791443,0,0.0,Benign
2018-02-14 10:24:35,0.00203264900483191,0.051926907151937485,Benign,0.9986777901649475,0,0.0,Benign
2018-02-14 10:24:40,0.002018799539655447,0.05153661221265793,Benign,0.9986944794654846,0,0.0,Benign
2018-02-14 10:24:45,0.0019000709289684892,0.04951201379299164,Benign,0.9987422823905945,0,0.0,Benign
2018-02-14 10:24:50,0.0020168262999504805,0.04981842637062073,Benign,0.998666524887085,0,0.0,Benign
2018-02-14 10:24:55,0.0021382721606642008,0.0494527742266655,Benign,0.9985508322715759,0,0.0,Benign
2018-02-14 10:25:00,0.0021535647101700306,0.04712214693427086,Benign,0.9985467791557312,0,0.0,Benign
2018-02-14 10:25:05,0.0022588816937059164,0.04584945738315582,Benign,0.9984571933746338,0,0.0,Benign
2018-02-14 10:25:10,0.0023923807311803102,0.04581088572740555,Benign,0.998365581035614,0,0.0,Benign
2018-02-14 10:25:15,0.002537229796871543,0.04579794406890869,Benign,0.9982847571372986,0,0.0,Benign
2018-02-14 10:25:20,0.0026009813882410526,0.047854579985141754,Benign,0.9982683658599854,0,0.0,Benign
2018-02-14 10:25:25,0.002482777461409569,0.04883597418665886,Benign,0.9983456134796143,0,0.0,Benign
2018-02-14 10:25:30,0.0023479771334677935,0.0489613302052021,Benign,0.9984337687492371,0,0.0,Benign
2018-02-14 10:25:35,0.0022992193698883057,0.04779146611690521,Benign,0.998467743396759,0,0.0,Benign
2018-02-14 10:25:40,0.0022397625725716352,0.04826684296131134,Benign,0.998544454574585,0,0.0,Benign
2018-02-14 10:25:45,0.0022145789116621017,0.047643326222896576,Benign,0.9985747337341309,0,0.0,Benign
2018-02-14 10:25:50,0.0023216442205011845,0.047109510749578476,Benign,0.9985148310661316,0,0.0,Benign
2018-02-14 10:25:55,0.002486699027940631,0.04645698890089989,Benign,0.9984155893325806,0,0.0,Benign
2018-02-14 10:26:00,0.002743706339970231,0.04587909206748009,Benign,0.9982740879058838,0,0.0,Benign
2018-02-14 10:26:05,0.0029318323358893394,0.047029267996549606,Benign,0.9982032775878906,0,0.0,Benign
2018-02-14 10:26:10,0.003059936920180917,0.04729487746953964,Benign,0.9981556534767151,0,0.0,Benign
2018-02-14 10:26:15,0.003057379275560379,0.04791441559791565,Benign,0.9981641173362732,0,0.0,Benign
2018-02-14 10:26:20,0.0032801050692796707,0.04835643991827965,Benign,0.9979838132858276,0,0.0,Benign
2018-02-14 10:26:25,0.003647579113021493,0.0494268424808979,Benign,0.9977243542671204,0,0.0,Benign
2018-02-14 10:26:30,0.004024398513138294,0.05171199515461922,Benign,0.9974333643913269,0,0.0,Benign
2018-02-14 10:26:35,0.00413466477766633,0.05268889293074608,Benign,0.9973487854003906,0,0.0,Benign
2018-02-14 10:26:40,0.004211823921650648,0.056041982024908066,Benign,0.9972725510597229,0,0.0,Benign
2018-02-14 10:26:45,0.004028997849673033,0.057641517370939255,Benign,0.9974088072776794,0,0.0,Benign
2018-02-14 10:26:50,0.004163659643381834,0.060129400342702866,Benign,0.99732506275177,0,0.0,Benign
2018-02-14 10:26:55,0.004472504835575819,0.0623755045235157,Benign,0.9971503615379333,0,0.0,Benign
2018-02-14 10:27:00,0.005973602179437876,0.06938334554433823,Benign,0.996390163898468,0,0.0,Benign
2018-02-14 10:27:05,0.006520598661154509,0.0730704665184021,Benign,0.9960973858833313,0,0.0,Benign
2018-02-14 10:27:10,0.007744033820927143,0.0762384831905365,Benign,0.9953885078430176,0,0.0,Benign
2018-02-14 10:27:15,0.007898019626736641,0.07553092390298843,Benign,0.9952143430709839,0,0.0,Benign
2018-02-14 10:27:20,0.008243614807724953,0.07916116714477539,Benign,0.9948391318321228,0,0.0,Benign
2018-02-14 10:27:25,0.007204093504697084,0.08000674098730087,Benign,0.9953950047492981,0,0.0,Benign
2018-02-14 10:27:30,0.004914268385618925,0.0723954364657402,Benign,0.9969238638877869,0,0.0,Benign
2018-02-14 10:27:35,0.003613734384998679,0.06529340147972107,Benign,0.9977954626083374,0,0.0,Benign
2018-02-14 10:27:40,0.002782706869766116,0.060005128383636475,Benign,0.9982845187187195,0,0.0,Benign
2018-02-14 10:27:45,0.002385248662903905,0.05860666558146477,Benign,0.9984967708587646,0,0.0,Benign
2018-02-14 10:27:50,0.002209769794717431,0.057559218257665634,Benign,0.9985003471374512,0,0.0,Benign
2018-02-14 10:27:55,0.002058317419141531,0.05613141506910324,Benign,0.998522937297821,0,0.0,Benign
2018-02-14 10:28:00,0.0018536997959017754,0.05485180392861366,Benign,0.99859219789505,0,0.0,Benign
2018-02-14 10:28:05,0.0017200622241944075,0.052658554166555405,Benign,0.998670220375061,0,0.0,Benign
2018-02-14 10:28:10,0.0016596302157267928,0.050921984016895294,Benign,0.9986715316772461,0,0.0,Benign
2018-02-14 10:28:15,0.0016175976488739252,0.04851768910884857,Benign,0.9986289739608765,0,0.0,Benign
2018-02-14 10:28:20,0.0016626627184450626,0.04875766113400459,Benign,0.9985053539276123,0,0.0,Benign
2018-02-14 10:28:25,0.001694956561550498,0.049719322472810745,Benign,0.9983929991722107,0,0.0,Benign
2018-02-14 10:28:30,0.0017445632256567478,0.05059758201241493,Benign,0.9983304142951965,0,0.0,Benign
2018-02-14 10:28:35,0.001741609419696033,0.05090538412332535,Benign,0.998330295085907,0,0.0,Benign
2018-02-14 10:28:40,0.0016986913979053497,0.05065655708312988,Benign,0.9983106851577759,0,0.0,Benign
2018-02-14 10:28:45,0.0016421956242993474,0.05017929896712303,Benign,0.9983900785446167,0,0.0,Benign
2018-02-14 10:28:50,0.0016025701770558953,0.050697583705186844,Benign,0.9984312653541565,0,0.0,Benign
2018-02-14 10:28:55,0.001574837020598352,0.0505608431994915,Benign,0.9985731840133667,0,0.0,Benign
2018-02-14 10:29:00,0.0015291390009224415,0.049354322254657745,Benign,0.9986888766288757,0,0.0,Benign
2018-02-14 10:29:05,0.0015316001372411847,0.049605824053287506,Benign,0.9987649917602539,0,0.0,Benign
2018-02-14 10:29:10,0.001496857963502407,0.04905374348163605,Benign,0.9988400340080261,0,0.0,Benign
2018-02-14 10:29:15,0.001475396566092968,0.04744332283735275,Benign,0.9989105463027954,0,0.0,Benign
2018-02-14 10:29:20,0.0015017770929262042,0.04668497294187546,Benign,0.9989365935325623,0,0.0,Benign
2018-02-14 10:29:25,0.0014725577784702182,0.045636821538209915,Benign,0.9990023970603943,0,0.0,Benign
2018-02-14 10:29:30,0.0014644867042079568,0.04518328607082367,Benign,0.9990257024765015,0,0.0,Benign
2018-02-14 10:29:35,0.001452492200769484,0.04407699033617973,Benign,0.9990547299385071,0,0.0,Benign
2018-02-14 10:29:40,0.001462720800191164,0.04414517059922218,Benign,0.9990378618240356,0,0.0,Benign
2018-02-14 10:29:45,0.0015129982493817806,0.045363351702690125,Benign,0.9989691972732544,0,0.0,Benign
2018-02-14 10:29:50,0.0014932916965335608,0.04494239017367363,Benign,0.99899822473526,0,0.0,Benign
2018-02-14 10:29:55,0.0014869424048811197,0.04411492869257927,Benign,0.9990142583847046,0,0.0,Benign
2018-02-14 10:30:00,0.0015123808989301324,0.04408836364746094,Benign,0.9990195035934448,0,0.0,Benign
2018-02-14 10:30:05,0.001522120088338852,0.044488005340099335,Benign,0.9990229606628418,0,0.0,Benign
2018-02-14 10:30:10,0.0015436146641150117,0.04512050375342369,Benign,0.9990206956863403,0,0.0,Benign
2018-02-14 10:30:15,0.0016117532504722476,0.04537501186132431,Benign,0.9989351630210876,0,0.0,Benign
2018-02-14 10:30:20,0.0016537475166842341,0.046935249119997025,Benign,0.9988375306129456,0,0.0,Benign
2018-02-14 10:30:25,0.0017158156260848045,0.04728970676660538,Benign,0.998665452003479,0,0.0,Benign
2018-02-14 10:30:30,0.0017889216542243958,0.04982045665383339,Benign,0.9984380602836609,0,0.0,Benign
2018-02-14 10:30:35,0.001925158896483481,0.05114063248038292,Benign,0.9982271790504456,0,0.0,Benign
2018-02-14 10:30:40,0.0019476485904306173,0.05231696367263794,Benign,0.9981826543807983,0,0.0,Benign
2018-02-14 10:30:45,0.0019426868529990315,0.05254077911376953,Benign,0.998206377029419,0,0.0,Benign
2018-02-14 10:30:50,0.0019312312360852957,0.05274070426821709,Benign,0.9981933236122131,0,0.0,Benign
2018-02-14 10:30:55,0.0018972957041114569,0.0527646504342556,Benign,0.9982064962387085,0,0.0,Benign
2018-02-14 10:31:00,0.0018507951172068715,0.05293930694460869,Benign,0.9982448816299438,0,0.0,Benign
2018-02-14 10:31:05,0.0018140466418117285,0.0528792105615139,Benign,0.9982398748397827,0,0.0,Benign
2018-02-14 10:31:10,0.0017885667039081454,0.05270029231905937,Benign,0.9982365369796753,0,0.0,Benign
2018-02-14 10:31:15,0.0017790687270462513,0.051585603505373,Benign,0.9983093738555908,0,0.0,Benign
2018-02-14 10:31:20,0.0017827096162363887,0.05115007236599922,Benign,0.9983119964599609,0,0.0,Benign
2018-02-14 10:31:25,0.0018572137923911214,0.051948193460702896,Benign,0.9982660412788391,0,0.0,Benign
2018-02-14 10:31:30,0.0018824080470949411,0.05225946009159088,Benign,0.9982314705848694,0,0.0,Benign
2018-02-14 10:31:35,0.0018297978676855564,0.05134769156575203,Benign,0.9983125925064087,0,0.0,Benign
2018-02-14 10:31:40,0.001831456902436912,0.05185054987668991,Benign,0.9982765913009644,0,0.0,Benign
2018-02-14 10:31:45,0.0018089190125465393,0.05200391262769699,Benign,0.9982654452323914,0,0.0,Benign
2018-02-14 10:31:50,0.0017935573123395443,0.05204739421606064,Benign,0.9982876181602478,0,0.0,Benign
2018-02-14 10:31:55,0.0017202701419591904,0.05076330155134201,Benign,0.9983416795730591,0,0.0,Benign
2018-02-14 10:32:00,0.0017561750719323754,0.05092182382941246,Benign,0.9983217120170593,0,0.0,Benign
2018-02-14 10:32:05,0.0017771864077076316,0.05104553699493408,Benign,0.9982775449752808,0,0.0,Benign
2018-02-14 10:32:10,0.0017772854771465063,0.051559410989284515,Benign,0.9982511401176453,0,0.0,Benign
2018-02-14 10:32:15,0.0017720051109790802,0.051517780870199203,Benign,0.998325526714325,0,0.0,Benign
2018-02-14 10:32:20,0.0018090707017108798,0.05142597481608391,Benign,0.998371422290802,0,0.0,Benign
2018-02-14 10:32:25,0.0018019258277490735,0.05176220461726189,Benign,0.998337984085083,0,0.0,Benign
2018-02-14 10:32:30,0.0017629509093239903,0.051288850605487823,Benign,0.9983296990394592,0,0.0,Benign
2018-02-14 10:32:35,0.0017727069789543748,0.051732249557971954,Benign,0.9982271790504456,0,0.0,Benign
2018-02-14 10:32:40,0.0017677592113614082,0.05109045282006264,Benign,0.9982843995094299,0,0.0,Benign
2018-02-14 10:32:45,0.001811414142139256,0.05141240358352661,Benign,0.9982932209968567,0,0.0,Benign
2018-02-14 10:32:50,0.0017738447058945894,0.05119289457798004,Benign,0.9983008503913879,0,0.0,Benign
2018-02-14 10:32:55,0.0018602729542180896,0.05157415196299553,Benign,0.9982524514198303,0,0.0,Benign
2018-02-14 10:33:00,0.0018549381056800485,0.051366135478019714,Benign,0.9982328414916992,0,0.0,Benign
2018-02-14 10:33:05,0.0018731902819126844,0.05139688029885292,Benign,0.9981993436813354,0,0.0,Benign
2018-02-14 10:33:10,0.0019238439854234457,0.05133427679538727,Benign,0.9981039762496948,0,0.0,Benign
2018-02-14 10:33:15,0.0019428891828283668,0.05217057839035988,Benign,0.9980351328849792,0,0.0,Benign
2018-02-14 10:33:20,0.0019444589270278811,0.05207857862114906,Benign,0.9980136156082153,0,0.0,Benign
2018-02-14 10:33:25,0.0019363361643627286,0.051494963467121124,Benign,0.9980430603027344,1,0.1304347826086956,Initial Access
2018-02-14 10:33:30,0.0020309502724558115,0.05270176753401756,Benign,0.9978998899459839,1,0.1312217194570135,Initial Access
2018-02-14 10:33:35,0.0020942327100783587,0.052821557968854904,Benign,0.9978639483451843,1,0.2138364779874214,Initial Access
2018-02-14 10:33:40,0.0021818866953253746,0.053623445332050323,Benign,0.9977673292160034,1,0.2222222222222222,Initial Access
2018-02-14 10:33:45,0.0023419498465955257,0.05409916117787361,Benign,0.997631311416626,1,0.2377622377622377,Initial Access
2018-02-14 10:33:50,0.0026235426776111126,0.056158047169446945,Benign,0.9972683191299438,1,0.2222222222222222,Initial Access
2018-02-14 10:33:55,0.002843360183760524,0.05812453851103783,Benign,0.9970771074295044,1,0.2745098039215686,Initial Access
2018-02-14 10:34:00,0.0034786651376634836,0.0637420192360878,Benign,0.9964145421981812,1,0.2601626016260163,Initial Access
2018-02-14 10:34:05,0.004161125514656305,0.0688634067773819,Benign,0.995750904083252,1,0.2608695652173913,Initial Access
2018-02-14 10:34:10,0.004970304202288389,0.07480109483003616,Benign,0.9950200319290161,1,0.1901840490797546,Initial Access
2018-02-14 10:34:15,0.005380266346037388,0.07862833887338638,Benign,0.9946557283401489,1,0.2116788321167883,Initial Access
2018-02-14 10:34:20,0.0066872513853013515,0.0877549946308136,Benign,0.9935579895973206,1,0.2297297297297297,Initial Access
2018-02-14 10:34:25,0.010324002243578434,0.10883984714746475,Benign,0.9902926683425903,1,0.1612903225806451,Initial Access
2018-02-14 10:34:30,0.016829825937747955,0.1291351020336151,Benign,0.985737681388855,1,0.2279411764705882,Initial Access
2018-02-14 10:34:35,0.025041120126843452,0.1466037631034851,Benign,0.9805272817611694,1,0.2264150943396226,Initial Access
2018-02-14 10:34:40,0.026325687766075134,0.15062902867794037,Benign,0.9794735312461853,1,0.2538461538461538,Initial Access
2018-02-14 10:34:45,0.042073581367731094,0.17882117629051208,Benign,0.9679292440414429,1,0.2518518518518518,Initial Access
2018-02-14 10:34:50,0.027485491707921028,0.1562267541885376,Benign,0.9782699346542358,1,0.2222222222222222,Initial Access
2018-02-14 10:34:55,0.04955625161528587,0.18797196447849274,Benign,0.9628167152404785,1,0.2871287128712871,Initial Access
2018-02-14 10:35:00,0.06353018432855606,0.2009914517402649,Benign,0.9520547986030579,1,0.3333333333333333,Initial Access
2018-02-14 10:35:05,0.08722874522209167,0.22280330955982208,Benign,0.9346752762794495,1,0.180722891566265,Initial Access
2018-02-14 10:35:10,0.07399184256792068,0.21072138845920563,Benign,0.9435083270072937,1,0.1,Initial Access
2018-02-14 10:35:15,0.0696534812450409,0.209664985537529,Benign,0.9467356204986572,1,0.102803738317757,Initial Access
2018-02-14 10:35:20,0.04175516590476036,0.18424968421459198,Benign,0.9685723185539246,1,0.2363636363636363,Initial Access
2018-02-14 10:35:25,0.024058880284428596,0.15794126689434052,Benign,0.9820417165756226,1,0.32,Initial Access
2018-02-14 10:35:30,0.015601946040987968,0.13658106327056885,Benign,0.9878801703453064,1,0.1907894736842105,Initial Access
2018-02-14 10:35:35,0.011383717879652977,0.12320812046527863,Benign,0.9906330108642578,1,0.3304347826086956,Initial Access
2018-02-14 10:35:40,0.008858065120875835,0.11033821851015091,Benign,0.9923445582389832,1,0.3297872340425531,Initial Access
2018-02-14 10:35:45,0.008187061175704002,0.1044100821018219,Benign,0.9928389191627502,1,0.1823899371069182,Initial Access
2018-02-14 10:35:50,0.007138323504477739,0.09930165857076645,Benign,0.9937089681625366,1,0.1975308641975308,Initial Access
2018-02-14 10:35:55,0.007499780040234327,0.10054261982440948,Benign,0.9937241673469543,1,0.2892561983471074,Initial Access
2018-02-14 10:36:00,0.007699949201196432,0.09968658536672592,Benign,0.993656575679779,1,0.1159420289855072,Initial Access
2018-02-14 10:36:05,0.007395646069198847,0.09930374473333359,Benign,0.9938796758651733,1,0.367816091954023,Initial Access
2018-02-14 10:36:10,0.009698175825178623,0.10758590698242188,Benign,0.9919969439506531,1,0.2890625,Initial Access
2018-02-14 10:36:15,0.011523043736815453,0.11437847465276718,Benign,0.9905604720115662,1,0.2846715328467153,Initial Access
2018-02-14 10:36:20,0.013980935327708721,0.12087216973304749,Benign,0.9890861511230469,1,0.2264150943396226,Initial Access
2018-02-14 10:36:25,0.017230328172445297,0.12974175810813904,Benign,0.9868775010108948,1,0.3333333333333333,Initial Access
2018-02-14 10:36:30,0.024646978825330734,0.1460132598876953,Benign,0.9813993573188782,1,0.2230215827338129,Initial Access
2018-02-14 10:36:35,0.02917388454079628,0.15374504029750824,Benign,0.9777736663818359,1,0.1674641148325359,Initial Access
2018-02-14 10:36:40,0.02821597270667553,0.15125232934951782,Benign,0.9784961938858032,1,0.3428571428571428,Initial Access
2018-02-14 10:36:45,0.02755405753850937,0.14235660433769226,Benign,0.9791409373283386,1,0.3888888888888889,Initial Access
2018-02-14 10:36:50,0.039523132145404816,0.15809012949466705,Benign,0.9703191518783569,1,0.0946372239747634,Initial Access
2018-02-14 10:36:55,0.08487343788146973,0.2192985862493515,Benign,0.9326761960983276,1,0.2403100775193798,Initial Access
2018-02-14 10:37:00,0.2222827672958374,0.30802780389785767,Benign,0.8118205070495605,1,0.3185840707964602,Initial Access
2018-02-14 10:37:05,0.304619699716568,0.3542320132255554,Benign,0.7335198521614075,1,0.2844036697247706,Initial Access
2018-02-14 10:37:10,0.26371970772743225,0.33870258927345276,Benign,0.7759528756141663,1,0.2950819672131147,Initial Access
2018-02-14 10:37:15,0.2642412483692169,0.34129783511161804,Benign,0.7750703692436218,1,0.2372881355932203,Initial Access
2018-02-14 10:37:20,0.19408534467220306,0.30399876832962036,Benign,0.8359156847000122,1,0.141025641025641,Initial Access
2018-02-14 10:37:25,0.13223855197429657,0.2681712806224823,Benign,0.8874228596687317,1,0.1197411003236245,Initial Access
2018-02-14 10:37:30,0.12800095975399017,0.268362820148468,Benign,0.8887261748313904,1,0.1614906832298136,Initial Access
2018-02-14 10:37:35,0.13517913222312927,0.27771425247192383,Benign,0.8833596110343933,1,0.0839506172839506,Initial Access
2018-02-14 10:37:40,0.08723184466362,0.24443499743938446,Benign,0.9252764582633972,1,0.096085409252669,Initial Access
2018-02-14 10:37:45,0.06974785029888153,0.2312617152929306,Benign,0.9408866763114929,1,0.1624365482233502,Initial Access
2018-02-14 10:37:50,0.036182109266519547,0.18807923793792725,Benign,0.9697485566139221,1,0.4301075268817204,Initial Access
2018-02-14 10:37:55,0.025635819882154465,0.1652977615594864,Benign,0.9783258438110352,1,0.4588235294117647,Initial Access
2018-02-14 10:38:00,0.02616083435714245,0.16206371784210205,Benign,0.9776565432548523,1,0.3762376237623762,Initial Access
2018-02-14 10:38:05,0.023891281336545944,0.15272530913352966,Benign,0.9798377156257629,1,0.34375,Initial Access
2018-02-14 10:38:10,0.02078876458108425,0.14140762388706207,Benign,0.9825483560562134,1,0.2649006622516556,Initial Access
2018-02-14 10:38:15,0.01967005245387554,0.1351030021905899,Benign,0.9836799502372742,1,0.2926829268292683,Initial Access
2018-02-14 10:38:20,0.021413255482912064,0.1352304369211197,Benign,0.982267439365387,1,0.3047619047619048,Initial Access
2018-02-14 10:38:25,0.01833442412316799,0.12276959419250488,Benign,0.9852441549301147,1,0.3361344537815126,Initial Access
2018-02-14 10:38:30,0.01687690243124962,0.115659698843956,Benign,0.9866829514503479,1,0.2184873949579832,Initial Access
2018-02-14 10:38:35,0.02608582004904747,0.13170792162418365,Benign,0.9792001843452454,1,0.4022988505747126,Initial Access
2018-02-14 10:38:40,0.031734444200992584,0.13722945749759674,Benign,0.974482536315918,1,0.3773584905660377,Initial Access
2018-02-14 10:38:45,0.038068465888500214,0.1433049887418747,Benign,0.9695823192596436,1,0.3043478260869565,Initial Access
2018-02-14 10:38:50,0.05134556442499161,0.15898986160755157,Benign,0.9582984447479248,1,0.10625,Initial Access
2018-02-14 10:38:55,0.05696866288781166,0.17287635803222656,Benign,0.9525953531265259,1,0.0692883895131086,Initial Access
2018-02-14 10:39:00,0.05696107819676399,0.18352359533309937,Benign,0.9504364132881165,1,0.0464480874316939,Initial Access
2018-02-14 10:39:05,0.0797271579504013,0.21518078446388245,Benign,0.9292241334915161,1,0.0795755968169761,Initial Access
2018-02-14 10:39:10,0.1130298376083374,0.24570335447788239,Benign,0.9038708806037903,1,0.2689075630252101,Initial Access
2018-02-14 10:39:15,0.11234018951654434,0.250532329082489,Benign,0.9068307280540466,1,0.25,Initial Access
2018-02-14 10:39:20,0.13619373738765717,0.2823646366596222,Benign,0.8888397216796875,1,0.3214285714285714,Initial Access
2018-02-14 10:39:25,0.16307313740253448,0.3050033450126648,Benign,0.8634907603263855,1,0.1152416356877323,Initial Access
2018-02-14 10:39:30,0.10649123042821884,0.26561635732650757,Benign,0.913394033908844,1,0.1282051282051282,Initial Access
2018-02-14 10:39:35,0.04258384183049202,0.19876514375209808,Benign,0.9659847617149353,1,0.1028571428571428,Initial Access
2018-02-14 10:39:40,0.0181954987347126,0.14930026233196259,Benign,0.9853094220161438,1,0.1511111111111111,Initial Access
2018-02-14 10:39:45,0.01034453883767128,0.12099757045507431,Benign,0.9912876486778259,1,0.4301075268817204,Initial Access
2018-02-14 10:39:50,0.00798279419541359,0.10878793150186539,Benign,0.9927092790603638,1,0.1352459016393442,Initial Access
2018-02-14 10:39:55,0.006565495859831572,0.10009940713644028,Benign,0.9939345717430115,1,0.0893854748603352,Initial Access
2018-02-14 10:40:00,0.005063346121460199,0.08992227911949158,Benign,0.9953075051307678,1,0.1556420233463035,Initial Access
2018-02-14 10:40:05,0.004119386430829763,0.08143380284309387,Benign,0.9961590766906738,1,0.1074626865671641,Initial Access
2018-02-14 10:40:10,0.0033822425175458193,0.07324427366256714,Benign,0.9969123601913452,1,0.0939393939393939,Initial Access
2018-02-14 10:40:15,0.003035933943465352,0.06906094402074814,Benign,0.9972137808799744,1,0.21875,Initial Access
2018-02-14 10:40:20,0.002818164648488164,0.06568654626607895,Benign,0.997384250164032,1,0.328125,Initial Access
2018-02-14 10:40:25,0.0027971952222287655,0.06487088650465012,Benign,0.9971713423728943,1,0.115625,Initial Access
2018-02-14 10:40:30,0.002695824019610882,0.06319104880094528,Benign,0.9972941279411316,1,0.0755033557046979,Initial Access
2018-02-14 10:40:35,0.0025950432755053043,0.0608644112944603,Benign,0.9975825548171997,1,0.0997150997150997,Initial Access
2018-02-14 10:40:40,0.0028287949971854687,0.06211703643202782,Benign,0.9974332451820374,1,0.1229235880398671,Initial Access
2018-02-14 10:40:45,0.002989392029121518,0.06468681246042252,Benign,0.9972763657569885,1,0.0963855421686747,Initial Access
2018-02-14 10:40:50,0.0030425540171563625,0.06523266434669495,Benign,0.9973438382148743,1,0.2565789473684211,Initial Access
2018-02-14 10:40:55,0.0029742857441306114,0.06414704769849777,Benign,0.9972800016403198,1,0.127906976744186,Initial Access
2018-02-14 10:41:00,0.002783829113468528,0.06180240213871002,Benign,0.9974640607833862,1,0.0909090909090909,Initial Access
2018-02-14 10:41:05,0.002590727061033249,0.0592072531580925,Benign,0.9976904392242432,1,0.1576354679802955,Initial Access
2018-02-14 10:41:10,0.0027578400913625956,0.061864499002695084,Benign,0.9974766373634338,1,0.3118279569892473,Initial Access
2018-02-14 10:41:15,0.0028641081880778074,0.06375552713871002,Benign,0.997223973274231,1,0.182741116751269,Initial Access
2018-02-14 10:41:20,0.002943743485957384,0.06493382155895233,Benign,0.9971950054168701,1,0.093841642228739,Initial Access
2018-02-14 10:41:25,0.0027642103377729654,0.06319667398929596,Benign,0.9973773956298828,1,0.1813725490196078,Initial Access
2018-02-14 10:41:30,0.002493772655725479,0.059937912970781326,Benign,0.9976158142089844,1,0.2878787878787879,Initial Access
2018-02-14 10:41:35,0.002570126438513398,0.060999758541584015,Benign,0.997420072555542,1,0.1009771986970684,Initial Access
2018-02-14 10:41:40,0.0026508793234825134,0.061808470636606216,Benign,0.9974602460861206,1,0.0779220779220779,Initial Access
2018-02-14 10:41:45,0.0027163117192685604,0.06242654100060463,Benign,0.9975298047065735,1,0.103125,Initial Access
2018-02-14 10:41:50,0.0026686114724725485,0.06243596598505974,Benign,0.9976089000701904,1,0.1535087719298245,Initial Access
2018-02-14 10:41:55,0.0028152731247246265,0.06462594121694565,Benign,0.9974530339241028,1,0.1223776223776223,Initial Access
2018-02-14 10:42:00,0.0026858847122639418,0.06254861503839493,Benign,0.9975572824478149,1,0.180722891566265,Initial Access
2018-02-14 10:42:05,0.002553908620029688,0.06068790704011917,Benign,0.9975864887237549,1,0.3274336283185841,Initial Access
2018-02-14 10:42:10,0.002634739736095071,0.06208938732743263,Benign,0.9974040389060974,1,0.2215189873417721,Initial Access
2018-02-14 10:42:15,0.00273877358995378,0.06467993557453156,Benign,0.9972577691078186,1,0.2272727272727272,Initial Access
2018-02-14 10:42:20,0.0027842673007398844,0.06542249768972397,Benign,0.9972490668296814,1,0.2151162790697674,Initial Access
2018-02-14 10:42:25,0.0028115513268858194,0.06559249013662338,Benign,0.9972133040428162,1,0.2137931034482758,Initial Access
2018-02-14 10:42:30,0.0030088312923908234,0.06840098649263382,Benign,0.9970307350158691,1,0.2882882882882883,Initial Access
2018-02-14 10:42:35,0.0030940056312829256,0.0677928775548935,Benign,0.9968440532684326,1,0.3396226415094339,Initial Access
2018-02-14 10:42:40,0.003434943500906229,0.07102419435977936,Benign,0.996457040309906,1,0.1739130434782608,Initial Access
2018-02-14 10:42:45,0.0035793788265436888,0.07346751540899277,Benign,0.9964492321014404,1,0.1891891891891892,Initial Access
2018-02-14 10:42:50,0.003741687862202525,0.07559900730848312,Benign,0.9962496161460876,1,0.2080924855491329,Initial Access
2018-02-14 10:42:55,0.003584971884265542,0.07413363456726074,Benign,0.996425449848175,1,0.1775147928994082,Initial Access
2018-02-14 10:43:00,0.003662474686279893,0.07536670565605164,Benign,0.9964040517807007,1,0.2012987012987013,Initial Access
2018-02-14 10:43:05,0.003950625192373991,0.07885123789310455,Benign,0.9961422085762024,1,0.2685185185185185,Initial Access
2018-02-14 10:43:10,0.004254947882145643,0.08089087903499603,Benign,0.9959344863891602,1,0.2377049180327868,Initial Access
2018-02-14 10:43:15,0.004336170386523008,0.0795990452170372,Benign,0.9957349300384521,1,0.1941176470588235,Initial Access
2018-02-14 10:43:20,0.0047046528197824955,0.08377599716186523,Benign,0.9955570101737976,1,0.2290502793296089,Initial Access
2018-02-14 10:43:25,0.005297091789543629,0.08856648206710815,Benign,0.9951443076133728,1,0.1197411003236245,Initial Access
2018-02-14 10:43:30,0.005925856996327639,0.09339795261621475,Benign,0.9944673776626587,1,0.1210762331838565,Initial Access
2018-02-14 10:43:35,0.00636962428689003,0.09550394117832184,Benign,0.9940313696861267,1,0.1304347826086956,Initial Access
2018-02-14 10:43:40,0.006373515818268061,0.09730721265077591,Benign,0.9940640330314636,1,0.2147239263803681,Initial Access
2018-02-14 10:43:45,0.006713757291436195,0.09916341304779053,Benign,0.9937080144882202,1,0.3211009174311927,Initial Access
2018-02-14 10:43:50,0.006336159072816372,0.09609253704547882,Benign,0.9938617944717407,1,0.275,Initial Access
2018-02-14 10:43:55,0.006465449463576078,0.09627053886651993,Benign,0.993729829788208,1,0.3035714285714285,Initial Access
2018-02-14 10:44:00,0.006948643364012241,0.09719287604093552,Benign,0.9934479594230652,1,0.345679012345679,Initial Access
2018-02-14 10:44:05,0.007790850009769201,0.09913935512304306,Benign,0.9926449060440063,1,0.0996677740863787,Initial Access
2018-02-14 10:44:10,0.007315167225897312,0.09803900122642517,Benign,0.9931622743606567,1,0.1212121212121212,Initial Access
2018-02-14 10:44:15,0.006307324860244989,0.09409397095441818,Benign,0.9941483736038208,1,0.0926829268292682,Initial Access
2018-02-14 10:44:20,0.005310157313942909,0.08902835100889206,Benign,0.9950864911079407,1,0.0815217391304347,Initial Access
2018-02-14 10:44:25,0.004984305705875158,0.08764757961034775,Benign,0.995445728302002,1,0.2160493827160493,Initial Access
2018-02-14 10:44:30,0.004907752852886915,0.08678489178419113,Benign,0.9955689311027527,1,0.2039473684210526,Initial Access
2018-02-14 10:44:35,0.004821317736059427,0.08588728308677673,Benign,0.9956587553024292,1,0.25,Initial Access
2018-02-14 10:44:40,0.005114987026900053,0.08703050017356873,Benign,0.9953309893608093,1,0.3364485981308411,Initial Access
2018-02-14 10:44:45,0.005908565130084753,0.0908932015299797,Benign,0.9945753812789917,1,0.2818181818181818,Initial Access
2018-02-14 10:44:50,0.0057524340227246284,0.0894174575805664,Benign,0.9946945309638977,1,0.2884615384615384,Initial Access
2018-02-14 10:44:55,0.005791748408228159,0.08846866339445114,Benign,0.9945628046989441,1,0.358695652173913,Initial Access
2018-02-14 10:45:00,0.0060651120729744434,0.08864960819482803,Benign,0.9944615364074707,1,0.1218487394957983,Initial Access
2018-02-14 10:45:05,0.00581273902207613,0.0882701575756073,Benign,0.994712769985199,1,0.2605042016806723,Initial Access
2018-02-14 10:45:10,0.006631455384194851,0.09311981499195099,Benign,0.9941144585609436,1,0.1871657754010695,Initial Access
2018-02-14 10:45:15,0.006820442155003548,0.09518510103225708,Benign,0.9941437840461731,1,0.1317829457364341,Initial Access
2018-02-14 10:45:20,0.007873086258769035,0.10277434438467026,Benign,0.9933859705924988,1,0.2408759124087591,Initial Access
2018-02-14 10:45:25,0.006910386029630899,0.0977526530623436,Benign,0.9941838383674622,1,0.1910112359550561,Initial Access
2018-02-14 10:45:30,0.006101767998188734,0.09393277764320374,Benign,0.9948627352714539,1,0.1162790697674418,Initial Access
2018-02-14 10:45:35,0.004856521263718605,0.08710320293903351,Benign,0.9958494901657104,1,0.0944444444444444,Initial Access
2018-02-14 10:45:40,0.003791396040469408,0.07770835608243942,Benign,0.9966424703598022,1,0.1486486486486486,Initial Access
2018-02-14 10:45:45,0.003264777362346649,0.07134159654378891,Benign,0.997010350227356,1,0.1142857142857142,Initial Access
2018-02-14 10:45:50,0.0031321500428020954,0.07053714245557785,Benign,0.9971545934677124,1,0.1748878923766816,Initial Access
2018-02-14 10:45:55,0.003197249723598361,0.07120751589536667,Benign,0.9971031546592712,1,0.2602739726027397,Initial Access
2018-02-14 10:46:00,0.0033144159242510796,0.07289951294660568,Benign,0.9969348907470703,1,0.248,Initial Access
2018-02-14 10:46:05,0.0034161030780524015,0.07415056228637695,Benign,0.9967862367630005,1,0.2677165354330709,Initial Access
2018-02-14 10:46:10,0.0033299997448921204,0.07293136417865753,Benign,0.9967654943466187,1,0.2627118644067797,Initial Access
2018-02-14 10:46:15,0.0031882517505437136,0.07115086168050766,Benign,0.9968453049659729,1,0.1282051282051282,Initial Access
2018-02-14 10:46:20,0.0028653410263359547,0.06705757975578308,Benign,0.997221827507019,1,0.1069958847736625,Initial Access
2018-02-14 10:46:25,0.0025756768882274628,0.06252284348011017,Benign,0.997552216053009,1,0.1044776119402985,Initial Access
2018-02-14 10:46:30,0.002506094053387642,0.060493677854537964,Benign,0.9976502060890198,1,0.2769230769230769,Initial Access
2018-02-14 10:46:35,0.002438646974042058,0.05956946685910225,Benign,0.9976196885108948,1,0.2647058823529412,Initial Access
2018-02-14 10:46:40,0.0024459706619381905,0.05929148569703102,Benign,0.9975128173828125,1,0.3025210084033613,Initial Access
2018-02-14 10:46:45,0.002486391458660364,0.05953632667660713,Benign,0.9973751306533813,1,0.3220338983050847,Initial Access
2018-02-14 10:46:50,0.0025384309701621532,0.05988224223256111,Benign,0.9972551465034485,1,0.1460176991150442,Initial Access
2018-02-14 10:46:55,0.0025151348672807217,0.0597507581114769,Benign,0.9973679184913635,1,0.1365638766519823,Initial Access
2018-02-14 10:47:00,0.002465037163347006,0.05942545086145401,Benign,0.9974395036697388,1,0.2076502732240437,Initial Access
2018-02-14 10:47:05,0.002548082498833537,0.05929173156619072,Benign,0.9973888993263245,1,0.2483221476510067,Initial Access
2018-02-14 10:47:10,0.0027776409406214952,0.06136694177985191,Benign,0.9970794916152954,1,0.1563981042654028,Initial Access
2018-02-14 10:47:15,0.002951281378045678,0.06362321227788925,Benign,0.9969911575317383,1,0.1396396396396396,Initial Access
2018-02-14 10:47:20,0.003232513554394245,0.0676192194223404,Benign,0.9966902732849121,1,0.1617021276595744,Initial Access
2018-02-14 10:47:25,0.0034546658862382174,0.07169532775878906,Benign,0.9965113997459412,1,0.2054054054054054,Initial Access
2018-02-14 10:47:30,0.003951313905417919,0.07747013866901398,Benign,0.9960210919380188,1,0.3142857142857143,Initial Access
2018-02-14 10:47:35,0.004581792280077934,0.08079394698143005,Benign,0.9954454898834229,1,0.296,Initial Access
2018-02-14 10:47:40,0.005736020393669605,0.08814392983913422,Benign,0.9942593574523926,1,0.1172638436482084,Initial Access
2018-02-14 10:47:45,0.00523449806496501,0.08647681027650833,Benign,0.9949502944946289,1,0.1484375,Initial Access
2018-02-14 10:47:50,0.0049234782345592976,0.08337067067623138,Benign,0.9952125549316406,1,0.1225296442687747,Initial Access
2018-02-14 10:47:55,0.004707947373390198,0.0827832743525505,Benign,0.9955131411552429,1,0.2635658914728682,Initial Access
2018-02-14 10:48:00,0.0057695829309523106,0.09042762964963913,Benign,0.9946137070655823,1,0.1150159744408945,Initial Access
2018-02-14 10:48:05,0.0064272829331457615,0.09532544016838074,Benign,0.9944315552711487,1,0.103125,Initial Access
2018-02-14 10:48:10,0.00791173242032528,0.10294757783412933,Benign,0.9936238527297974,1,0.2,Initial Access
2018-02-14 10:48:15,0.007900971919298172,0.1017417162656784,Benign,0.9934552311897278,1,0.1956521739130435,Initial Access
2018-02-14 10:48:20,0.007341411896049976,0.09873710572719574,Benign,0.9936926364898682,1,0.0927536231884058,Initial Access
2018-02-14 10:48:25,0.005343841854482889,0.08735869079828262,Benign,0.995407223701477,1,0.0734966592427616,Initial Access
2018-02-14 10:48:30,0.004701236262917519,0.08217243105173111,Benign,0.995913565158844,1,0.131004366812227,Initial Access
2018-02-14 10:48:35,0.0051028053276240826,0.08533438295125961,Benign,0.9955447912216187,1,0.1434599156118143,Initial Access
2018-02-14 10:48:40,0.00581273902207613,0.09074191749095917,Benign,0.9949294328689575,1,0.1809045226130653,Initial Access
2018-02-14 10:48:45,0.005465289577841759,0.08821594715118408,Benign,0.9950860142707825,1,0.2222222222222222,Initial Access
2018-02-14 10:48:50,0.0049804882146418095,0.08496411144733429,Benign,0.9953171014785767,1,0.1107784431137724,Initial Access
2018-02-14 10:48:55,0.004900094587355852,0.08390291780233383,Benign,0.9955956339836121,1,0.1917098445595854,Initial Access
2018-02-14 10:49:00,0.004774345550686121,0.08229316025972366,Benign,0.9957270622253418,1,0.2027972027972027,Initial Access
2018-02-14 10:49:05,0.005128038581460714,0.08426711708307266,Benign,0.9950879216194153,1,0.1573604060913705,Initial Access
2018-02-14 10:49:10,0.004729879088699818,0.08090458065271378,Benign,0.995462954044342,1,0.0798122065727699,Initial Access
2018-02-14 10:49:15,0.004200474359095097,0.07528918236494064,Benign,0.996147871017456,1,0.091743119266055,Initial Access
2018-02-14 10:49:20,0.0038868722040206194,0.07190459966659546,Benign,0.9964922070503235,1,0.2554744525547445,Initial Access
2018-02-14 10:49:25,0.0045100790448486805,0.07717932760715485,Benign,0.9958491325378418,1,0.2111801242236025,Initial Access
2018-02-14 10:49:30,0.004787322599440813,0.07926150411367416,Benign,0.9955379962921143,1,0.1601731601731601,Initial Access
2018-02-14 10:49:35,0.0051736109890043736,0.08258289843797684,Benign,0.9952375888824463,1,0.1336032388663967,Initial Access
2018-02-14 10:49:40,0.0046110316179692745,0.07901974767446518,Benign,0.9956731200218201,1,0.1555555555555555,Initial Access
2018-02-14 10:49:45,0.004799218848347664,0.08147194236516953,Benign,0.9955806136131287,1,0.2012578616352201,Initial Access
2018-02-14 10:49:50,0.004663262516260147,0.08067794889211655,Benign,0.9957261085510254,1,0.2894736842105263,Initial Access
2018-02-14 10:49:55,0.005367716774344444,0.08387165516614914,Benign,0.9948837161064148,1,0.2792207792207792,Initial Access
2018-02-14 10:50:00,0.005508837755769491,0.08360897749662399,Benign,0.9946468472480774,1,0.0814606741573033,Initial Access
2018-02-14 10:50:05,0.0065579768270254135,0.09340935945510864,Benign,0.9940546154975891,1,0.1628959276018099,Initial Access
2018-02-14 10:50:10,0.0083995396271348,0.10416550934314728,Benign,0.9927733540534973,1,0.1453488372093023,Initial Access
2018-02-14 10:50:15,0.008703291416168213,0.10669859498739243,Benign,0.9923783540725708,1,0.1939393939393939,Initial Access
2018-02-14 10:50:20,0.00943413283675909,0.10766737163066864,Benign,0.9922378659248352,1,0.15625,Initial Access
2018-02-14 10:50:25,0.007638843730092049,0.09664424508810043,Benign,0.9939171671867371,1,0.1626794258373205,Initial Access
2018-02-14 10:50:30,0.006201430223882198,0.08835536986589432,Benign,0.9950209856033325,1,0.2,Initial Access
2018-02-14 10:50:35,0.006741977296769619,0.09209238737821579,Benign,0.994426965713501,1,0.1263940520446096,Initial Access
2018-02-14 10:50:40,0.006084251683205366,0.08889802545309067,Benign,0.9949054718017578,1,0.1463414634146341,Initial Access
2018-02-14 10:50:45,0.004975785035640001,0.08201880753040314,Benign,0.9955405592918396,1,0.2025316455696202,Initial Access
2018-02-14 10:50:50,0.004771534353494644,0.08036277443170547,Benign,0.9955590963363647,1,0.174496644295302,Initial Access
2018-02-14 10:50:55,0.006110102403908968,0.09004620462656021,Benign,0.9944337010383606,1,0.1385281385281385,Initial Access
2018-02-14 10:51:00,0.0060400464572012424,0.09149590879678726,Benign,0.9945975542068481,1,0.1324786324786324,Initial Access
2018-02-14 10:51:05,0.0052638729102909565,0.08582568168640137,Benign,0.9952125549316406,1,0.2831858407079646,Initial Access
2018-02-14 10:51:10,0.005039871204644442,0.08276942372322083,Benign,0.9953057169914246,1,0.2127659574468085,Initial Access
2018-02-14 10:51:15,0.005491275805979967,0.08457095175981522,Benign,0.9949344992637634,1,0.3070175438596491,Initial Access
2018-02-14 10:51:20,0.006804366130381823,0.08909095823764801,Benign,0.9939190149307251,1,0.1988950276243093,Initial Access
2018-02-14 10:51:25,0.00871950015425682,0.10123768448829651,Benign,0.9924014806747437,1,0.0884955752212389,Initial Access
2018-02-14 10:51:30,0.009881301783025265,0.10948516428470612,Benign,0.9914988875389099,1,0.1259259259259259,Initial Access
2018-02-14 10:51:35,0.008173234760761261,0.10296807438135147,Benign,0.9928760528564453,1,0.180327868852459,Initial Access
2018-02-14 10:51:40,0.0075826398096978664,0.100134938955307,Benign,0.9934025406837463,1,0.25,Initial Access
2018-02-14 10:51:45,0.00995426531881094,0.11150961369276047,Benign,0.991649866104126,1,0.2945736434108527,Initial Access
2018-02-14 10:51:50,0.011993274092674255,0.1190565973520279,Benign,0.9899529814720154,1,0.2916666666666667,Initial Access
2018-02-14 10:51:55,0.012334983795881271,0.11682005971670151,Benign,0.9896944761276245,1,0.2733333333333333,Initial Access
2018-02-14 10:52:00,0.02056763507425785,0.13802140951156616,Benign,0.9830297827720642,1,0.1641025641025641,Initial Access
2018-02-14 10:52:05,0.05239133909344673,0.19421114027500153,Benign,0.9536507725715637,1,0.2920353982300885,Initial Access
2018-02-14 10:52:10,0.08586452156305313,0.22749273478984833,Benign,0.924389660358429,1,0.2452830188679245,Initial Access
2018-02-14 10:52:15,0.07890213280916214,0.22197845578193665,Benign,0.93112713098526,1,0.1794871794871795,Initial Access
2018-02-14 10:52:20,0.1135241761803627,0.2536564767360687,Benign,0.9005696177482605,1,0.1945701357466063,Initial Access
2018-02-14 10:52:25,0.12219417840242386,0.2627738416194916,Benign,0.8918828964233398,1,0.2926829268292683,Initial Access
2018-02-14 10:52:30,0.10111607611179352,0.24675850570201874,Benign,0.9113844037055969,1,0.2333333333333333,Initial Access
2018-02-14 10:52:35,0.11305058747529984,0.25620970129966736,Benign,0.901224672794342,1,0.3394495412844037,Initial Access
2018-02-14 10:52:40,0.23016341030597687,0.327349990606308,Benign,0.79817795753479,1,0.3644859813084112,Initial Access
2018-02-14 10:52:45,0.28236427903175354,0.34919023513793945,Benign,0.7467761039733887,1,0.39,Initial Access
2018-02-14 10:52:50,0.24347221851348877,0.322737455368042,Benign,0.7849359512329102,1,0.2833333333333333,Initial Access
2018-02-14 10:52:55,0.22735963761806488,0.31310683488845825,Benign,0.8011521100997925,1,0.297029702970297,Initial Access
2018-02-14 10:53:00,0.16893243789672852,0.2743152976036072,Benign,0.854769229888916,1,0.2920353982300885,Initial Access
2018-02-14 10:53:05,0.24892118573188782,0.32059192657470703,Benign,0.7914527058601379,1,0.1285140562248996,Initial Access
2018-02-14 10:53:10,0.4882800579071045,0.42349326610565186,Benign,0.5518156290054321,1,0.124,Initial Access
2018-02-14 10:53:15,0.596355676651001,0.45454075932502747,Initial Access,0.6186743378639221,1,0.1130136986301369,Initial Access
2018-02-14 10:53:20,0.6248385906219482,0.46312418580055237,Initial Access,0.6723993420600891,1,0.1596244131455399,Initial Access
2018-02-14 10:53:25,0.6315975785255432,0.4593465328216553,Initial Access,0.68293696641922,1,0.1792452830188679,Initial Access
2018-02-14 10:53:30,0.5708200335502625,0.4356943666934967,Initial Access,0.5931875705718994,1,0.2291666666666666,Initial Access
2018-02-14 10:53:35,0.42474183440208435,0.39464887976646423,Benign,0.6037265062332153,1,0.2468354430379747,Initial Access
2018-02-14 10:53:40,0.23664097487926483,0.31511563062667847,Benign,0.8186787366867065,1,0.1417624521072797,Initial Access
2018-02-14 10:53:45,0.14610210061073303,0.2683942914009094,Benign,0.9007457494735718,1,0.2323943661971831,Initial Access
2018-02-14 10:53:50,0.06966307759284973,0.2125622183084488,Benign,0.9568156003952026,1,0.1309523809523809,Initial Access
2018-02-14 10:53:55,0.041717834770679474,0.180583655834198,Benign,0.97430419921875,1,0.1403508771929824,Initial Access
2018-02-14 10:54:00,0.029524974524974823,0.16316285729408264,Benign,0.9812933802604675,1,0.1524663677130044,Initial Access
2018-02-14 10:54:05,0.022496310994029045,0.15037617087364197,Benign,0.9851896166801453,1,0.0812324929971988,Initial Access
2018-02-14 10:54:10,0.011352833360433578,0.11602259427309036,Benign,0.9922703504562378,1,0.0825242718446602,Initial Access
2018-02-14 10:54:15,0.007129150442779064,0.09470273554325104,Benign,0.99505615234375,1,0.0933333333333333,Initial Access
2018-02-14 10:54:20,0.0050969840958714485,0.08084692060947418,Benign,0.9963135123252869,1,0.0707762557077625,Initial Access
2018-02-14 10:54:25,0.003895723493769765,0.07067109644412994,Benign,0.9971144199371338,1,0.1018276762402088,Initial Access
2018-02-14 10:54:30,0.0035446600522845984,0.06672342121601105,Benign,0.9972952008247375,1,0.1871921182266009,Initial Access
2018-02-14 10:54:35,0.0033051210921257734,0.0654919445514679,Benign,0.9973297119140625,1,0.3706896551724138,Initial Access
2018-02-14 10:54:40,0.003090872894972563,0.064432792365551,Benign,0.9972922205924988,1,0.375,Initial Access
2018-02-14 10:54:45,0.003043760545551777,0.06416939944028854,Benign,0.99712735414505,1,0.2068965517241379,Initial Access
2018-02-14 10:54:50,0.003076873254030943,0.06452628970146179,Benign,0.9971275925636292,1,0.1007556675062972,Initial Access
2018-02-14 10:54:55,0.0031302778515964746,0.06548894941806793,Benign,0.9971781969070435,1,0.0691699604743083,Initial Access
2018-02-14 10:55:00,0.0032139108516275883,0.0658915713429451,Benign,0.9972534775733948,1,0.1353711790393013,Initial Access
2018-02-14 10:55:05,0.0030650075059384108,0.06478530168533325,Benign,0.9973146319389343,1,0.2193548387096774,Initial Access
2018-02-14 10:55:10,0.003086774842813611,0.06518831849098206,Benign,0.9971752166748047,1,0.1376518218623481,Initial Access
2018-02-14 10:55:15,0.0031586585100740194,0.06547845900058746,Benign,0.9971317052841187,1,0.2612612612612612,Initial Access
2018-02-14 10:55:20,0.003267500316724181,0.06693094968795776,Benign,0.9968717694282532,1,0.2752293577981651,Initial Access
2018-02-14 10:55:25,0.0036431297194212675,0.07029370218515396,Benign,0.9963858127593994,1,0.3125,Initial Access
2018-02-14 10:55:30,0.004264887422323227,0.07494915276765823,Benign,0.995693027973175,1,0.3820224719101123,Initial Access
2018-02-14 10:55:35,0.005115093197673559,0.0783471092581749,Benign,0.9948554039001465,1,0.431578947368421,Initial Access
2018-02-14 10:55:40,0.006208640523254871,0.08229517191648483,Benign,0.9939960241317749,1,0.3793103448275862,Initial Access
2018-02-14 10:55:45,0.008604159578680992,0.09005551040172577,Benign,0.992120623588562,1,0.2869565217391304,Initial Access
2018-02-14 10:55:50,0.012130371294915676,0.10108469426631927,Benign,0.9895435571670532,1,0.1658031088082901,Initial Access
2018-02-14 10:55:55,0.01716751791536808,0.11680778115987778,Benign,0.9856461882591248,1,0.1878453038674033,Initial Access
2018-02-14 10:56:00,0.026606181636452675,0.13832493126392365,Benign,0.9774897694587708,1,0.2094594594594594,Initial Access
2018-02-14 10:56:05,0.08818786591291428,0.21934548020362854,Benign,0.9206336140632629,1,0.2884615384615384,Initial Access
2018-02-14 10:56:10,0.163610577583313,0.2705221176147461,Benign,0.8491964340209961,1,0.2214765100671141,Initial Access
2018-02-14 10:56:15,0.1512003093957901,0.2673651874065399,Benign,0.8599123954772949,1,0.2366412213740458,Initial Access
2018-02-14 10:56:20,0.08402679860591888,0.21522554755210876,Benign,0.9227844476699829,1,0.34,Initial Access
2018-02-14 10:56:25,0.05548952519893646,0.18100297451019287,Benign,0.9506120681762695,1,0.4301075268817204,Initial Access
2018-02-14 10:56:30,0.07911282777786255,0.20392630994319916,Benign,0.9293167591094971,1,0.320754716981132,Initial Access
2018-02-14 10:56:35,0.1366216540336609,0.2473800778388977,Benign,0.8772841095924377,1,0.5185185185185185,Initial Access
2018-02-14 10:56:40,0.25465765595436096,0.3086088001728058,Benign,0.7692383527755737,1,0.3867924528301887,Initial Access
2018-02-14 10:56:45,0.41190966963768005,0.37871426343917847,Benign,0.6076934337615967,1,0.1277372262773722,Initial Access
2018-02-14 10:56:50,0.4293745458126068,0.38613778352737427,Benign,0.5848094820976257,1,0.0972644376899696,Initial Access
2018-02-14 10:56:55,0.4709997773170471,0.39747264981269836,Benign,0.5402733683586121,1,0.0821256038647343,Initial Access
2018-02-14 10:57:00,0.4826214909553528,0.39801156520843506,Benign,0.5230266451835632,1,0.081081081081081,Initial Access
2018-02-14 10:57:05,0.40379995107650757,0.3674280345439911,Benign,0.6018896698951721,1,0.0496794871794871,Initial Access
2018-02-14 10:57:10,0.2970109283924103,0.3253536522388458,Benign,0.7009474039077759,1,0.0736342042755344,Initial Access
2018-02-14 10:57:15,0.1473313271999359,0.2549584209918976,Benign,0.8639166951179504,1,0.1324786324786324,Initial Access
2018-02-14 10:57:20,0.06951746344566345,0.19947896897792816,Benign,0.9404143691062927,1,0.2575757575757575,Initial Access
2018-02-14 10:57:25,0.03076489083468914,0.1542617678642273,Benign,0.974361002445221,1,0.2515723270440251,Initial Access
2018-02-14 10:57:30,0.01930835284292698,0.13434866070747375,Benign,0.983967125415802,1,0.112781954887218,Initial Access
2018-02-14 10:57:35,0.016806261613965034,0.12913544476032257,Benign,0.9863817691802979,1,0.1576576576576576,Initial Access
2018-02-14 10:57:40,0.010804291814565659,0.11096864938735962,Benign,0.9911842942237854,1,0.1650485436893204,Initial Access
2018-02-14 10:57:45,0.00785741675645113,0.09809979796409607,Benign,0.9936425685882568,1,0.1034482758620689,Initial Access
2018-02-14 10:57:50,0.0055136410519480705,0.08550436049699783,Benign,0.9955123066902161,1,0.1705882352941176,Initial Access
2018-02-14 10:57:55,0.005400287918746471,0.08400335907936096,Benign,0.9955074787139893,1,0.2553191489361702,Initial Access
2018-02-14 10:58:00,0.004873828496783972,0.0814678817987442,Benign,0.9957696199417114,1,0.184931506849315,Initial Access
2018-02-14 10:58:05,0.003944926895201206,0.07492658495903015,Benign,0.9965044260025024,1,0.2733812949640288,Initial Access
2018-02-14 10:58:10,0.003540344536304474,0.07108256220817566,Benign,0.9967442750930786,1,0.0814332247557003,Initial Access
2018-02-14 10:58:15,0.0031091428827494383,0.06674320995807648,Benign,0.9971743822097778,1,0.0755555555555555,Initial Access
2018-02-14 10:58:20,0.0029009091667830944,0.06384987384080887,Benign,0.9974542260169983,1,0.2735849056603773,Initial Access
2018-02-14 10:58:25,0.002891113515943289,0.06408507376909256,Benign,0.9973437190055847,1,0.1770334928229665,Initial Access
2018-02-14 10:58:30,0.0029216576367616653,0.06535525619983673,Benign,0.9973722696304321,1,0.0580847723704866,Initial Access
2018-02-14 10:58:35,0.002854076912626624,0.06532999128103256,Benign,0.9976102113723755,1,0.0548387096774193,Initial Access
2018-02-14 10:58:40,0.0029800296761095524,0.06632281094789505,Benign,0.9976410865783691,1,0.0802005012531328,Initial Access
2018-02-14 10:58:45,0.002946340711787343,0.06624550372362137,Benign,0.9976886510848999,1,0.1296296296296296,Initial Access
2018-02-14 10:58:50,0.0028795818798244,0.06596193462610245,Benign,0.9977295994758606,1,0.1928934010152284,Initial Access
2018-02-14 10:58:55,0.00286798644810915,0.06549607217311859,Benign,0.9976508021354675,1,0.2043010752688172,Initial Access
2018-02-14 10:59:00,0.002914149546995759,0.06546010076999664,Benign,0.9975008368492126,1,0.1204379562043795,Initial Access
2018-02-14 10:59:05,0.002581716049462557,0.06142054498195648,Benign,0.9977418184280396,1,0.1013698630136986,Initial Access
2018-02-14 10:59:10,0.0025023180060088634,0.060479823499917984,Benign,0.9978348612785339,1,0.048076923076923,Initial Access
2018-02-14 10:59:15,0.002590656979009509,0.06062011793255806,Benign,0.9978444576263428,1,0.0738522954091816,Initial Access
2018-02-14 10:59:20,0.0026918717194348574,0.06145466864109039,Benign,0.9978072047233582,1,0.0954773869346733,Initial Access
2018-02-14 10:59:25,0.002830086275935173,0.06237771362066269,Benign,0.9977099895477295,1,0.261744966442953,Initial Access
2018-02-14 10:59:30,0.002973149297758937,0.06450136750936508,Benign,0.9975190162658691,1,0.2323943661971831,Initial Access
2018-02-14 10:59:35,0.002963982755318284,0.06460617482662201,Benign,0.9974209070205688,1,0.1259259259259259,Initial Access
2018-02-14 10:59:40,0.002712105168029666,0.06215307116508484,Benign,0.9976450800895691,1,0.0980392156862745,Initial Access
2018-02-14 10:59:45,0.002637817757204175,0.06107153370976448,Benign,0.9977144002914429,1,0.0649606299212598,Initial Access
2018-02-14 10:59:50,0.002446551574394107,0.05842521786689758,Benign,0.9979386925697327,1,0.1070336391437308,Initial Access
2018-02-14 10:59:55,0.0024824931751936674,0.05869520083069801,Benign,0.9978356957435608,1,0.1720430107526881,Initial Access
2018-02-14 11:00:00,0.0024838156532496214,0.059114325791597366,Benign,0.9977996945381165,1,0.1609756097560975,Initial Access
2018-02-14 11:00:05,0.0024630154948681593,0.058013711124658585,Benign,0.9977349042892456,1,0.1515151515151515,Initial Access
2018-02-14 11:00:10,0.0025367808993905783,0.0589551143348217,Benign,0.9976521134376526,1,0.0909090909090909,Initial Access
2018-02-14 11:00:15,0.0024462463334202766,0.05828363820910454,Benign,0.9977381229400635,1,0.0817610062893081,Initial Access
2018-02-14 11:00:20,0.002515984233468771,0.058650143444538116,Benign,0.9977651834487915,1,0.0816326530612244,Initial Access
2018-02-14 11:00:25,0.002447224222123623,0.058199070394039154,Benign,0.9978906512260437,1,0.1624365482233502,Initial Access
2018-02-14 11:00:30,0.002536479150876403,0.05962065979838371,Benign,0.9977651834487915,1,0.1956521739130435,Initial Access
2018-02-14 11:00:35,0.0024841336999088526,0.05921022221446037,Benign,0.9977795481681824,1,0.1734104046242774,Initial Access
2018-02-14 11:00:40,0.0024399536196142435,0.058498986065387726,Benign,0.9977434873580933,1,0.196629213483146,Initial Access
2018-02-14 11:00:45,0.0024554820265620947,0.05906837433576584,Benign,0.997668445110321,1,0.1215277777777777,Initial Access
2018-02-14 11:00:50,0.0024057328701019287,0.058643076568841934,Benign,0.9977651834487915,1,0.0970588235294117,Initial Access
2018-02-14 11:00:55,0.0023383430670946836,0.058486148715019226,Benign,0.9978519678115845,1,0.2127659574468085,Initial Access
2018-02-14 11:01:00,0.0023277702275663614,0.058916088193655014,Benign,0.9977931976318359,1,0.3039215686274509,Initial Access
2018-02-14 11:01:05,0.0024295072071254253,0.06013428047299385,Benign,0.9975994229316711,1,0.1954022988505747,Initial Access
2018-02-14 11:01:10,0.0023905434645712376,0.05869882553815842,Benign,0.9976267218589783,1,0.1076388888888889,Initial Access
2018-02-14 11:01:15,0.0024595523718744516,0.058030858635902405,Benign,0.9976080656051636,1,0.1157894736842105,Initial Access
2018-02-14 11:01:20,0.002457447350025177,0.05819302052259445,Benign,0.9976220726966858,1,0.196078431372549,Initial Access
2018-02-14 11:01:25,0.0026453768368810415,0.05990036576986313,Benign,0.9974297881126404,1,0.2011494252873563,Initial Access
2018-02-14 11:01:30,0.0027872466016560793,0.0616338737308979,Benign,0.9973209500312805,1,0.3414634146341463,Initial Access
2018-02-14 11:01:35,0.0032137378584593534,0.064686119556427,Benign,0.9968013763427734,1,0.2941176470588235,Initial Access
2018-02-14 11:01:40,0.003402393776923418,0.06612009555101395,Benign,0.9966187477111816,1,0.3119266055045872,Initial Access
2018-02-14 11:01:45,0.003671139944344759,0.06690149754285812,Benign,0.9962689876556396,1,0.2868217054263566,Initial Access
2018-02-14 11:01:50,0.003888820530846715,0.06911047548055649,Benign,0.996034562587738,1,0.2207792207792207,Initial Access
2018-02-14 11:01:55,0.004471342079341412,0.07448337972164154,Benign,0.995532751083374,1,0.2123287671232876,Initial Access
2018-02-14 11:02:00,0.005393075756728649,0.08222810924053192,Benign,0.9947283864021301,1,0.2323943661971831,Initial Access
2018-02-14 11:02:05,0.0074285170994699,0.0926671251654625,Benign,0.9931636452674866,1,0.1594827586206896,Initial Access
2018-02-14 11:02:10,0.008382787927985191,0.09829726815223694,Benign,0.992550253868103,1,0.1259842519685039,Initial Access
2018-02-14 11:02:15,0.009856360033154488,0.10658889263868332,Benign,0.9915306568145752,1,0.330188679245283,Initial Access
2018-02-14 11:02:20,0.012046309188008308,0.11221232265233994,Benign,0.990069568157196,1,0.303030303030303,Initial Access
2018-02-14 11:02:25,0.01910766214132309,0.12742209434509277,Benign,0.9851843118667603,1,0.275,Initial Access
2018-02-14 11:02:30,0.05095972493290901,0.17505913972854614,Benign,0.9636470079421997,1,0.1508620689655172,Initial Access
2018-02-14 11:02:35,0.12992972135543823,0.2355690896511078,Benign,0.9074956774711609,1,0.1474820143884892,Initial Access
2018-02-14 11:02:40,0.21978886425495148,0.2836252748966217,Benign,0.8357789516448975,1,0.113564668769716,Initial Access
2018-02-14 11:02:45,0.14816589653491974,0.25000014901161194,Benign,0.896683931350708,1,0.0722610722610722,Initial Access
2018-02-14 11:02:50,0.13452403247356415,0.24985124170780182,Benign,0.9064321517944336,1,0.1497797356828193,Initial Access
2018-02-14 11:02:55,0.18531401455402374,0.2768811881542206,Benign,0.8594046831130981,1,0.208955223880597,Initial Access
2018-02-14 11:03:00,0.34931206703186035,0.3629631996154785,Benign,0.6705620884895325,1,0.2121212121212121,Initial Access
2018-02-14 11:03:05,0.2344704270362854,0.3228149116039276,Benign,0.8070511221885681,1,0.1764705882352941,Initial Access
2018-02-14 11:03:10,0.15373528003692627,0.2795218229293823,Benign,0.8871101140975952,1,0.0831234256926952,Initial Access
2018-02-14 11:03:15,0.055676523596048355,0.20024670660495758,Benign,0.9629424810409546,1,0.2303030303030303,Initial Access
2018-02-14 11:03:20,0.025995643809437752,0.1552823781967163,Benign,0.9821276068687439,1,0.2061068702290076,Initial Access
2018-02-14 11:03:25,0.01543168630450964,0.1263204962015152,Benign,0.9892826080322266,1,0.2236842105263158,Initial Access
2018-02-14 11:03:30,0.013390989974141121,0.12025722861289978,Benign,0.9906740784645081,1,0.2342857142857143,Initial Access
2018-02-14 11:03:35,0.011484415270388126,0.11534150689840317,Benign,0.9916501045227051,1,0.2026143790849673,Initial Access
2018-02-14 11:03:40,0.010584107600152493,0.11198858916759491,Benign,0.9921229481697083,1,0.1527093596059113,Initial Access
2018-02-14 11:03:45,0.007851415313780308,0.10088367760181427,Benign,0.9937642812728882,1,0.1071428571428571,Initial Access
2018-02-14 11:03:50,0.00766111770644784,0.1014183834195137,Benign,0.9937993884086609,1,0.1132075471698113,Initial Access
2018-02-14 11:03:55,0.008139438927173615,0.1052219420671463,Benign,0.9936307072639465,1,0.1548672566371681,Initial Access
2018-02-14 11:04:00,0.006937366910278797,0.0983196273446083,Benign,0.9943948984146118,1,0.277027027027027,Initial Access
2018-02-14 11:04:05,0.005292227026075125,0.08704769611358643,Benign,0.9952343106269836,1,0.206060606060606,Initial Access
2018-02-14 11:04:10,0.004972952883690596,0.08372443914413452,Benign,0.9953328967094421,1,0.2635658914728682,Initial Access
2018-02-14 11:04:15,0.005317557603120804,0.08421270549297333,Benign,0.9948461055755615,1,0.2362204724409448,Initial Access
2018-02-14 11:04:20,0.006579431239515543,0.09014608711004257,Benign,0.9940139651298523,1,0.1708542713567839,Initial Access
2018-02-14 11:04:25,0.00958906952291727,0.10574472695589066,Benign,0.992435872554779,1,0.1005291005291005,Initial Access
2018-02-14 11:04:30,0.021040834486484528,0.14294497668743134,Benign,0.9862657189369202,1,0.1535087719298245,Initial Access
2018-02-14 11:04:35,0.033815898001194,0.17204754054546356,Benign,0.9802613258361816,1,0.1658291457286432,Initial Access
2018-02-14 11:04:40,0.026044625788927078,0.1554558426141739,Benign,0.9850128889083862,1,0.2323943661971831,Initial Access
2018-02-14 11:04:45,0.02466448023915291,0.15126359462738037,Benign,0.9855781197547913,1,0.2462686567164179,Initial Access
2018-02-14 11:04:50,0.021233264356851578,0.14282186329364777,Benign,0.9867642521858215,1,0.2598425196850393,Initial Access
2018-02-14 11:04:55,0.08211599290370941,0.23487064242362976,Benign,0.9512069225311279,1,0.351063829787234,Initial Access
2018-02-14 11:05:00,0.07002174854278564,0.22024354338645935,Benign,0.956798255443573,1,0.2676056338028169,Initial Access
2018-02-14 11:05:05,0.14445100724697113,0.2813067138195038,Benign,0.9054533839225769,1,0.237037037037037,Initial Access
2018-02-14 11:05:10,0.27771732211112976,0.35944682359695435,Benign,0.7867453098297119,1,0.2631578947368421,Initial Access
2018-02-14 11:05:15,0.19873139262199402,0.30707207322120667,Benign,0.8611767292022705,1,0.3304347826086956,Initial Access
2018-02-14 11:05:20,0.16737444698810577,0.28775906562805176,Benign,0.8782617449760437,1,0.2952380952380952,Initial Access
2018-02-14 11:05:25,0.19018690288066864,0.2935510575771332,Benign,0.8599254488945007,1,0.3163265306122449,Initial Access
2018-02-14 11:05:30,0.234927698969841,0.3103668987751007,Benign,0.8188567757606506,1,0.2980132450331126,Initial Access
2018-02-14 11:05:35,0.43736809492111206,0.39563000202178955,Benign,0.5970967411994934,1,0.2946428571428571,Initial Access
2018-02-14 11:05:40,0.49025705456733704,0.41252636909484863,Benign,0.5232937335968018,1,0.3333333333333333,Initial Access
2018-02-14 11:05:45,0.3687852919101715,0.3511044681072235,Benign,0.6642847061157227,1,0.3979591836734694,Initial Access
2018-02-14 11:05:50,0.3255869150161743,0.32622095942497253,Benign,0.7092221975326538,1,0.1180811808118081,Initial Access
2018-02-14 11:05:55,0.19722169637680054,0.2732278108596802,Benign,0.8370215892791748,1,0.1585365853658536,Initial Access
2018-02-14 11:06:00,0.17338430881500244,0.2641821801662445,Benign,0.854426920413971,1,0.0964630225080385,Initial Access
2018-02-14 11:06:05,0.24583043158054352,0.2958728075027466,Benign,0.7661389112472534,1,0.3137254901960784,Initial Access
2018-02-14 11:06:10,0.42940232157707214,0.3763444423675537,Benign,0.5443621873855591,1,0.3333333333333333,Initial Access
2018-02-14 11:06:15,0.5825570821762085,0.4433039724826813,Initial Access,0.6372750997543335,1,0.3448275862068966,Initial Access
2018-02-14 11:06:20,0.6273976564407349,0.4702582061290741,Initial Access,0.7009942531585693,1,0.2556390977443609,Initial Access
2018-02-14 11:06:25,0.6244648694992065,0.46784234046936035,Initial Access,0.7000916004180908,1,0.1415929203539823,Initial Access
2018-02-14 11:06:30,0.6297767162322998,0.46762242913246155,Initial Access,0.7022332549095154,1,0.1569506726457399,Initial Access
2018-02-14 11:06:35,0.6136909127235413,0.46790432929992676,Initial Access,0.685534656047821,1,0.4095238095238095,Initial Access
2018-02-14 11:06:40,0.6103806495666504,0.45703715085983276,Initial Access,0.6793590784072876,1,0.3820224719101123,Initial Access
2018-02-14 11:06:45,0.6120840311050415,0.46135252714157104,Initial Access,0.682313859462738,1,0.3490566037735849,Initial Access
2018-02-14 11:06:50,0.5894445180892944,0.44828692078590393,Initial Access,0.6566441655158997,1,0.1528384279475982,Initial Access
2018-02-14 11:06:55,0.5917947292327881,0.454488068819046,Initial Access,0.6582232117652893,1,0.2923076923076923,Initial Access
2018-02-14 11:07:00,0.5755460262298584,0.45534634590148926,Initial Access,0.6251260042190552,1,0.4024390243902439,Initial Access
2018-02-14 11:07:05,0.5747048854827881,0.45755547285079956,Initial Access,0.6301182508468628,1,0.2782608695652174,Initial Access
2018-02-14 11:07:10,0.581106424331665,0.4570385813713074,Initial Access,0.6299720406532288,1,0.1682692307692307,Initial Access
2018-02-14 11:07:15,0.5772048830986023,0.4599479138851166,Initial Access,0.6159321665763855,1,0.3516483516483517,Initial Access
2018-02-14 11:07:20,0.5315780639648438,0.4242619276046753,Initial Access,0.5408303141593933,1,0.2844036697247706,Initial Access
2018-02-14 11:07:25,0.49673715233802795,0.3952019214630127,Benign,0.5187438130378723,1,0.171875,Initial Access
2018-02-14 11:07:30,0.3831268548965454,0.34840747714042664,Benign,0.6604886651039124,1,0.1727748691099476,Initial Access
2018-02-14 11:07:35,0.5063230991363525,0.41403892636299133,Initial Access,0.5004047155380249,1,0.3644859813084112,Initial Access
2018-02-14 11:07:40,0.5416370630264282,0.4487249553203583,Initial Access,0.5478008389472961,1,0.1011560693641618,Initial Access
2018-02-14 11:07:45,0.5435595512390137,0.4624139368534088,Initial Access,0.5515269637107849,1,0.1115384615384615,Initial Access
2018-02-14 11:07:50,0.5003900527954102,0.43762263655662537,Benign,0.5117624998092651,1,0.0904109589041095,Initial Access
2018-02-14 11:07:55,0.3983670175075531,0.39770063757896423,Benign,0.6303461194038391,1,0.2520325203252032,Initial Access
2018-02-14 11:08:00,0.31505733728408813,0.36792466044425964,Benign,0.7133083343505859,1,0.2411347517730496,Initial Access
2018-02-14 11:08:05,0.24108056724071503,0.3403141498565674,Benign,0.7836235165596008,1,0.3466666666666667,Initial Access
2018-02-14 11:08:10,0.3178631365299225,0.3745053708553314,Benign,0.7046595811843872,1,0.3555555555555555,Initial Access
2018-02-14 11:08:15,0.3353383243083954,0.38149866461753845,Benign,0.6843096613883972,1,0.2275862068965517,Initial Access
2018-02-14 11:08:20,0.30851319432258606,0.3655257523059845,Benign,0.7103370428085327,1,0.1240310077519379,Initial Access
2018-02-14 11:08:25,0.25126907229423523,0.3388645052909851,Benign,0.768646776676178,1,0.2638888888888889,Initial Access
2018-02-14 11:08:30,0.4033030867576599,0.398698627948761,Benign,0.6103891134262085,1,0.2923076923076923,Initial Access
2018-02-14 11:08:35,0.40398308634757996,0.39970988035202026,Benign,0.6125183701515198,1,0.1989795918367347,Initial Access
2018-02-14 11:08:40,0.38566404581069946,0.38527360558509827,Benign,0.6400348544120789,1,0.2040816326530612,Initial Access
2018-02-14 11:08:45,0.2621334195137024,0.3303574323654175,Benign,0.7701597213745117,1,0.240506329113924,Initial Access
2018-02-14 11:08:50,0.22949866950511932,0.3102577030658722,Benign,0.8020697236061096,1,0.2055555555555555,Initial Access
2018-02-14 11:08:55,0.2033548802137375,0.29425403475761414,Benign,0.8255711793899536,1,0.1325301204819277,Initial Access
2018-02-14 11:09:00,0.12704139947891235,0.2519909143447876,Benign,0.8908483982086182,1,0.2857142857142857,Initial Access
2018-02-14 11:09:05,0.14765197038650513,0.2625848948955536,Benign,0.8744959831237793,1,0.1040462427745664,Initial Access
2018-02-14 11:09:10,0.14413653314113617,0.26944443583488464,Benign,0.876491367816925,1,0.1085526315789473,Initial Access
2018-02-14 11:09:15,0.22994188964366913,0.3273540437221527,Benign,0.7967475652694702,1,0.1196013289036544,Initial Access
2018-02-14 11:09:20,0.14145193994045258,0.2836454212665558,Benign,0.8750243186950684,1,0.1132686084142394,Initial Access
2018-02-14 11:09:25,0.16599543392658234,0.30251824855804443,Benign,0.8487339615821838,1,0.1752577319587628,Initial Access
2018-02-14 11:09:30,0.2012471854686737,0.3195602297782898,Benign,0.8197696805000305,1,0.3490566037735849,Initial Access
2018-02-14 11:09:35,0.28688687086105347,0.3562791347503662,Benign,0.7259831428527832,1,0.2330827067669172,Initial Access
2018-02-14 11:09:40,0.22236306965351105,0.3267214894294739,Benign,0.8014780879020691,1,0.2183098591549295,Initial Access
2018-02-14 11:09:45,0.15114334225654602,0.28412261605262756,Benign,0.8739885091781616,1,0.1758793969849246,Initial Access
2018-02-14 11:09:50,0.07750029116868973,0.2262350618839264,Benign,0.9388408660888672,1,0.2956521739130435,Initial Access
2018-02-14 11:09:55,0.04626233130693436,0.1870001256465912,Benign,0.963291347026825,1,0.2833333333333333,Initial Access
2018-02-14 11:10:00,0.09317424893379211,0.23284292221069336,Benign,0.9253000020980835,1,0.25,Initial Access
2018-02-14 11:10:05,0.1433410793542862,0.2669673562049866,Benign,0.8815076351165771,1,0.2678571428571428,Initial Access
2018-02-14 11:10:10,0.1263267993927002,0.24789559841156006,Benign,0.8931889533996582,1,0.232258064516129,Initial Access
2018-02-14 11:10:15,0.1581556648015976,0.26733243465423584,Benign,0.8619568347930908,1,0.2313432835820895,Initial Access
2018-02-14 11:10:20,0.20847050845623016,0.2916707992553711,Benign,0.8189764022827148,1,0.2344827586206896,Initial Access
2018-02-14 11:10:25,0.2038884311914444,0.2872747778892517,Benign,0.823913037776947,1,0.0730223123732251,Initial Access
2018-02-14 11:10:30,0.25552818179130554,0.32228824496269226,Benign,0.7813491225242615,1,0.0494186046511627,Initial Access
2018-02-14 11:10:35,0.48787012696266174,0.40454918146133423,Benign,0.5279240608215332,1,0.0491071428571428,Initial Access
2018-02-14 11:10:40,0.7451683282852173,0.4546450972557068,Initial Access,0.7434375286102295,1,0.1120943952802359,Initial Access
2018-02-14 11:10:45,0.7059881687164307,0.4302963316440582,Initial Access,0.7191092371940613,1,0.2258064516129032,Initial Access
2018-02-14 11:10:50,0.7657643556594849,0.46766871213912964,Initial Access,0.7793433666229248,1,0.2676056338028169,Initial Access
2018-02-14 11:10:55,0.8097547888755798,0.506985068321228,Initial Access,0.8250725269317627,1,0.2990654205607476,Initial Access
2018-02-14 11:11:00,0.8243016004562378,0.5219979286193848,Initial Access,0.8420166969299316,1,0.2952380952380952,Initial Access
2018-02-14 11:11:05,0.8109943866729736,0.531160295009613,Initial Access,0.8348892331123352,1,0.1933962264150943,Initial Access
2018-02-14 11:11:10,0.796074390411377,0.5328655242919922,Initial Access,0.8255093693733215,1,0.1042471042471042,Initial Access
2018-02-14 11:11:15,0.7339197397232056,0.513552188873291,Initial Access,0.7700355052947998,1,0.091644204851752,Initial Access
2018-02-14 11:11:20,0.6730059385299683,0.4951135516166687,Initial Access,0.7081303596496582,1,0.3,Initial Access
2018-02-14 11:11:25,0.5972797274589539,0.4804985523223877,Initial Access,0.6353887915611267,1,0.2649572649572649,Initial Access
2018-02-14 11:11:30,0.5508605241775513,0.47337275743484497,Initial Access,0.5810869336128235,1,0.3017241379310345,Initial Access
2018-02-14 11:11:35,0.4538627862930298,0.43720489740371704,Benign,0.541865348815918,1,0.351063829787234,Initial Access
2018-02-14 11:11:40,0.32715892791748047,0.3738677203655243,Benign,0.6861567497253418,1,0.3333333333333333,Initial Access
2018-02-14 11:11:45,0.2021533101797104,0.30971306562423706,Benign,0.8145642876625061,1,0.1371841155234657,Initial Access
2018-02-14 11:11:50,0.09206458181142807,0.23229515552520752,Benign,0.9157196283340454,1,0.2517006802721088,Initial Access
2018-02-14 11:11:55,0.05262306332588196,0.1865646094083786,Benign,0.9531171321868896,1,0.1894736842105263,Initial Access
2018-02-14 11:12:00,0.035520583391189575,0.1612616926431656,Benign,0.9687822461128235,1,0.0904392764857881,Initial Access
2018-02-14 11:12:05,0.028611568734049797,0.1546718031167984,Benign,0.9747772216796875,1,0.2704918032786885,Initial Access
2018-02-14 11:12:10,0.03796021267771721,0.17675523459911346,Benign,0.9662083983421326,1,0.2741935483870967,Initial Access
2018-02-14 11:12:15,0.061838045716285706,0.21301257610321045,Benign,0.9440450668334961,1,0.2098765432098765,Initial Access
2018-02-14 11:12:20,0.13082869350910187,0.2800714671611786,Benign,0.8835076093673706,1,0.1813186813186813,Initial Access
2018-02-14 11:12:25,0.1980365365743637,0.32905083894729614,Benign,0.822492241859436,1,0.0814249363867684,Initial Access
2018-02-14 11:12:30,0.12335436046123505,0.2769598364830017,Benign,0.8864989280700684,1,0.1014851485148514,Initial Access
2018-02-14 11:12:35,0.07145169377326965,0.22492848336696625,Benign,0.9321285486221313,1,0.104225352112676,Initial Access
2018-02-14 11:12:40,0.044419676065444946,0.18766337633132935,Benign,0.9582297801971436,1,0.1394230769230769,Initial Access
2018-02-14 11:12:45,0.027668356895446777,0.15845012664794922,Benign,0.9750680327415466,1,0.0831024930747922,Initial Access
2018-02-14 11:12:50,0.019669054076075554,0.14105066657066345,Benign,0.9825757741928101,1,0.1023890784982935,Initial Access
2018-02-14 11:12:55,0.018498465418815613,0.13728046417236328,Benign,0.984341561794281,1,0.1422594142259414,Initial Access
2018-02-14 11:13:00,0.01640765741467476,0.13131500780582428,Benign,0.9864764213562012,1,0.2596153846153846,Initial Access
2018-02-14 11:13:05,0.011893966235220432,0.11837497353553772,Benign,0.989812433719635,1,0.3661971830985915,Initial Access
2018-02-14 11:13:10,0.010229365900158882,0.11128813773393631,Benign,0.9909578561782837,1,0.3118279569892473,Initial Access
2018-02-14 11:13:15,0.00912439078092575,0.105054572224617,Benign,0.9915797710418701,1,0.1408450704225352,Initial Access
2018-02-14 11:13:20,0.007709796074777842,0.09825427830219269,Benign,0.9929379820823669,1,0.1741573033707865,Initial Access
2018-02-14 11:13:25,0.006645756773650646,0.09094911813735962,Benign,0.9939191341400146,1,0.1045197740112994,Initial Access
2018-02-14 11:13:30,0.007545423693954945,0.09553875029087067,Benign,0.9932384490966797,1,0.1134751773049645,Initial Access
2018-02-14 11:13:35,0.00652738893404603,0.09085946530103683,Benign,0.9939875602722168,1,0.1287553648068669,Initial Access
2018-02-14 11:13:40,0.006132521200925112,0.08935260772705078,Benign,0.9943793416023254,1,0.2882882882882883,Initial Access
2018-02-14 11:13:45,0.007661511655896902,0.09784994274377823,Benign,0.9930481314659119,1,0.3883495145631068,Initial Access
2018-02-14 11:13:50,0.0072584268637001514,0.0948917344212532,Benign,0.9933938384056091,1,0.1372549019607843,Initial Access
2018-02-14 11:13:55,0.006125311367213726,0.0875779539346695,Benign,0.9943338632583618,1,0.1630901287553648,Initial Access
2018-02-14 11:14:00,0.005906948819756508,0.0854450985789299,Benign,0.9944466352462769,1,0.2291666666666666,Initial Access
2018-02-14 11:14:05,0.0063642822206020355,0.08694745600223541,Benign,0.9941288232803345,1,0.1870503597122302,Initial Access
2018-02-14 11:14:10,0.0091464938595891,0.10073667019605637,Benign,0.9918639659881592,1,0.2480620155038759,Initial Access
2018-02-14 11:14:15,0.013533268123865128,0.11791408061981201,Benign,0.9877112507820129,1,0.2719298245614035,Initial Access
2018-02-14 11:14:20,0.02035682089626789,0.1358795315027237,Benign,0.9806646108627319,1,0.3707865168539326,Initial Access
2018-02-14 11:14:25,0.02292315661907196,0.14082953333854675,Benign,0.9781783223152161,1,0.256198347107438,Initial Access
2018-02-14 11:14:30,0.03776803985238075,0.1681705117225647,Benign,0.9626274704933167,1,0.1965317919075144,Initial Access
2018-02-14 11:14:35,0.042022787034511566,0.17264893651008606,Benign,0.9586979746818542,1,0.2990654205607476,Initial Access
2018-02-14 11:14:40,0.04687480255961418,0.1775389462709427,Benign,0.9546671509742737,1,0.2877697841726618,Initial Access
2018-02-14 11:14:45,0.03931320831179619,0.16269414126873016,Benign,0.9634867310523987,1,0.3109243697478991,Initial Access
2018-02-14 11:14:50,0.03310266137123108,0.14862830936908722,Benign,0.9703497886657715,1,0.2032967032967033,Initial Access
2018-02-14 11:14:55,0.024880006909370422,0.13288138806819916,Benign,0.9781212210655212,1,0.3333333333333333,Initial Access
2018-02-14 11:15:00,0.02961692586541176,0.13999879360198975,Benign,0.9742262363433838,1,0.4395604395604395,Initial Access
2018-02-14 11:15:05,0.0386214479804039,0.1539478749036789,Benign,0.9668333530426025,1,0.3493975903614458,Initial Access
2018-02-14 11:15:10,0.06712732464075089,0.1904921531677246,Benign,0.9404878616333008,1,0.2611940298507462,Initial Access
2018-02-14 11:15:15,0.12980139255523682,0.24629390239715576,Benign,0.881308376789093,1,0.2317073170731707,Initial Access
2018-02-14 11:15:20,0.20360878109931946,0.29161208868026733,Benign,0.8160264492034912,1,0.2317880794701986,Initial Access
2018-02-14 11:15:25,0.19344966113567352,0.2877417802810669,Benign,0.823849618434906,1,0.2080536912751678,Initial Access
2018-02-14 11:15:30,0.17719583213329315,0.27793362736701965,Benign,0.8344330191612244,1,0.2954545454545454,Initial Access
2018-02-14 11:15:35,0.26438578963279724,0.32483208179473877,Benign,0.7485031485557556,1,0.2916666666666667,Initial Access
2018-02-14 11:15:40,0.32823505997657776,0.3560580611228943,Benign,0.6820739507675171,1,0.1725888324873096,Initial Access
2018-02-14 11:15:45,0.29911309480667114,0.342634379863739,Benign,0.7077840566635132,1,0.264,Initial Access
2018-02-14 11:15:50,0.2874002158641815,0.33314746618270874,Benign,0.7221532464027405,1,0.3789473684210526,Initial Access
2018-02-14 11:15:55,0.31933319568634033,0.34616827964782715,Benign,0.6903637051582336,1,0.3440860215053763,Initial Access
2018-02-14 11:16:00,0.36869052052497864,0.3690005838871002,Benign,0.6367403268814087,1,0.1541666666666666,Initial Access
2018-02-14 11:16:05,0.454860657453537,0.406955748796463,Benign,0.5456600785255432,1,0.2720588235294117,Initial Access
2018-02-14 11:16:10,0.4081314504146576,0.39149847626686096,Benign,0.5892841219902039,1,0.3097345132743362,Initial Access
2018-02-14 11:16:15,0.435560405254364,0.4017665684223175,Benign,0.5579979419708252,1,0.3658536585365853,Initial Access
2018-02-14 11:16:20,0.4475799798965454,0.4048185348510742,Benign,0.5392957925796509,1,0.2291666666666666,Initial Access
2018-02-14 11:16:25,0.41082581877708435,0.38384926319122314,Benign,0.5746778249740601,1,0.2191011235955056,Initial Access
2018-02-14 11:16:30,0.3679749071598053,0.3611029386520386,Benign,0.6233538389205933,1,0.2162162162162162,Initial Access
2018-02-14 11:16:35,0.38017141819000244,0.3706837296485901,Benign,0.6065574884414673,1,0.2857142857142857,Initial Access
2018-02-14 11:16:40,0.3471847474575043,0.3605748116970062,Benign,0.6402328014373779,1,0.2515723270440251,Initial Access
2018-02-14 11:16:45,0.2886512279510498,0.3372974097728729,Benign,0.7074117064476013,1,0.2583333333333333,Initial Access
2018-02-14 11:16:50,0.17946481704711914,0.29018011689186096,Benign,0.8229984641075134,1,0.1282894736842105,Initial Access
2018-02-14 11:16:55,0.15532207489013672,0.28296419978141785,Benign,0.8454135060310364,1,0.1696428571428571,Initial Access
2018-02-14 11:17:00,0.17407388985157013,0.2965569496154785,Benign,0.8234278559684753,1,0.296875,Initial Access
2018-02-14 11:17:05,0.2677806615829468,0.34268155694007874,Benign,0.7254902720451355,1,0.3269230769230769,Initial Access
2018-02-14 11:17:10,0.2968275249004364,0.3565349578857422,Benign,0.7002313733100891,1,0.2429906542056074,Initial Access
2018-02-14 11:17:15,0.24222031235694885,0.33194637298583984,Benign,0.762353241443634,1,0.191860465116279,Initial Access
2018-02-14 11:17:20,0.24830476939678192,0.3312801718711853,Benign,0.7636425495147705,1,0.15,Initial Access
2018-02-14 11:17:25,0.29042309522628784,0.34722545742988586,Benign,0.7248128056526184,1,0.1115107913669064,Initial Access
2018-02-14 11:17:30,0.2354194074869156,0.3275093734264374,Benign,0.7830761671066284,1,0.1619047619047619,Initial Access
2018-02-14 11:17:35,0.13946619629859924,0.2853507995605469,Benign,0.8756445050239563,1,0.2755905511811024,Initial Access
2018-02-14 11:17:40,0.1188792809844017,0.2620641887187958,Benign,0.9003256559371948,1,0.171945701357466,Initial Access
2018-02-14 11:17:45,0.12627598643302917,0.2650815546512604,Benign,0.8969265818595886,1,0.2258064516129032,Initial Access
2018-02-14 11:17:50,0.14646343886852264,0.2761806845664978,Benign,0.884187638759613,1,0.2352941176470588,Initial Access
2018-02-14 11:17:55,0.1059262678027153,0.24708929657936096,Benign,0.9225538969039917,1,0.0849858356940509,Initial Access
2018-02-14 11:18:00,0.04295622557401657,0.1858523041009903,Benign,0.9702372550964355,1,0.2083333333333333,Initial Access
2018-02-14 11:18:05,0.027772894129157066,0.16093537211418152,Benign,0.9802897572517395,1,0.25,Initial Access
2018-02-14 11:18:10,0.02230771631002426,0.14860938489437103,Benign,0.9834645986557007,1,0.2229729729729729,Initial Access
2018-02-14 11:18:15,0.029976995661854744,0.1675499975681305,Benign,0.9773494601249695,1,0.24,Initial Access
2018-02-14 11:18:20,0.03186262026429176,0.1723812371492386,Benign,0.9752383232116699,1,0.2598425196850393,Initial Access
2018-02-14 11:18:25,0.027380257844924927,0.16081750392913818,Benign,0.978220522403717,1,0.2134146341463414,Initial Access
2018-02-14 11:18:30,0.01940326951444149,0.13934852182865143,Benign,0.9839576482772827,1,0.1694915254237288,Initial Access
2018-02-14 11:18:35,0.021479234099388123,0.14406995475292206,Benign,0.9821155071258545,1,0.2065217391304347,Initial Access
2018-02-14 11:18:40,0.03056962415575981,0.16581688821315765,Benign,0.9742947816848755,1,0.2748091603053435,Initial Access
2018-02-14 11:18:45,0.022696014493703842,0.1453150510787964,Benign,0.9809263944625854,1,0.1846153846153846,Initial Access
2018-02-14 11:18:50,0.017140457406640053,0.1303308755159378,Benign,0.9857627153396606,1,0.1204013377926421,Initial Access
2018-02-14 11:18:55,0.016278071328997612,0.1306142956018448,Benign,0.9865810871124268,1,0.0902439024390243,Initial Access
2018-02-14 11:19:00,0.01676497794687748,0.1344498097896576,Benign,0.9865832924842834,1,0.1434782608695652,Initial Access
2018-02-14 11:19:05,0.03065531887114048,0.16800642013549805,Benign,0.9758511781692505,1,0.124401913875598,Initial Access
2018-02-14 11:19:10,0.06710971146821976,0.21997959911823273,Benign,0.9471549987792969,1,0.1925133689839572,Initial Access
2018-02-14 11:19:15,0.14790956676006317,0.2895239293575287,Benign,0.878247082233429,1,0.1933701657458563,Initial Access
2018-02-14 11:19:20,0.16712786257266998,0.30207040905952454,Benign,0.8582770228385925,1,0.1302521008403361,Initial Access
2018-02-14 11:19:25,0.19283919036388397,0.3241863548755646,Benign,0.8326321840286255,1,0.1107692307692307,Initial Access
2018-02-14 11:19:30,0.20534434914588928,0.335193395614624,Benign,0.8229138255119324,1,0.1144781144781144,Initial Access
2018-02-14 11:19:35,0.25174984335899353,0.35749685764312744,Benign,0.7827762961387634,1,0.1198501872659176,Initial Access
2018-02-14 11:19:40,0.35621678829193115,0.4066416323184967,Benign,0.67983478307724,1,0.2269938650306748,Initial Access
2018-02-14 11:19:45,0.33319833874702454,0.4007718861103058,Benign,0.7077571153640747,1,0.191860465116279,Initial Access
2018-02-14 11:19:50,0.1596667319536209,0.3074442744255066,Benign,0.8726673126220703,1,0.264,Initial Access
2018-02-14 11:19:55,0.12628431618213654,0.27843672037124634,Benign,0.9010695815086365,1,0.2482269503546099,Initial Access
2018-02-14 11:20:00,0.09242822974920273,0.24846874177455902,Benign,0.9278802275657654,1,0.2517985611510791,Initial Access
2018-02-14 11:20:05,0.06014588475227356,0.21284887194633484,Benign,0.9524977803230286,1,0.1459459459459459,Initial Access
2018-02-14 11:20:10,0.04265608638525009,0.1898307502269745,Benign,0.965334951877594,1,0.1590909090909091,Initial Access
2018-02-14 11:20:15,0.046129945665597916,0.1965980976819992,Benign,0.9623377919197083,1,0.2413793103448276,Initial Access
2018-02-14 11:20:20,0.045076362788677216,0.19383962452411652,Benign,0.9620498418807983,1,0.1910112359550561,Initial Access
2018-02-14 11:20:25,0.029427845031023026,0.1677103489637375,Benign,0.9748592376708984,1,0.1574074074074074,Initial Access
2018-02-14 11:20:30,0.056909579783678055,0.21373988687992096,Benign,0.9512048363685608,1,0.3017241379310345,Initial Access
2018-02-14 11:20:35,0.1293606013059616,0.2792668342590332,Benign,0.886469841003418,1,0.351063829787234,Initial Access
2018-02-14 11:20:40,0.3106611669063568,0.38009190559387207,Benign,0.7212326526641846,1,0.4545454545454545,Initial Access
2018-02-14 11:20:45,0.39992374181747437,0.40771475434303284,Benign,0.6328080892562866,1,0.2391304347826087,Initial Access
2018-02-14 11:20:50,0.35130661725997925,0.383711576461792,Benign,0.6809139847755432,1,0.2761904761904762,Initial Access
2018-02-14 11:20:55,0.2721259295940399,0.3407287001609802,Benign,0.7606455683708191,1,0.3478260869565217,Initial Access
2018-02-14 11:21:00,0.24620120227336884,0.3212995231151581,Benign,0.7870134711265564,1,0.165,Initial Access
2018-02-14 11:21:05,0.3547215163707733,0.37016624212265015,Benign,0.6779466271400452,1,0.2208588957055214,Initial Access
2018-02-14 11:21:10,0.5320199728012085,0.44351470470428467,Initial Access,0.5312643647193909,1,0.1733333333333333,Initial Access
2018-02-14 11:21:15,0.5393689870834351,0.44586697220802307,Initial Access,0.5463898777961731,1,0.071625344352617,Initial Access
2018-02-14 11:21:20,0.5633189082145691,0.4585631489753723,Initial Access,0.578883945941925,1,0.1624365482233502,Initial Access
2018-02-14 11:21:25,0.4871775805950165,0.43565624952316284,Benign,0.5084623694419861,1,0.138755980861244,Initial Access
2018-02-14 11:21:30,0.39851611852645874,0.3971863389015198,Benign,0.6190056800842285,1,0.1565656565656565,Initial Access
2018-02-14 11:21:35,0.28703615069389343,0.3583785593509674,Benign,0.7426667809486389,1,0.115625,Initial Access
2018-02-14 11:21:40,0.14150498807430267,0.2855757176876068,Benign,0.8828389048576355,1,0.1262798634812286,Initial Access
2018-02-14 11:21:45,0.0574532151222229,0.2088194638490677,Benign,0.9536070823669434,1,0.4111111111111111,Initial Access
2018-02-14 11:21:50,0.04457416757941246,0.19003945589065552,Benign,0.963571310043335,1,0.1804123711340206,Initial Access
2018-02-14 11:21:55,0.026337187737226486,0.15810145437717438,Benign,0.9781358242034912,1,0.2647058823529412,Initial Access
2018-02-14 11:22:00,0.016359813511371613,0.13233770430088043,Benign,0.985817015171051,1,0.2156862745098039,Initial Access
2018-02-14 11:22:05,0.011976238340139389,0.1155979260802269,Benign,0.9893679022789001,1,0.21875,Initial Access
2018-02-14 11:22:10,0.010647512041032314,0.10966014117002487,Benign,0.9904780387878418,1,0.2835820895522388,Initial Access
2018-02-14 11:22:15,0.008854741230607033,0.0981813594698906,Benign,0.9920318126678467,1,0.2013422818791946,Initial Access
2018-02-14 11:22:20,0.007518138270825148,0.0889759212732315,Benign,0.9933011531829834,1,0.1627906976744186,Initial Access
2018-02-14 11:22:25,0.006474154070019722,0.08302401751279831,Benign,0.994070827960968,1,0.1987577639751552,Initial Access
2018-02-14 11:22:30,0.006694828625768423,0.0842762216925621,Benign,0.9939613938331604,1,0.1336032388663967,Initial Access
2018-02-14 11:22:35,0.006244901102036238,0.08376764506101608,Benign,0.994358241558075,1,0.1929824561403508,Initial Access
2018-02-14 11:22:40,0.005359441041946411,0.0778060108423233,Benign,0.9951598048210144,1,0.1178571428571428,Initial Access
2018-02-14 11:22:45,0.005309588275849819,0.08005895465612411,Benign,0.9952320456504822,1,0.3445378151260504,Initial Access
2018-02-14 11:22:50,0.0053346422500908375,0.077871173620224,Benign,0.9952684044837952,1,0.3297872340425531,Initial Access
2018-02-14 11:22:55,0.006056216079741716,0.07967682927846909,Benign,0.9946817755699158,1,0.2619047619047619,Initial Access
2018-02-14 11:23:00,0.009172182530164719,0.09566917270421982,Benign,0.9920857548713684,1,0.1871345029239766,Initial Access
2018-02-14 11:23:05,0.013740678317844868,0.11393771320581436,Benign,0.9881270527839661,1,0.1818181818181818,Initial Access
2018-02-14 11:23:10,0.01796436496078968,0.12671680748462677,Benign,0.984235405921936,1,0.1675392670157068,Initial Access
2018-02-14 11:23:15,0.022934509441256523,0.14468076825141907,Benign,0.9784552454948425,1,0.0789473684210526,Initial Access
2018-02-14 11:23:20,0.033042360097169876,0.16783685982227325,Benign,0.9674091339111328,1,0.1684782608695652,Initial Access
2018-02-14 11:23:25,0.04845375195145607,0.19272112846374512,Benign,0.9513424038887024,1,0.2912621359223301,Initial Access
2018-02-14 11:23:30,0.03596288338303566,0.17118877172470093,Benign,0.9645453095436096,1,0.2788461538461538,Initial Access
2018-02-14 11:23:35,0.05360301211476326,0.19416330754756927,Benign,0.9473066926002502,1,0.2935779816513761,Initial Access
2018-02-14 11:23:40,0.04714161157608032,0.18529199063777924,Benign,0.9533194899559021,1,0.28,Initial Access
2018-02-14 11:23:45,0.04405100271105766,0.18154381215572357,Benign,0.9572738409042358,1,0.2205882352941176,Initial Access
2018-02-14 11:23:50,0.04620332270860672,0.18377214670181274,Benign,0.95604407787323,1,0.2682926829268293,Initial Access
2018-02-14 11:23:55,0.03798041120171547,0.17130224406719208,Benign,0.9646579027175903,1,0.3047619047619048,Initial Access
2018-02-14 11:24:00,0.036553069949150085,0.16613779962062836,Benign,0.9667249917984009,1,0.1780821917808219,Initial Access
2018-02-14 11:24:05,0.03470722958445549,0.1635422259569168,Benign,0.9684733152389526,1,0.1441860465116279,Initial Access
2018-02-14 11:24:10,0.03001008927822113,0.15627045929431915,Benign,0.9719741344451904,1,0.3166666666666666,Initial Access
2018-02-14 11:24:15,0.0379151813685894,0.165853351354599,Benign,0.9641612768173218,1,0.2894736842105263,Initial Access
2018-02-14 11:24:20,0.03913393244147301,0.16582490503787994,Benign,0.9627658724784851,1,0.4520547945205479,Initial Access
2018-02-14 11:24:25,0.0625709816813469,0.1922343373298645,Benign,0.9406863451004028,1,0.3181818181818182,Initial Access
2018-02-14 11:24:30,0.05686786770820618,0.18200840055942535,Benign,0.9462195038795471,1,0.2183098591549295,Initial Access
2018-02-14 11:24:35,0.04034257307648659,0.158782497048378,Benign,0.9626951813697815,1,0.308411214953271,Initial Access
2018-02-14 11:24:40,0.04054797813296318,0.15549582242965698,Benign,0.9635082483291626,1,0.2229729729729729,Initial Access
2018-02-14 11:24:45,0.04536595195531845,0.16498060524463654,Benign,0.9587637782096863,1,0.282258064516129,Initial Access
2018-02-14 11:24:50,0.0474168136715889,0.16864439845085144,Benign,0.956902265548706,1,0.2357723577235772,Initial Access
2018-02-14 11:24:55,0.10599289834499359,0.2292366474866867,Benign,0.9002419710159302,1,0.2298136645962732,Initial Access
2018-02-14 11:25:00,0.18119078874588013,0.2773605287075043,Benign,0.8279845714569092,1,0.2479338842975206,Initial Access
2018-02-14 11:25:05,0.27569058537483215,0.32490432262420654,Benign,0.729317843914032,1,0.3118279569892473,Initial Access
2018-02-14 11:25:10,0.27715563774108887,0.32528653740882874,Benign,0.7309787273406982,1,0.1043165467625899,Initial Access
2018-02-14 11:25:15,0.22932875156402588,0.30750182271003723,Benign,0.7816433906555176,1,0.2330827067669172,Initial Access
2018-02-14 11:25:20,0.24013714492321014,0.3103819489479065,Benign,0.7680726647377014,1,0.308411214953271,Initial Access
2018-02-14 11:25:25,0.3020640015602112,0.33716487884521484,Benign,0.7062710523605347,1,0.2536231884057971,Initial Access
2018-02-14 11:25:30,0.3348124325275421,0.3549208343029022,Benign,0.6691072583198547,1,0.0997304582210242,Initial Access
2018-02-14 11:25:35,0.2783803641796112,0.3321409523487091,Benign,0.7289450764656067,1,0.2676056338028169,Initial Access
2018-02-14 11:25:40,0.22190901637077332,0.31046798825263977,Benign,0.7868859767913818,1,0.1952380952380952,Initial Access
2018-02-14 11:25:45,0.25815334916114807,0.3300248980522156,Benign,0.7491481304168701,1,0.0969696969696969,Initial Access
2018-02-14 11:25:50,0.24742406606674194,0.3358370363712311,Benign,0.7659896016120911,1,0.1101190476190476,Initial Access
2018-02-14 11:25:55,0.1261301040649414,0.275919646024704,Benign,0.8847674131393433,1,0.0859030837004405,Initial Access
2018-02-14 11:26:00,0.06397666782140732,0.2127920538187027,Benign,0.9435057640075684,1,0.0773333333333333,Initial Access
2018-02-14 11:26:05,0.027781445533037186,0.15727923810482025,Benign,0.9769434332847595,1,0.0535405872193437,Initial Access
2018-02-14 11:26:10,0.01374849397689104,0.11981860548257828,Benign,0.989237904548645,1,0.1526315789473684,Initial Access
2018-02-14 11:26:15,0.009359213523566723,0.10339637100696564,Benign,0.9925304055213928,1,0.1161971830985915,Initial Access
2018-02-14 11:26:20,0.0063881538808345795,0.08903829753398895,Benign,0.9948675632476807,1,0.0784810126582278,Initial Access
2018-02-14 11:26:25,0.005165339447557926,0.0807165652513504,Benign,0.9959145188331604,1,0.2054054054054054,Initial Access
2018-02-14 11:26:30,0.004323775880038738,0.07481079548597336,Benign,0.9963992834091187,1,0.2627737226277372,Initial Access
2018-02-14 11:26:35,0.003749985247850418,0.07121080905199051,Benign,0.9966565370559692,1,0.272,Initial Access
2018-02-14 11:26:40,0.0035536435898393393,0.06961362808942795,Benign,0.9966290593147278,1,0.1902173913043478,Initial Access
2018-02-14 11:26:45,0.003326745703816414,0.06766315549612045,Benign,0.9968097805976868,1,0.4418604651162791,Initial Access
2018-02-14 11:26:50,0.003384839277714491,0.06748178601264954,Benign,0.9964839220046997,1,0.3163265306122449,Initial Access
2018-02-14 11:26:55,0.0037020996678620577,0.06816566735506058,Benign,0.9961223006248474,1,0.2071428571428571,Initial Access
2018-02-14 11:27:00,0.0038028934504836798,0.06738055497407913,Benign,0.9960886240005493,1,0.2534246575342466,Initial Access
2018-02-14 11:27:05,0.00405118940398097,0.06727679073810577,Benign,0.9958756566047668,1,0.1330275229357798,Initial Access
2018-02-14 11:27:10,0.004163042642176151,0.0679963082075119,Benign,0.995814859867096,1,0.2214285714285714,Initial Access
2018-02-14 11:27:15,0.004767661448568106,0.06957076489925385,Benign,0.9953805208206177,1,0.1929824561403508,Initial Access
2018-02-14 11:27:20,0.0052037471905350685,0.0742843970656395,Benign,0.9949677586555481,1,0.0932203389830508,Initial Access
2018-02-14 11:27:25,0.00595430564135313,0.08209231495857239,Benign,0.9944643378257751,1,0.074792243767313,Initial Access
2018-02-14 11:27:30,0.007322202902287245,0.09345799684524536,Benign,0.9934080839157104,1,0.1304347826086956,Initial Access
2018-02-14 11:27:35,0.008614602498710155,0.1056017205119133,Benign,0.9924511313438416,1,0.2700729927007299,Initial Access
2018-02-14 11:27:40,0.010109324008226395,0.11225072294473648,Benign,0.9911415576934814,1,0.3440860215053763,Initial Access
2018-02-14 11:27:45,0.017379773780703545,0.1347217857837677,Benign,0.9844037294387817,1,0.3394495412844037,Initial Access
2018-02-14 11:27:50,0.03559056296944618,0.17131541669368744,Benign,0.9667291045188904,1,0.29,Initial Access
2018-02-14 11:27:55,0.04434859752655029,0.18396881222724915,Benign,0.958508312702179,1,0.1299212598425196,Initial Access
2018-02-14 11:28:00,0.06884873658418655,0.2165047526359558,Benign,0.936329185962677,1,0.0744680851063829,Initial Access
2018-02-14 11:28:05,0.11206348240375519,0.25757285952568054,Benign,0.8969452977180481,1,0.2905982905982906,Initial Access
2018-02-14 11:28:10,0.11583536118268967,0.256117582321167,Benign,0.8930333852767944,1,0.1851851851851851,Initial Access
2018-02-14 11:28:15,0.08398732542991638,0.23348091542720795,Benign,0.9222771525382996,1,0.095679012345679,Initial Access
2018-02-14 11:28:20,0.04906759038567543,0.19618766009807587,Benign,0.9544681906700134,1,0.0640776699029126,Initial Access
2018-02-14 11:28:25,0.03271348029375076,0.17078636586666107,Benign,0.9706409573554993,1,0.1743119266055046,Initial Access
2018-02-14 11:28:30,0.016141381114721298,0.13328762352466583,Benign,0.9853959679603577,1,0.1373390557939914,Initial Access
2018-02-14 11:28:35,0.009122123010456562,0.10918255895376205,Benign,0.9916443228721619,1,0.2147651006711409,Initial Access
2018-02-14 11:28:40,0.007482379674911499,0.10128433257341385,Benign,0.9930382370948792,1,0.1440677966101695,Initial Access
2018-02-14 11:28:45,0.006025521084666252,0.09283487498760223,Benign,0.994345486164093,1,0.1853932584269663,Initial Access
2018-02-14 11:28:50,0.005298029165714979,0.08839653432369232,Benign,0.9950131773948669,1,0.25,Initial Access
2018-02-14 11:28:55,0.004591329954564571,0.08263343572616577,Benign,0.9955514073371887,1,0.2565789473684211,Initial Access
2018-02-14 11:29:00,0.0046462626196444035,0.08203116804361343,Benign,0.9954594969749451,1,0.1917808219178082,Initial Access
2018-02-14 11:29:05,0.0049300165846943855,0.08269734680652618,Benign,0.9951063394546509,1,0.2740740740740741,Initial Access
2018-02-14 11:29:10,0.0052617439068853855,0.08410140872001648,Benign,0.9947267174720764,1,0.0846394984326018,Initial Access
2018-02-14 11:29:15,0.005497662350535393,0.08589673787355423,Benign,0.9946123361587524,1,0.2,Initial Access
2018-02-14 11:29:20,0.005067674443125725,0.08342484384775162,Benign,0.9949487447738647,1,0.288135593220339,Initial Access
2018-02-14 11:29:25,0.004579140804708004,0.07975935190916061,Benign,0.9953535795211792,1,0.3186813186813186,Initial Access
2018-02-14 11:29:30,0.004873606376349926,0.07940580695867538,Benign,0.9949593544006348,1,0.1860465116279069,Initial Access
2018-02-14 11:29:35,0.004574982449412346,0.07746028900146484,Benign,0.995341420173645,1,0.1436170212765957,Initial Access
2018-02-14 11:29:40,0.004541618749499321,0.07839173823595047,Benign,0.9953976273536682,1,0.3541666666666667,Initial Access
2018-02-14 11:29:45,0.005270471330732107,0.08214175701141357,Benign,0.9947033524513245,1,0.1195219123505976,Initial Access
2018-02-14 11:29:50,0.00448730168864131,0.0774930790066719,Benign,0.9955093860626221,1,0.3085106382978723,Initial Access
2018-02-14 11:29:55,0.004849320277571678,0.0781574472784996,Benign,0.9952393770217896,1,0.1989247311827957,Initial Access
2018-02-14 11:30:00,0.0055061341263353825,0.08538160473108292,Benign,0.9947689771652222,1,0.2123287671232876,Initial Access
2018-02-14 11:30:05,0.00708504393696785,0.09641040861606598,Benign,0.9936489462852478,1,0.3070175438596491,Initial Access
2018-02-14 11:30:10,0.007478106766939163,0.09748038649559021,Benign,0.9933404326438904,1,0.238095238095238,Initial Access
2018-02-14 11:30:15,0.008744524791836739,0.10496103018522263,Benign,0.9923811554908752,1,0.2022471910112359,Initial Access
2018-02-14 11:30:20,0.008274774067103863,0.1027032658457756,Benign,0.9928998947143555,1,0.2446043165467626,Initial Access
2018-02-14 11:30:25,0.011110533960163593,0.11525015532970428,Benign,0.9905989766120911,1,0.2402597402597402,Initial Access
2018-02-14 11:30:30,0.015237133949995041,0.13358959555625916,Benign,0.9872992634773254,1,0.24,Initial Access
2018-02-14 11:30:35,0.02053380385041237,0.15015345811843872,Benign,0.9829636812210083,1,0.1743589743589743,Initial Access
2018-02-14 11:30:40,0.01723003014922142,0.14190709590911865,Benign,0.9858448505401611,1,0.3304347826086956,Initial Access
2018-02-14 11:30:45,0.015759188681840897,0.13548164069652557,Benign,0.9870665669441223,1,0.1483050847457627,Initial Access
2018-02-14 11:30:50,0.012467940337955952,0.12537913024425507,Benign,0.9899337887763977,1,0.1275720164609053,Initial Access
2018-02-14 11:30:55,0.01401008665561676,0.13352997601032257,Benign,0.988872230052948,1,0.1254237288135593,Initial Access
2018-02-14 11:31:00,0.012738324701786041,0.13003970682621002,Benign,0.9899133443832397,1,0.2755102040816326,Initial Access
2018-02-14 11:31:05,0.013012255541980267,0.13073864579200745,Benign,0.9896327257156372,1,0.2424242424242424,Initial Access
2018-02-14 11:31:10,0.009168737567961216,0.11238458007574081,Benign,0.992316484451294,1,0.2483660130718954,Initial Access
2018-02-14 11:31:15,0.009019600227475166,0.11141583323478699,Benign,0.9922007918357849,1,0.1120331950207468,Initial Access
2018-02-14 11:31:20,0.008793190121650696,0.1094011440873146,Benign,0.9924941062927246,1,0.2116788321167883,Initial Access
2018-02-14 11:31:25,0.00707930326461792,0.09977246075868607,Benign,0.9936779141426086,1,0.0911602209944751,Initial Access
2018-02-14 11:31:30,0.007297940086573362,0.10220076888799667,Benign,0.9936383366584778,1,0.0785219399538106,Initial Access
2018-02-14 11:31:35,0.005110533442348242,0.08811511844396591,Benign,0.9955986738204956,1,0.0538827258320126,Initial Access
2018-02-14 11:31:40,0.004812739323824644,0.08616533130407333,Benign,0.9959744811058044,1,0.162037037037037,Initial Access
2018-02-14 11:31:45,0.0043198466300964355,0.08198089897632599,Benign,0.9962841868400574,1,0.2116788321167883,Initial Access
2018-02-14 11:31:50,0.0038221916183829308,0.07765377312898636,Benign,0.9965443015098572,1,0.1899441340782122,Initial Access
2018-02-14 11:31:55,0.0035024930257350206,0.07488168776035309,Benign,0.9966878294944763,1,0.2677165354330709,Initial Access
2018-02-14 11:32:00,0.003400841960683465,0.07293026894330978,Benign,0.9966894388198853,1,0.246031746031746,Initial Access
2018-02-14 11:32:05,0.003164617344737053,0.06939458101987839,Benign,0.996839165687561,1,0.1830065359477124,Initial Access
2018-02-14 11:32:10,0.0029698237776756287,0.06723564863204956,Benign,0.9970179796218872,1,0.2666666666666666,Initial Access
2018-02-14 11:32:15,0.002852741861715913,0.06473400443792343,Benign,0.9970518350601196,1,0.1462450592885375,Initial Access
2018-02-14 11:32:20,0.0028587598353624344,0.06484632194042206,Benign,0.9971497654914856,1,0.1666666666666666,Initial Access
2018-02-14 11:32:25,0.002588823903352022,0.061543069779872894,Benign,0.9974160194396973,1,0.2583333333333333,Initial Access
2018-02-14 11:32:30,0.002952607348561287,0.06486532092094421,Benign,0.9970226883888245,1,0.3047619047619048,Initial Access
2018-02-14 11:32:35,0.0033748813439160585,0.0672299712896347,Benign,0.9966080188751221,1,0.2246376811594203,Initial Access
2018-02-14 11:32:40,0.004113269969820976,0.0731889083981514,Benign,0.996012806892395,1,0.1470588235294117,Initial Access
2018-02-14 11:32:45,0.004328233189880848,0.07628036290407181,Benign,0.9958718419075012,1,0.1434599156118143,Initial Access
2018-02-14 11:32:50,0.004222481045871973,0.07687562704086304,Benign,0.9960713386535645,1,0.1666666666666666,Initial Access
2018-02-14 11:32:55,0.003874687710776925,0.07501030713319778,Benign,0.9963881969451904,1,0.16,Initial Access
2018-02-14 11:33:00,0.004433880560100079,0.08091606199741364,Benign,0.9960660338401794,1,0.3267326732673267,Initial Access
2018-02-14 11:33:05,0.004839104600250721,0.08182699978351593,Benign,0.9956997632980347,1,0.2413793103448276,Initial Access
2018-02-14 11:33:10,0.005873326677829027,0.08841217309236526,Benign,0.9949278831481934,1,0.2521739130434782,Initial Access
2018-02-14 11:33:15,0.008382240310311317,0.10191860049962997,Benign,0.9931896328926086,1,0.2037037037037037,Initial Access
2018-02-14 11:33:20,0.01126938872039318,0.11608070880174637,Benign,0.9910691976547241,1,0.237410071942446,Initial Access
2018-02-14 11:33:25,0.014807227067649364,0.12774239480495453,Benign,0.9882440567016602,1,0.1405622489959839,Initial Access
2018-02-14 11:33:30,0.014155913144350052,0.12607643008232117,Benign,0.9887310862541199,1,0.1054054054054054,Initial Access
2018-02-14 11:33:35,0.012176289223134518,0.12223313748836517,Benign,0.9901098608970642,1,0.1217712177121771,Initial Access
2018-02-14 11:33:40,0.009530125185847282,0.11358717828989029,Benign,0.9921414852142334,1,0.16,Initial Access
2018-02-14 11:33:45,0.008365768007934093,0.10873892903327942,Benign,0.993022620677948,1,0.1756097560975609,Initial Access
2018-02-14 11:33:50,0.0072975461371243,0.10511523485183716,Benign,0.9938568472862244,1,0.1034482758620689,Initial Access
2018-02-14 11:33:55,0.0065030306577682495,0.10033369809389114,Benign,0.9944784641265869,1,0.1263537906137184,Initial Access
2018-02-14 11:34:00,0.006587589625269175,0.10147084295749664,Benign,0.9943509101867676,1,0.2054794520547945,Initial Access
2018-02-14 11:34:05,0.007148492615669966,0.10373800247907639,Benign,0.9939309358596802,1,0.0871934604904632,Initial Access
2018-02-14 11:34:10,0.0059718298725783825,0.0951705276966095,Benign,0.9951316118240356,1,0.0818858560794044,Initial Access
2018-02-14 11:34:15,0.004516943357884884,0.08392755687236786,Benign,0.9962691068649292,1,0.2073170731707317,Initial Access
2018-02-14 11:34:20,0.004216124769300222,0.07990352809429169,Benign,0.9964246153831482,1,0.22,Initial Access
2018-02-14 11:34:25,0.004507551435381174,0.0810806006193161,Benign,0.9961121678352356,1,0.1385281385281385,Initial Access
2018-02-14 11:34:30,0.004618655890226364,0.08171558380126953,Benign,0.9959895014762878,1,0.1107011070110701,Initial Access
2018-02-14 11:34:35,0.004936540499329567,0.08372221142053604,Benign,0.9956755042076111,1,0.18,Initial Access
2018-02-14 11:34:40,0.005447442643344402,0.08752792328596115,Benign,0.9952547550201416,1,0.0690978886756238,Initial Access
2018-02-14 11:34:45,0.004447914659976959,0.07993369549512863,Benign,0.9961942434310913,1,0.0887850467289719,Initial Access
2018-02-14 11:34:50,0.003864268073812127,0.0739438384771347,Benign,0.996717631816864,1,0.110091743119266,Initial Access
2018-02-14 11:34:55,0.003572202520444989,0.07055886089801788,Benign,0.9969778060913086,1,0.1114982578397212,Initial Access
2018-02-14 11:35:00,0.0036278937477618456,0.070294089615345,Benign,0.9968936443328857,1,0.11787072243346,Initial Access
2018-02-14 11:35:05,0.0033410547766834497,0.06678503006696701,Benign,0.9971082806587219,1,0.1092896174863388,Initial Access
2018-02-14 11:35:10,0.0032082877587527037,0.06502511352300644,Benign,0.997257649898529,1,0.1535087719298245,Initial Access
2018-02-14 11:35:15,0.003245096653699875,0.0656583234667778,Benign,0.9972077012062073,1,0.1735159817351598,Initial Access
2018-02-14 11:35:20,0.0034030163660645485,0.0669216513633728,Benign,0.9969859719276428,1,0.3975903614457831,Initial Access
2018-02-14 11:35:25,0.003650479484349489,0.06938707828521729,Benign,0.9965603947639465,1,0.1847826086956521,Initial Access
2018-02-14 11:35:30,0.004432843066751957,0.07506625354290009,Benign,0.9960017800331116,1,0.2375,Initial Access
2018-02-14 11:35:35,0.00444110156968236,0.07569654285907745,Benign,0.9958899617195129,1,0.1835748792270531,Initial Access
2018-02-14 11:35:40,0.004566607531160116,0.07713580131530762,Benign,0.9957470297813416,1,0.1033519553072625,Initial Access
2018-02-14 11:35:45,0.004269324708729982,0.07445261627435684,Benign,0.9959930181503296,1,0.2653061224489796,Initial Access
2018-02-14 11:35:50,0.004759049043059349,0.07806923985481262,Benign,0.9954102635383606,1,0.1939393939393939,Initial Access
2018-02-14 11:35:55,0.005446393974125385,0.08328945189714432,Benign,0.9948805570602417,1,0.2258064516129032,Initial Access
2018-02-14 11:36:00,0.005005280487239361,0.07967530936002731,Benign,0.9951501488685608,1,0.2205882352941176,Initial Access
2018-02-14 11:36:05,0.004862975794821978,0.07776668667793274,Benign,0.9952384233474731,1,0.2229299363057325,Initial Access
2018-02-14 11:36:10,0.004916927311569452,0.0784510150551796,Benign,0.9952073693275452,1,0.2272727272727272,Initial Access
2018-02-14 11:36:15,0.005897319409996271,0.08389764279127121,Benign,0.9943834543228149,1,0.25,Initial Access
2018-02-14 11:36:20,0.005531229078769684,0.08144496381282806,Benign,0.9946574568748474,1,0.237037037037037,Initial Access
2018-02-14 11:36:25,0.00761069031432271,0.0941944569349289,Benign,0.9929497241973877,1,0.2830188679245283,Initial Access
2018-02-14 11:36:30,0.01101802196353674,0.10853387415409088,Benign,0.9900982975959778,1,0.3365384615384615,Initial Access
2018-02-14 11:36:35,0.017223361879587173,0.1263856291770935,Benign,0.9853309392929077,1,0.2844827586206896,Initial Access
2018-02-14 11:36:40,0.025304799899458885,0.144734188914299,Benign,0.9787179231643677,1,0.121580547112462,Initial Access
2018-02-14 11:36:45,0.044661931693553925,0.18584731221199036,Benign,0.9621362090110779,1,0.1517857142857142,Initial Access
2018-02-14 11:36:50,0.09957993030548096,0.2415400892496109,Benign,0.9105337262153625,1,0.213235294117647,Initial Access
2018-02-14 11:36:55,0.1435619443655014,0.2641642391681671,Benign,0.8771030306816101,1,0.2191780821917808,Initial Access
2018-02-14 11:37:00,0.13777591288089752,0.25522878766059875,Benign,0.8842748403549194,1,0.2176870748299319,Initial Access
2018-02-14 11:37:05,0.06462188810110092,0.19920097291469574,Benign,0.9478537440299988,1,0.2888888888888888,Initial Access
2018-02-14 11:37:10,0.10209782421588898,0.22684277594089508,Benign,0.9148128628730774,1,0.3366336633663366,Initial Access
2018-02-14 11:37:15,0.12024907022714615,0.23641450703144073,Benign,0.8993632197380066,1,0.4177215189873418,Initial Access
2018-02-14 11:37:20,0.15688163042068481,0.2553649842739105,Benign,0.8643699884414673,1,0.2063492063492063,Initial Access
2018-02-14 11:37:25,0.262412428855896,0.3007310926914215,Benign,0.7581983804702759,1,0.3736263736263736,Initial Access
2018-02-14 11:37:30,0.2490576058626175,0.29152968525886536,Benign,0.7727667093276978,1,0.1648936170212765,Initial Access
2018-02-14 11:37:35,0.3452998697757721,0.33168745040893555,Benign,0.6730191111564636,1,0.2011173184357542,Initial Access
2018-02-14 11:37:40,0.2723330557346344,0.29358258843421936,Benign,0.7507860660552979,1,0.2773109243697479,Initial Access
2018-02-14 11:37:45,0.2764964699745178,0.29497289657592773,Benign,0.7479782700538635,1,0.288,Initial Access
2018-02-14 11:37:50,0.24064098298549652,0.27715203166007996,Benign,0.7858896851539612,1,0.3265306122448979,Initial Access
2018-02-14 11:37:55,0.21392247080802917,0.2669537365436554,Benign,0.8147585988044739,1,0.2392638036809816,Initial Access
2018-02-14 11:38:00,0.2571844160556793,0.287109911441803,Benign,0.7753275036811829,1,0.3720930232558139,Initial Access
2018-02-14 11:38:05,0.2609257400035858,0.2879829406738281,Benign,0.7744857668876648,1,0.2647058823529412,Initial Access
2018-02-14 11:38:10,0.2013714760541916,0.2643893361091614,Benign,0.8310068845748901,1,0.1312056737588652,Initial Access
2018-02-14 11:38:15,0.1580340713262558,0.2510785758495331,Benign,0.8675464987754822,1,0.1967213114754098,Initial Access
2018-02-14 11:38:20,0.14040225744247437,0.24342754483222961,Benign,0.882489025592804,1,0.3114754098360656,Initial Access
2018-02-14 11:38:25,0.2937382161617279,0.3132590651512146,Benign,0.7411214709281921,1,0.2647058823529412,Initial Access
2018-02-14 11:38:30,0.47706156969070435,0.3924175202846527,Benign,0.5382922887802124,1,0.2713178294573643,Initial Access
2018-02-14 11:38:35,0.5545074343681335,0.43687617778778076,Initial Access,0.5720909833908081,1,0.2792792792792792,Initial Access
2018-02-14 11:38:40,0.5651789307594299,0.4463810324668884,Initial Access,0.5866469740867615,1,0.2840909090909091,Initial Access
2018-02-14 11:38:45,0.5754273533821106,0.4566679298877716,Initial Access,0.6119629144668579,1,0.275,Initial Access
2018-02-14 11:38:50,0.567475438117981,0.4572262167930603,Initial Access,0.5970874428749084,1,0.3763440860215054,Initial Access
2018-02-14 11:38:55,0.5667374134063721,0.44837430119514465,Initial Access,0.5839521288871765,1,0.4342105263157895,Initial Access
2018-02-14 11:39:00,0.5663371086120605,0.44093412160873413,Initial Access,0.5739484429359436,1,0.4743589743589743,Initial Access
2018-02-14 11:39:05,0.5776503682136536,0.4452310800552368,Initial Access,0.597874104976654,1,0.2959183673469387,Initial Access
2018-02-14 11:39:10,0.5796938538551331,0.4395048916339874,Initial Access,0.5908462405204773,1,0.3508771929824561,Initial Access
2018-02-14 11:39:15,0.6370878219604492,0.4414629638195038,Initial Access,0.6667224764823914,1,0.2019704433497537,Initial Access
2018-02-14 11:39:20,0.6835004091262817,0.4564647078514099,Initial Access,0.7296011447906494,1,0.1890243902439024,Initial Access
2018-02-14 11:39:25,0.7025827169418335,0.4678081274032593,Initial Access,0.7561238408088684,1,0.1228070175438596,Initial Access
2018-02-14 11:39:30,0.7157596349716187,0.4785635769367218,Initial Access,0.7738664746284485,1,0.1394230769230769,Initial Access
2018-02-14 11:39:35,0.7133455872535706,0.47930148243904114,Initial Access,0.7769715785980225,1,0.0990415335463258,Initial Access
2018-02-14 11:39:40,0.6991301774978638,0.471594899892807,Initial Access,0.7701910734176636,1,0.0988700564971751,Initial Access
2018-02-14 11:39:45,0.6821573376655579,0.4618244469165802,Initial Access,0.750097393989563,1,0.140625,Initial Access
2018-02-14 11:39:50,0.6450099945068359,0.4555244743824005,Initial Access,0.7101671099662781,1,0.1523809523809524,Initial Access
2018-02-14 11:39:55,0.5897851586341858,0.4587644040584564,Initial Access,0.6567891240119934,1,0.25,Initial Access
2018-02-14 11:40:00,0.5046343803405762,0.42891305685043335,Initial Access,0.550460159778595,1,0.213235294117647,Initial Access
2018-02-14 11:40:05,0.3544226586818695,0.3775891363620758,Benign,0.6317315697669983,1,0.2434782608695652,Initial Access
2018-02-14 11:40:10,0.26974743604660034,0.3483894467353821,Benign,0.7389654517173767,1,0.2456140350877192,Initial Access
2018-02-14 11:40:15,0.19544591009616852,0.30908694863319397,Benign,0.8296055793762207,1,0.1103202846975089,Initial Access
2018-02-14 11:40:20,0.11050257086753845,0.2623760998249054,Benign,0.9076768755912781,1,0.1781609195402299,Initial Access
2018-02-14 11:40:25,0.05657246336340904,0.2101970762014389,Benign,0.9521840214729309,1,0.2142857142857142,Initial Access
2018-02-14 11:40:30,0.0325905941426754,0.17107193171977997,Benign,0.9722857475280762,1,0.2260273972602739,Initial Access
2018-02-14 11:40:35,0.028446845710277557,0.16268177330493927,Benign,0.9752578139305115,1,0.3333333333333333,Initial Access
2018-02-14 11:40:40,0.01786617375910282,0.13329915702342987,Benign,0.9843598008155823,1,0.3461538461538461,Initial Access
2018-02-14 11:40:45,0.014005436562001705,0.1172112300992012,Benign,0.9877763986587524,1,0.3333333333333333,Initial Access
2018-02-14 11:40:50,0.012650956399738789,0.1077074408531189,Benign,0.9891979098320007,1,0.1180124223602484,Initial Access
2018-02-14 11:40:55,0.01505752932280302,0.11852946877479553,Benign,0.9872358441352844,1,0.0697674418604651,Initial Access
2018-02-14 11:41:00,0.018498985096812248,0.13427941501140594,Benign,0.9846292734146118,1,0.296,Initial Access
2018-02-14 11:41:05,0.026512449607253075,0.1512981504201889,Benign,0.978260338306427,1,0.3523809523809524,Initial Access
2018-02-14 11:41:10,0.04737500473856926,0.18226377665996552,Benign,0.9604026079177856,1,0.3235294117647059,Initial Access
2018-02-14 11:41:15,0.09287097305059433,0.22405906021595,Benign,0.9267299175262451,1,0.2180451127819548,Initial Access
2018-02-14 11:41:20,0.19975645840168,0.2887524366378784,Benign,0.8369147777557373,1,0.2352941176470588,Initial Access
2018-02-14 11:41:25,0.42923492193222046,0.3870622515678406,Benign,0.58411705493927,1,0.1017964071856287,Initial Access
2018-02-14 11:41:30,0.568472146987915,0.43334561586380005,Initial Access,0.5890716910362244,1,0.1149425287356321,Initial Access
2018-02-14 11:41:35,0.6190042495727539,0.4494282305240631,Initial Access,0.6647067070007324,1,0.1822916666666666,Initial Access
2018-02-14 11:41:40,0.6162588000297546,0.44062066078186035,Initial Access,0.6520677804946899,1,0.111913357400722,Initial Access
2018-02-14 11:41:45,0.5598145723342896,0.4170195162296295,Initial Access,0.5840874910354614,1,0.0781990521327014,Initial Access
2018-02-14 11:41:50,0.3224600553512573,0.3480435907840729,Benign,0.6996818780899048,1,0.2037037037037037,Initial Access
2018-02-14 11:41:55,0.1160263791680336,0.2512524127960205,Benign,0.9198705554008484,1,0.3113207547169811,Initial Access
2018-02-14 11:42:00,0.11204960942268372,0.253693550825119,Benign,0.9245400428771973,1,0.2869565217391304,Initial Access
2018-02-14 11:42:05,0.13009575009346008,0.2721410095691681,Benign,0.9110773205757141,1,0.1875,Initial Access
2018-02-14 11:42:10,0.09156762063503265,0.24162644147872925,Benign,0.9414380788803101,1,0.2253521126760563,Initial Access
2018-02-14 11:42:15,0.07524663954973221,0.22751186788082123,Benign,0.9500808715820312,1,0.3392857142857143,Initial Access
2018-02-14 11:42:20,0.04352530464529991,0.188678577542305,Benign,0.9681222438812256,1,0.2266666666666666,Initial Access
2018-02-14 11:42:25,0.02302640862762928,0.14774182438850403,Benign,0.9816175103187561,1,0.2482269503546099,Initial Access
2018-02-14 11:42:30,0.01134504284709692,0.112362802028656,Benign,0.990038275718689,1,0.0854700854700854,Initial Access
2018-02-14 11:42:35,0.011176002211868763,0.11619169265031815,Benign,0.9905408024787903,1,0.2177419354838709,Initial Access
2018-02-14 11:42:40,0.01737663336098194,0.13926143944263458,Benign,0.9860700964927673,1,0.3831775700934579,Initial Access
2018-02-14 11:42:45,0.011345974169671535,0.11825300008058548,Benign,0.9901949763298035,1,0.2857142857142857,Initial Access
2018-02-14 11:42:50,0.0072779348120093346,0.09676546603441238,Benign,0.9933021068572998,1,0.2214765100671141,Initial Access
2018-02-14 11:42:55,0.007433736231178045,0.09702490270137787,Benign,0.9934005737304688,1,0.2649572649572649,Initial Access
2018-02-14 11:43:00,0.007780355866998434,0.09707076102495193,Benign,0.9930443167686462,1,0.1146245059288537,Initial Access
2018-02-14 11:43:05,0.006719576194882393,0.09189467877149582,Benign,0.994030237197876,1,0.1428571428571428,Initial Access
2018-02-14 11:43:10,0.006610258016735315,0.09165644645690918,Benign,0.9942147135734558,1,0.2537313432835821,Initial Access
2018-02-14 11:43:15,0.008639046922326088,0.1019224002957344,Benign,0.9925685524940491,1,0.3394495412844037,Initial Access
2018-02-14 11:43:20,0.010458610951900482,0.11086421459913254,Benign,0.9911295175552368,1,0.2183098591549295,Initial Access
2018-02-14 11:43:25,0.016398323699831963,0.12937301397323608,Benign,0.9871440529823303,1,0.3384615384615385,Initial Access
2018-02-14 11:43:30,0.03011498600244522,0.1593208611011505,Benign,0.9769765734672546,1,0.1809045226130653,Initial Access
2018-02-14 11:43:35,0.03257350996136665,0.16488344967365265,Benign,0.9747614860534668,1,0.2556390977443609,Initial Access
2018-02-14 11:43:40,0.022738289088010788,0.1468697339296341,Benign,0.9817941188812256,1,0.2619047619047619,Initial Access
2018-02-14 11:43:45,0.01809399388730526,0.13341277837753296,Benign,0.9859557151794434,1,0.2430555555555555,Initial Access
2018-02-14 11:43:50,0.02398744598031044,0.14567452669143677,Benign,0.982413649559021,1,0.1907514450867052,Initial Access
2018-02-14 11:43:55,0.018858840689063072,0.1346616894006729,Benign,0.9861432909965515,1,0.2782608695652174,Initial Access
2018-02-14 11:44:00,0.01223785150796175,0.11670203506946564,Benign,0.9905402660369873,1,0.3829787234042553,Initial Access
2018-02-14 11:44:05,0.019089996814727783,0.13492755591869354,Benign,0.985818088054657,1,0.4590163934426229,Initial Access
2018-02-14 11:44:10,0.02654397301375866,0.14718978106975555,Benign,0.979836106300354,1,0.2052980132450331,Initial Access
2018-02-14 11:44:15,0.07629581540822983,0.21448704600334167,Benign,0.9426504969596863,1,0.2238805970149253,Initial Access
2018-02-14 11:44:20,0.06223597377538681,0.2011292576789856,Benign,0.9525381326675415,1,0.3627450980392157,Initial Access
2018-02-14 11:44:25,0.04295556992292404,0.18071556091308594,Benign,0.966629147529602,1,0.375,Initial Access
2018-02-14 11:44:30,0.04506172612309456,0.18035699427127838,Benign,0.9647901058197021,1,0.3495145631067961,Initial Access
2018-02-14 11:44:35,0.07006792724132538,0.20567965507507324,Benign,0.9440449476242065,1,0.2446043165467626,Initial Access
2018-02-14 11:44:40,0.060314055532217026,0.18983513116836548,Benign,0.9519649147987366,1,0.2903225806451613,Initial Access
2018-02-14 11:44:45,0.12031622976064682,0.2330004870891571,Benign,0.9006569385528564,1,0.3195876288659793,Initial Access
2018-02-14 11:44:50,0.1941494345664978,0.2738902270793915,Benign,0.8375456929206848,1,0.3333333333333333,Initial Access
2018-02-14 11:44:55,0.21915191411972046,0.27788254618644714,Benign,0.8215031623840332,1,0.185022026431718,Initial Access
2018-02-14 11:45:00,0.2564738988876343,0.28812217712402344,Benign,0.7901075482368469,1,0.173728813559322,Initial Access
2018-02-14 11:45:05,0.2756677269935608,0.30107399821281433,Benign,0.7682552337646484,1,0.3035714285714285,Initial Access
2018-02-14 11:45:10,0.17916029691696167,0.26951104402542114,Benign,0.855354368686676,1,0.3297872340425531,Initial Access
2018-02-14 11:45:15,0.2189723253250122,0.2946358919143677,Benign,0.818708598613739,1,0.4222222222222222,Initial Access
2018-02-14 11:45:20,0.25876471400260925,0.3160020112991333,Benign,0.7756155729293823,1,0.330188679245283,Initial Access
2018-02-14 11:45:25,0.2183184027671814,0.2975853383541107,Benign,0.8082785606384277,1,0.35,Initial Access
2018-02-14 11:45:30,0.2479647547006607,0.30301329493522644,Benign,0.7782050967216492,1,0.2777777777777778,Initial Access
2018-02-14 11:45:35,0.3444533348083496,0.3407580554485321,Benign,0.6748563051223755,1,0.4024390243902439,Initial Access
2018-02-14 11:45:40,0.3562721610069275,0.34621477127075195,Benign,0.6623303890228271,1,0.3396226415094339,Initial Access
2018-02-14 11:45:45,0.28836730122566223,0.3178468942642212,Benign,0.7372086048126221,1,0.3853211009174312,Initial Access
2018-02-14 11:45:50,0.19268102943897247,0.2718048691749573,Benign,0.8398611545562744,1,0.3300970873786408,Initial Access
2018-02-14 11:45:55,0.36219120025634766,0.33553609251976013,Benign,0.6616649627685547,1,0.3333333333333333,Initial Access
2018-02-14 11:46:00,0.41079679131507874,0.3499349355697632,Benign,0.6058531999588013,1,0.5076923076923077,Initial Access
2018-02-14 11:46:05,0.4748390316963196,0.3706395924091339,Benign,0.5364428162574768,1,0.4459459459459459,Initial Access
2018-02-14 11:46:10,0.43591931462287903,0.35041889548301697,Benign,0.5869826674461365,1,0.1676646706586826,Initial Access
2018-02-14 11:46:15,0.40056341886520386,0.3463498055934906,Benign,0.6248478889465332,1,0.2032520325203252,Initial Access
2018-02-14 11:46:20,0.35433924198150635,0.32994696497917175,Benign,0.6684021949768066,1,0.2598425196850393,Initial Access
2018-02-14 11:46:25,0.32897472381591797,0.32318174839019775,Benign,0.6929886937141418,1,0.2040816326530612,Initial Access
2018-02-14 11:46:30,0.31904977560043335,0.3253037631511688,Benign,0.6970870494842529,1,0.0943952802359882,Initial Access
2018-02-14 11:46:35,0.3208589553833008,0.33503738045692444,Benign,0.6904017925262451,1,0.1855670103092783,Initial Access
2018-02-14 11:46:40,0.4311122000217438,0.38475316762924194,Benign,0.5676986575126648,1,0.2941176470588235,Initial Access
2018-02-14 11:46:45,0.524561882019043,0.4310523569583893,Initial Access,0.5391994714736938,1,0.4352941176470588,Initial Access
2018-02-14 11:46:50,0.5608566999435425,0.44817808270454407,Initial Access,0.579703152179718,1,0.3148148148148148,Initial Access
2018-02-14 11:46:55,0.5822256803512573,0.45396888256073,Initial Access,0.6030347347259521,1,0.1901840490797546,Initial Access
2018-02-14 11:47:00,0.6197980642318726,0.45832720398902893,Initial Access,0.6566342711448669,1,0.1955555555555555,Initial Access
2018-02-14 11:47:05,0.6324211955070496,0.46293947100639343,Initial Access,0.6764894723892212,1,0.1214953271028037,Initial Access
2018-02-14 11:47:10,0.6599646806716919,0.46838900446891785,Initial Access,0.7044187784194946,1,0.1771428571428571,Initial Access
2018-02-14 11:47:15,0.67237788438797,0.4794968068599701,Initial Access,0.7146139144897461,1,0.4,Initial Access
2018-02-14 11:47:20,0.6547954678535461,0.4772317707538605,Initial Access,0.7027074098587036,1,0.1167192429022082,Initial Access
2018-02-14 11:47:25,0.6336261034011841,0.47712159156799316,Initial Access,0.6802249550819397,1,0.1288135593220339,Initial Access
2018-02-14 11:47:30,0.5994004011154175,0.45976489782333374,Initial Access,0.6434445381164551,1,0.1327014218009478,Initial Access
2018-02-14 11:47:35,0.49715492129325867,0.41292446851730347,Initial Access,0.5271905660629272,1,0.1893203883495145,Initial Access
2018-02-14 11:47:40,0.3410337567329407,0.3504907190799713,Benign,0.6585679054260254,1,0.1223776223776223,Initial Access
2018-02-14 11:47:45,0.17006458342075348,0.26759910583496094,Benign,0.8529756665229797,1,0.2519685039370078,Initial Access
2018-02-14 11:47:50,0.09645449370145798,0.21997258067131042,Benign,0.9229859113693237,1,0.4266666666666667,Initial Access
2018-02-14 11:47:55,0.20776446163654327,0.2883513867855072,Benign,0.8227274417877197,1,0.2553191489361702,Initial Access
2018-02-14 11:48:00,0.20513729751110077,0.29171860218048096,Benign,0.8237131834030151,1,0.1688311688311688,Initial Access
2018-02-14 11:48:05,0.16821570694446564,0.2743891179561615,Benign,0.8543272614479065,1,0.247787610619469,Initial Access
2018-02-14 11:48:10,0.15560846030712128,0.2676543891429901,Benign,0.8659747242927551,1,0.1169811320754717,Initial Access
2018-02-14 11:48:15,0.18307717144489288,0.2881510853767395,Benign,0.840968668460846,1,0.0867579908675799,Initial Access
2018-02-14 11:48:20,0.22769728302955627,0.31514525413513184,Benign,0.8036679625511169,1,0.1140684410646387,Initial Access
2018-02-14 11:48:25,0.19058704376220703,0.29433220624923706,Benign,0.8408598899841309,1,0.1121794871794871,Initial Access
2018-02-14 11:48:30,0.0718289166688919,0.21205511689186096,Benign,0.9443393349647522,1,0.28,Initial Access
2018-02-14 11:48:35,0.049541622400283813,0.18599337339401245,Benign,0.9605250358581543,1,0.2109375,Initial Access
2018-02-14 11:48:40,0.07490356266498566,0.21554800868034363,Benign,0.9390626549720764,1,0.2183908045977011,Initial Access
2018-02-14 11:48:45,0.10179759562015533,0.2402140498161316,Benign,0.9157049059867859,1,0.1028277634961439,Initial Access
2018-02-14 11:48:50,0.15934322774410248,0.28444209694862366,Benign,0.8640671968460083,1,0.1570680628272251,Initial Access
2018-02-14 11:48:55,0.22746771574020386,0.3130611777305603,Benign,0.8031563758850098,1,0.1322033898305084,Initial Access
2018-02-14 11:49:00,0.15743792057037354,0.2834905683994293,Benign,0.8692573308944702,1,0.1194690265486725,Initial Access
2018-02-14 11:49:05,0.22767187654972076,0.3285123109817505,Benign,0.8014490604400635,1,0.1454545454545454,Initial Access
2018-02-14 11:49:10,0.5123248100280762,0.46463268995285034,Initial Access,0.5231930613517761,1,0.3,Initial Access
2018-02-14 11:49:15,0.6170690655708313,0.5130476951599121,Initial Access,0.6438683867454529,1,0.3106796116504854,Initial Access
2018-02-14 11:49:20,0.628106951713562,0.5153903961181641,Initial Access,0.6624755263328552,1,0.3535353535353535,Initial Access
2018-02-14 11:49:25,0.6383401155471802,0.512688159942627,Initial Access,0.6822699308395386,1,0.1075268817204301,Initial Access
2018-02-14 11:49:30,0.6202590465545654,0.5064409971237183,Initial Access,0.6530696749687195,1,0.123015873015873,Initial Access
2018-02-14 11:49:35,0.5046800374984741,0.461412250995636,Initial Access,0.5111922025680542,1,0.1807909604519774,Initial Access
2018-02-14 11:49:40,0.344725638628006,0.4011482894420624,Benign,0.6838138103485107,1,0.1948717948717948,Initial Access
2018-02-14 11:49:45,0.26289066672325134,0.36938318610191345,Benign,0.765385627746582,1,0.320754716981132,Initial Access
2018-02-14 11:49:50,0.259374737739563,0.35735031962394714,Benign,0.7655465006828308,1,0.2138364779874214,Initial Access
2018-02-14 11:49:55,0.4502527713775635,0.43264105916023254,Benign,0.5562041401863098,1,0.2207792207792207,Initial Access
2018-02-14 11:50:00,0.6048899292945862,0.488882452249527,Initial Access,0.6249041557312012,1,0.2471264367816092,Initial Access
2018-02-14 11:50:05,0.6514793634414673,0.5102413296699524,Initial Access,0.6719300150871277,1,0.2066666666666666,Initial Access
2018-02-14 11:50:10,0.6800906658172607,0.5199919939041138,Initial Access,0.6931294798851013,1,0.2158273381294964,Initial Access
2018-02-14 11:50:15,0.6928073167800903,0.5168255567550659,Initial Access,0.699981153011322,1,0.1379310344827586,Initial Access
2018-02-14 11:50:20,0.7081825733184814,0.5206129550933838,Initial Access,0.7110100388526917,1,0.146067415730337,Initial Access
2018-02-14 11:50:25,0.7359253168106079,0.5277314782142639,Initial Access,0.7428160309791565,1,0.2421875,Initial Access
2018-02-14 11:50:30,0.7505313754081726,0.5350134372711182,Initial Access,0.7587196826934814,1,0.2735849056603773,Initial Access
2018-02-14 11:50:35,0.7571352124214172,0.5373810529708862,Initial Access,0.7680476307868958,1,0.3113207547169811,Initial Access
2018-02-14 11:50:40,0.7447961568832397,0.5345195531845093,Initial Access,0.7544375658035278,1,0.2,Initial Access
2018-02-14 11:50:45,0.724845290184021,0.5321089625358582,Initial Access,0.7340042591094971,1,0.191860465116279,Initial Access
2018-02-14 11:50:50,0.717449963092804,0.528200626373291,Initial Access,0.7286126613616943,1,0.3523809523809524,Initial Access
2018-02-14 11:50:55,0.6945344805717468,0.5202627778053284,Initial Access,0.704694926738739,1,0.3814432989690721,Initial Access
2018-02-14 11:51:00,0.6445751786231995,0.5065114498138428,Initial Access,0.6496359705924988,1,0.4117647058823529,Initial Access
2018-02-14 11:51:05,0.6059166193008423,0.4924611449241638,Initial Access,0.6012638807296753,1,0.4594594594594595,Initial Access
2018-02-14 11:51:10,0.5865599513053894,0.48225274682044983,Initial Access,0.5769519805908203,1,0.3846153846153846,Initial Access
2018-02-14 11:51:15,0.5872963666915894,0.4786819815635681,Initial Access,0.5853396654129028,1,0.4096385542168674,Initial Access
2018-02-14 11:51:20,0.5897605419158936,0.4727240800857544,Initial Access,0.5878308415412903,1,0.3220338983050847,Initial Access
2018-02-14 11:51:25,0.5874003171920776,0.4676738977432251,Initial Access,0.5863272547721863,1,0.1890243902439024,Initial Access
2018-02-14 11:51:30,0.592437744140625,0.4687071442604065,Initial Access,0.5963209867477417,1,0.2682926829268293,Initial Access
2018-02-14 11:51:35,0.5893155336380005,0.4665062725543976,Initial Access,0.5990146398544312,1,0.3272727272727272,Initial Access
2018-02-14 11:51:40,0.5865962505340576,0.4616657495498657,Initial Access,0.5927978157997131,1,0.1223776223776223,Initial Access
2018-02-14 11:51:45,0.5955029726028442,0.46354517340660095,Initial Access,0.5961109399795532,1,0.1023102310231023,Initial Access
2018-02-14 11:51:50,0.6253935098648071,0.4573524594306946,Initial Access,0.6410708427429199,1,0.2046783625730994,Initial Access
2018-02-14 11:51:55,0.6353232264518738,0.45612674951553345,Initial Access,0.6713603138923645,1,0.1063829787234042,Initial Access
2018-02-14 11:52:00,0.6557142734527588,0.4577450156211853,Initial Access,0.699090838432312,1,0.1181102362204724,Initial Access
2018-02-14 11:52:05,0.6698801517486572,0.46592360734939575,Initial Access,0.7197468876838684,1,0.1818181818181818,Initial Access
2018-02-14 11:52:10,0.625115692615509,0.45529523491859436,Initial Access,0.6667456030845642,1,0.2815533980582524,Initial Access
2018-02-14 11:52:15,0.5471392869949341,0.4336315989494324,Initial Access,0.5621850490570068,1,0.3225806451612903,Initial Access
2018-02-14 11:52:20,0.43012169003486633,0.4033800959587097,Benign,0.5701538920402527,1,0.2048192771084337,Initial Access
2018-02-14 11:52:25,0.3936624825000763,0.39491572976112366,Benign,0.6110472679138184,1,0.4137931034482758,Initial Access
2018-02-14 11:52:30,0.4246630370616913,0.40277907252311707,Benign,0.5749752521514893,1,0.2777777777777778,Initial Access
2018-02-14 11:52:35,0.35139599442481995,0.36814984679222107,Benign,0.6660661697387695,1,0.1460176991150442,Initial Access
2018-02-14 11:52:40,0.33277374505996704,0.3613835275173187,Benign,0.6875838041305542,1,0.34375,Initial Access
2018-02-14 11:52:45,0.2388276904821396,0.32016775012016296,Benign,0.7908135652542114,1,0.2281879194630872,Initial Access
2018-02-14 11:52:50,0.14773286879062653,0.2786981463432312,Benign,0.8737176656723022,1,0.1881720430107527,Initial Access
2018-02-14 11:52:55,0.1161317452788353,0.2591274678707123,Benign,0.9005624651908875,1,0.1080139372822299,Initial Access
2018-02-14 11:53:00,0.08040205389261246,0.23535208404064178,Benign,0.9330365657806396,1,0.1601941747572815,Initial Access
2018-02-14 11:53:05,0.047683730721473694,0.19898241758346558,Benign,0.960839569568634,1,0.125,Initial Access
2018-02-14 11:53:10,0.05236782878637314,0.20147113502025604,Benign,0.9580589532852173,1,0.1404255319148936,Initial Access
2018-02-14 11:53:15,0.03440001606941223,0.17347460985183716,Benign,0.9735589027404785,1,0.1677018633540372,Initial Access
2018-02-14 11:53:20,0.01916581392288208,0.1408836543560028,Benign,0.9853899478912354,1,0.3473684210526316,Initial Access
2018-02-14 11:53:25,0.01994909532368183,0.1404140144586563,Benign,0.9842959642410278,1,0.3103448275862069,Initial Access
2018-02-14 11:53:30,0.0395827442407608,0.178240105509758,Benign,0.9678000211715698,1,0.3555555555555555,Initial Access
2018-02-14 11:53:35,0.05651165544986725,0.2005741000175476,Benign,0.9527260661125183,1,0.3053435114503817,Initial Access
2018-02-14 11:53:40,0.07392551749944687,0.21659529209136963,Benign,0.9366536140441895,1,0.2743362831858407,Initial Access
2018-02-14 11:53:45,0.08970362693071365,0.22856257855892181,Benign,0.9223096370697021,1,0.3333333333333333,Initial Access
2018-02-14 11:53:50,0.11213408410549164,0.24204452335834503,Benign,0.9035117626190186,1,0.1804123711340206,Initial Access
2018-02-14 11:53:55,0.07650704681873322,0.21453015506267548,Benign,0.9328398704528809,1,0.2554744525547445,Initial Access
2018-02-14 11:54:00,0.049595534801483154,0.18335524201393127,Benign,0.9562605023384094,1,0.34375,Initial Access
2018-02-14 11:54:05,0.0468866191804409,0.1789243072271347,Benign,0.9593023657798767,1,0.3804347826086957,Initial Access
2018-02-14 11:54:10,0.02969917468726635,0.14744535088539124,Benign,0.9753506779670715,1,0.3113207547169811,Initial Access
2018-02-14 11:54:15,0.03683152049779892,0.156831756234169,Benign,0.9706997871398926,1,0.2163742690058479,Initial Access
2018-02-14 11:54:20,0.07128957659006119,0.203621506690979,Benign,0.942499041557312,1,0.116,Initial Access
2018-02-14 11:54:25,0.050151415169239044,0.18211780488491058,Benign,0.9617686867713928,1,0.0947075208913649,Initial Access
2018-02-14 11:54:30,0.04678929224610329,0.185190811753273,Benign,0.9642151594161987,1,0.1166077738515901,Initial Access
2018-02-14 11:54:35,0.037853192538022995,0.17832477390766144,Benign,0.9713680148124695,1,0.1722222222222222,Initial Access
2018-02-14 11:54:40,0.06087665259838104,0.2069695144891739,Benign,0.9549411535263062,1,0.3274336283185841,Initial Access
2018-02-14 11:54:45,0.07736417651176453,0.22358275949954987,Benign,0.941560685634613,1,0.3009708737864077,Initial Access
2018-02-14 11:54:50,0.12513963878154755,0.2638196349143982,Benign,0.9019842743873596,1,0.2790697674418604,Initial Access
2018-02-14 11:54:55,0.21652354300022125,0.311524897813797,Benign,0.8183947801589966,1,0.1176470588235294,Initial Access
2018-02-14 11:55:00,0.22490641474723816,0.3150958716869354,Benign,0.8106080889701843,1,0.1209677419354838,Initial Access
2018-02-14 11:55:05,0.1309659481048584,0.2688981592655182,Benign,0.8939725160598755,1,0.29,Initial Access
2018-02-14 11:55:10,0.10879409313201904,0.25053057074546814,Benign,0.9120782613754272,1,0.2871287128712871,Initial Access
2018-02-14 11:55:15,0.0833793506026268,0.22903665900230408,Benign,0.9318894743919373,1,0.35,Initial Access
2018-02-14 11:55:20,0.07230664044618607,0.2160474956035614,Benign,0.940242350101471,1,0.3703703703703703,Initial Access
2018-02-14 11:55:25,0.07191295176744461,0.21149928867816925,Benign,0.9400754570960999,1,0.2857142857142857,Initial Access
2018-02-14 11:55:30,0.06432465463876724,0.20023788511753082,Benign,0.9460733532905579,1,0.2207792207792207,Initial Access
2018-02-14 11:55:35,0.09432519227266312,0.22612211108207703,Benign,0.9206305742263794,1,0.1589743589743589,Initial Access
2018-02-14 11:55:40,0.09304291754961014,0.22626173496246338,Benign,0.9215275049209595,1,0.3846153846153846,Initial Access
2018-02-14 11:55:45,0.0922345370054245,0.22152356803417206,Benign,0.9219932556152344,1,0.4047619047619047,Initial Access
2018-02-14 11:55:50,0.07441901415586472,0.20191961526870728,Benign,0.9383416175842285,1,0.4242424242424242,Initial Access
2018-02-14 11:55:55,0.0854063406586647,0.19964265823364258,Benign,0.9332870244979858,1,0.2790697674418604,Initial Access
2018-02-14 11:56:00,0.15066874027252197,0.23715300858020782,Benign,0.8822544813156128,1,0.3267326732673267,Initial Access
2018-02-14 11:56:05,0.41443729400634766,0.3563922047615051,Benign,0.6075119972229004,1,0.3157894736842105,Initial Access
2018-02-14 11:56:10,0.5985323786735535,0.42077142000198364,Initial Access,0.6244758367538452,1,0.3820224719101123,Initial Access
2018-02-14 11:56:15,0.6586695313453674,0.45427030324935913,Initial Access,0.7133039236068726,1,0.4383561643835616,Initial Access
2018-02-14 11:56:20,0.6646082997322083,0.4576767086982727,Initial Access,0.7248802185058594,1,0.3153153153153153,Initial Access
2018-02-14 11:56:25,0.6495126485824585,0.4507637321949005,Initial Access,0.7065281867980957,1,0.3636363636363636,Initial Access
2018-02-14 11:56:30,0.6390584111213684,0.44603386521339417,Initial Access,0.6946268677711487,1,0.2977099236641221,Initial Access
2018-02-14 11:56:35,0.6373658180236816,0.4416247010231018,Initial Access,0.6870627999305725,1,0.33,Initial Access
2018-02-14 11:56:40,0.6569521427154541,0.4530002772808075,Initial Access,0.715262770652771,1,0.3535353535353535,Initial Access
2018-02-14 11:56:45,0.6644498109817505,0.45743533968925476,Initial Access,0.7261878848075867,1,0.5068493150684932,Initial Access
2018-02-14 11:56:50,0.6585913896560669,0.45499518513679504,Initial Access,0.7195217609405518,1,0.3863636363636363,Initial Access
2018-02-14 11:56:55,0.659453809261322,0.45343706011772156,Initial Access,0.7173685431480408,1,0.3655913978494624,Initial Access
2018-02-14 11:57:00,0.6561073064804077,0.4531565308570862,Initial Access,0.7109726071357727,1,0.4878048780487805,Initial Access
2018-02-14 11:57:05,0.6425986289978027,0.4542950987815857,Initial Access,0.695356547832489,1,0.2011834319526627,Initial Access
2018-02-14 11:57:10,0.6464455723762512,0.4522692859172821,Initial Access,0.6928216218948364,1,0.2127659574468085,Initial Access
2018-02-14 11:57:15,0.6412742137908936,0.45565107464790344,Initial Access,0.6933090090751648,1,0.2519083969465648,Initial Access
2018-02-14 11:57:20,0.635818600654602,0.45645976066589355,Initial Access,0.6914258599281311,1,0.1527777777777778,Initial Access
2018-02-14 11:57:25,0.6436654329299927,0.45894497632980347,Initial Access,0.7031669020652771,1,0.1023102310231023,Initial Access
2018-02-14 11:57:30,0.6513351202011108,0.4608100652694702,Initial Access,0.7152042388916016,1,0.0573012939001848,Initial Access
2018-02-14 11:57:35,0.6682487726211548,0.45709359645843506,Initial Access,0.7341769933700562,1,0.1553784860557769,Initial Access
2018-02-14 11:57:40,0.6611384153366089,0.46010440587997437,Initial Access,0.7299752235412598,1,0.3636363636363636,Initial Access
2018-02-14 11:57:45,0.6421142816543579,0.46422243118286133,Initial Access,0.7169725894927979,1,0.2179487179487179,Initial Access
2018-02-14 11:57:50,0.6285012364387512,0.4651620090007782,Initial Access,0.7017853260040283,1,0.0930232558139534,Initial Access
2018-02-14 11:57:55,0.5701302289962769,0.44802096486091614,Initial Access,0.6150470972061157,1,0.1314553990610328,Initial Access
2018-02-14 11:58:00,0.4035132825374603,0.3881109952926636,Benign,0.5839412212371826,1,0.3571428571428571,Initial Access
2018-02-14 11:58:05,0.26611950993537903,0.3422697186470032,Benign,0.7440900206565857,1,0.4125,Initial Access
2018-02-14 11:58:10,0.21183176338672638,0.31107133626937866,Benign,0.8092925548553467,1,0.2719298245614035,Initial Access
2018-02-14 11:58:15,0.20701132714748383,0.3081477880477905,Benign,0.8156757354736328,1,0.3614457831325301,Initial Access
2018-02-14 11:58:20,0.2048863023519516,0.30062609910964966,Benign,0.8164748549461365,1,0.3414634146341463,Initial Access
2018-02-14 11:58:25,0.16719134151935577,0.27838456630706787,Benign,0.8501003384590149,1,0.0688888888888888,Initial Access
2018-02-14 11:58:30,0.09407980740070343,0.23336413502693176,Benign,0.9127132892608643,1,0.1444043321299639,Initial Access
2018-02-14 11:58:35,0.051729440689086914,0.19244907796382904,Benign,0.9516535401344299,1,0.324074074074074,Initial Access
2018-02-14 11:58:40,0.04477503150701523,0.18140000104904175,Benign,0.9583218693733215,1,0.3645833333333333,Initial Access
2018-02-14 11:58:45,0.029615961015224457,0.15321476757526398,Benign,0.9739087224006653,1,0.3488372093023256,Initial Access
2018-02-14 11:58:50,0.04720114916563034,0.18044748902320862,Benign,0.9587447047233582,1,0.3203883495145631,Initial Access
2018-02-14 11:58:55,0.051821041852235794,0.18379971385002136,Benign,0.9559058547019958,1,0.3636363636363636,Initial Access
2018-02-14 11:59:00,0.053469423204660416,0.18011312186717987,Benign,0.9557675123214722,1,0.3300970873786408,Initial Access
2018-02-14 11:59:05,0.10374429821968079,0.22171330451965332,Benign,0.912847638130188,1,0.2884615384615384,Initial Access
2018-02-14 11:59:10,0.2990470230579376,0.33439821004867554,Benign,0.7403440475463867,1,0.2430555555555555,Initial Access
2018-02-14 11:59:15,0.5524845123291016,0.43964019417762756,Initial Access,0.5217925310134888,1,0.1021671826625387,Initial Access
2018-02-14 11:59:20,0.6019719839096069,0.4561246335506439,Initial Access,0.6038457155227661,1,0.3089430894308943,Initial Access
2018-02-14 11:59:25,0.5567424297332764,0.4489462375640869,Initial Access,0.5421707034111023,1,0.2537313432835821,Initial Access
2018-02-14 11:59:30,0.5422667264938354,0.4517410695552826,Initial Access,0.5322080850601196,1,0.1658291457286432,Initial Access
2018-02-14 11:59:35,0.5440671443939209,0.4539824426174164,Initial Access,0.5442565083503723,1,0.2782608695652174,Initial Access
2018-02-14 11:59:40,0.5176228284835815,0.4512716829776764,Initial Access,0.5124821662902832,1,0.0840336134453781,Initial Access
2018-02-14 11:59:45,0.4844748079776764,0.420507550239563,Benign,0.558330774307251,1,0.0596153846153846,Initial Access
2018-02-14 11:59:50,0.29636913537979126,0.3317236006259918,Benign,0.7708482146263123,1,0.082,Initial Access
2018-02-14 11:59:55,0.12755346298217773,0.2525508403778076,Benign,0.9113098382949829,1,0.1694915254237288,Initial Access
2018-02-14 12:00:00,0.0375235378742218,0.175447478890419,Benign,0.9746032357215881,1,0.2564102564102564,Initial Access
2018-02-14 12:00:05,0.017335042357444763,0.1386619657278061,Benign,0.9875602126121521,1,0.3434343434343434,Initial Access
2018-02-14 12:00:10,0.01486574299633503,0.13212038576602936,Benign,0.988760769367218,1,0.2868852459016393,Initial Access
2018-02-14 12:00:15,0.010602174326777458,0.11835511773824692,Benign,0.9914432168006897,1,0.2126436781609195,Initial Access
2018-02-14 12:00:20,0.0071485028602182865,0.10143693536520004,Benign,0.993724524974823,1,0.1161825726141078,Initial Access
2018-02-14 12:00:25,0.0052045672200620174,0.0880926325917244,Benign,0.9953014850616455,1,0.096244131455399,Initial Access
2018-02-14 12:00:30,0.004687153734266758,0.08402194082736969,Benign,0.9957782030105591,1,0.0637898686679174,Initial Access
2018-02-14 12:00:35,0.0038592831697314978,0.07653836905956268,Benign,0.9965150356292725,1,0.0669745958429561,Initial Access
2018-02-14 12:00:40,0.0032602977007627487,0.06974180042743683,Benign,0.997075080871582,1,0.2303030303030303,Initial Access
2018-02-14 12:00:45,0.0029306099750101566,0.06595934927463531,Benign,0.9972489476203918,1,0.2735849056603773,Initial Access
2018-02-14 12:00:50,0.0028725434094667435,0.06461838632822037,Benign,0.9971835017204285,1,0.1265306122448979,Initial Access
2018-02-14 12:00:55,0.0028132402803748846,0.06282610446214676,Benign,0.9972200393676758,1,0.1297071129707113,Initial Access
2018-02-14 12:01:00,0.0029036470223218203,0.06372027099132538,Benign,0.9971339702606201,1,0.1794871794871795,Initial Access
2018-02-14 12:01:05,0.00294350553303957,0.06356298923492432,Benign,0.9970483183860779,1,0.0894736842105263,Initial Access
2018-02-14 12:01:10,0.0028726498130708933,0.06272663176059723,Benign,0.9972104430198669,1,0.0616822429906542,Initial Access
2018-02-14 12:01:15,0.0030073795933276415,0.06376016139984131,Benign,0.9972242116928101,1,0.1003344481605351,Initial Access
2018-02-14 12:01:20,0.002975956303998828,0.06306571513414383,Benign,0.9972512125968933,1,0.1456692913385826,Initial Access
2018-02-14 12:01:25,0.00318291038274765,0.06514895707368851,Benign,0.9970670342445374,1,0.2461538461538461,Initial Access
2018-02-14 12:01:30,0.0037421109154820442,0.07024623453617096,Benign,0.996401309967041,1,0.1025641025641025,Initial Access
2018-02-14 12:01:35,0.004234913736581802,0.07480061799287796,Benign,0.9959937334060669,1,0.1374407582938388,Initial Access
2018-02-14 12:01:40,0.004118393175303936,0.07479500770568848,Benign,0.996137797832489,1,0.1307692307692307,Initial Access
2018-02-14 12:01:45,0.003628597129136324,0.07062415033578873,Benign,0.9966879487037659,1,0.1275862068965517,Initial Access
2018-02-14 12:01:50,0.0031434681732207537,0.06590145081281662,Benign,0.9971207976341248,1,0.0918635170603674,Initial Access
2018-02-14 12:01:55,0.0029721008613705635,0.06459853053092957,Benign,0.9972965121269226,1,0.1949685534591195,Initial Access
2018-02-14 12:02:00,0.002705651568248868,0.06207275390625,Benign,0.9974318146705627,1,0.1435897435897435,Initial Access
2018-02-14 12:02:05,0.0027613197453320026,0.06305593997240067,Benign,0.9973695278167725,1,0.1205211726384364,Initial Access
2018-02-14 12:02:10,0.00287833996117115,0.0648152157664299,Benign,0.9972175359725952,1,0.2465753424657534,Initial Access
2018-02-14 12:02:15,0.0030968706123530865,0.06697473675012589,Benign,0.9969107508659363,1,0.3423423423423423,Initial Access
2018-02-14 12:02:20,0.0035449210554361343,0.06886393576860428,Benign,0.9964101910591125,1,0.2962962962962963,Initial Access
2018-02-14 12:02:25,0.0036858038511127234,0.06700010597705841,Benign,0.9962438344955444,1,0.271523178807947,Initial Access
2018-02-14 12:02:30,0.003621188458055258,0.06526569277048111,Benign,0.9963120818138123,1,0.2214765100671141,Initial Access
2018-02-14 12:02:35,0.004047262016683817,0.06825819611549377,Benign,0.9959338307380676,1,0.2045454545454545,Initial Access
2018-02-14 12:02:40,0.004792976193130016,0.07409504055976868,Benign,0.9953849911689758,1,0.1717557251908397,Initial Access
2018-02-14 12:02:45,0.005254451185464859,0.07830093055963516,Benign,0.9950616955757141,1,0.2645161290322581,Initial Access
2018-02-14 12:02:50,0.006617273204028606,0.08601319044828415,Benign,0.9938062429428101,1,0.1627906976744186,Initial Access
2018-02-14 12:02:55,0.008293833583593369,0.09507928043603897,Benign,0.9926114678382874,1,0.1442786069651741,Initial Access
2018-02-14 12:03:00,0.009655696339905262,0.10204854607582092,Benign,0.9916120767593384,1,0.3014705882352941,Initial Access
2018-02-14 12:03:05,0.011424832977354527,0.10810824483633041,Benign,0.9902307391166687,1,0.1132075471698113,Initial Access
2018-02-14 12:03:10,0.01065156701952219,0.10968329012393951,Benign,0.9908990859985352,1,0.18,Initial Access
2018-02-14 12:03:15,0.012800829485058784,0.11855513602495193,Benign,0.9890544414520264,1,0.1590909090909091,Initial Access
2018-02-14 12:03:20,0.021555088460445404,0.1447182595729828,Benign,0.9807456731796265,1,0.1434426229508196,Initial Access
2018-02-14 12:03:25,0.03941682353615761,0.17741157114505768,Benign,0.9631524682044983,1,0.0930787589498806,Initial Access
2018-02-14 12:03:30,0.05591152608394623,0.19698569178581238,Benign,0.9486832022666931,1,0.191860465116279,Initial Access
2018-02-14 12:03:35,0.08568364381790161,0.223433718085289,Benign,0.9229735136032104,1,0.2575757575757575,Initial Access
2018-02-14 12:03:40,0.07083592563867569,0.21318712830543518,Benign,0.9365090131759644,1,0.1421319796954314,Initial Access
2018-02-14 12:03:45,0.06437139213085175,0.21194742619991302,Benign,0.9422454833984375,1,0.1745283018867924,Initial Access
2018-02-14 12:03:50,0.051448192447423935,0.19936969876289368,Benign,0.9540435075759888,1,0.2317073170731707,Initial Access
2018-02-14 12:03:55,0.03848183900117874,0.18074855208396912,Benign,0.9653292894363403,1,0.2538461538461538,Initial Access
2018-02-14 12:04:00,0.025534598156809807,0.15457406640052795,Benign,0.9770475625991821,1,0.1761363636363636,Initial Access
2018-02-14 12:04:05,0.01839515008032322,0.1370689570903778,Benign,0.9836507439613342,1,0.1549295774647887,Initial Access
2018-02-14 12:04:10,0.018057676032185555,0.1351960301399231,Benign,0.9838565587997437,1,0.2558139534883721,Initial Access
2018-02-14 12:04:15,0.018751608207821846,0.13460826873779297,Benign,0.9829649329185486,1,0.2631578947368421,Initial Access
2018-02-14 12:04:20,0.02028316631913185,0.13698869943618774,Benign,0.9814930558204651,1,0.3486238532110092,Initial Access
2018-02-14 12:04:25,0.03507252782583237,0.1617598831653595,Benign,0.9669843912124634,1,0.264,Initial Access
2018-02-14 12:04:30,0.03747120499610901,0.16527187824249268,Benign,0.9649709463119507,1,0.1688888888888889,Initial Access
2018-02-14 12:04:35,0.049332231283187866,0.18405622243881226,Benign,0.9539040327072144,1,0.2071005917159763,Initial Access
2018-02-14 12:04:40,0.061443544924259186,0.19535130262374878,Benign,0.943439245223999,1,0.2105263157894736,Initial Access
2018-02-14 12:04:45,0.04917825758457184,0.18134622275829315,Benign,0.9549328684806824,1,0.3596491228070175,Initial Access
2018-02-14 12:04:50,0.14683176577091217,0.2651040852069855,Benign,0.8697971105575562,1,0.2539682539682539,Initial Access
2018-02-14 12:04:55,0.1972295045852661,0.29498589038848877,Benign,0.8230813145637512,1,0.2608695652173913,Initial Access
2018-02-14 12:05:00,0.28127816319465637,0.3373450040817261,Benign,0.7425837516784668,1,0.2740740740740741,Initial Access
2018-02-14 12:05:05,0.4459998309612274,0.41263046860694885,Benign,0.5716415047645569,1,0.2704918032786885,Initial Access
2018-02-14 12:05:10,0.6252965927124023,0.46488556265830994,Initial Access,0.6342418193817139,1,0.2340425531914893,Initial Access
2018-02-14 12:05:15,0.6533512473106384,0.4770045578479767,Initial Access,0.6688810586929321,1,0.1802325581395348,Initial Access
2018-02-14 12:05:20,0.691961407661438,0.49346187710762024,Initial Access,0.7142287492752075,1,0.1788990825688073,Initial Access
2018-02-14 12:05:25,0.712786853313446,0.507098913192749,Initial Access,0.7338792681694031,1,0.2678571428571428,Initial Access
2018-02-14 12:05:30,0.7321676015853882,0.5206695795059204,Initial Access,0.7519083619117737,1,0.2331288343558282,Initial Access
2018-02-14 12:05:35,0.7383349537849426,0.5269656181335449,Initial Access,0.7558179497718811,1,0.1734104046242774,Initial Access
2018-02-14 12:05:40,0.7376163601875305,0.5280779600143433,Initial Access,0.7546203136444092,1,0.2514970059880239,Initial Access
2018-02-14 12:05:45,0.7375518083572388,0.5316464900970459,Initial Access,0.7574912309646606,1,0.2075471698113207,Initial Access
2018-02-14 12:05:50,0.739755392074585,0.532532811164856,Initial Access,0.761184811592102,1,0.3277310924369748,Initial Access
2018-02-14 12:05:55,0.743857741355896,0.528407096862793,Initial Access,0.7673508524894714,1,0.2550335570469799,Initial Access
2018-02-14 12:06:00,0.7507457733154297,0.5264536142349243,Initial Access,0.7746300101280212,1,0.3092783505154639,Initial Access
2018-02-14 12:06:05,0.7326635122299194,0.5230598449707031,Initial Access,0.7608374953269958,1,0.3488372093023256,Initial Access
2018-02-14 12:06:10,0.7149247527122498,0.5156463980674744,Initial Access,0.7433634400367737,1,0.1910112359550561,Initial Access
2018-02-14 12:06:15,0.7142607569694519,0.516497015953064,Initial Access,0.7457308769226074,1,0.1568627450980392,Initial Access
2018-02-14 12:06:20,0.7036761045455933,0.5162559747695923,Initial Access,0.7384157180786133,1,0.1126279863481228,Initial Access
2018-02-14 12:06:25,0.7072209119796753,0.5117998123168945,Initial Access,0.7478567957878113,1,0.0952380952380952,Initial Access
2018-02-14 12:06:30,0.711091160774231,0.5046830177307129,Initial Access,0.7519629001617432,1,0.2452830188679245,Initial Access
2018-02-14 12:06:35,0.6916595101356506,0.4994348883628845,Initial Access,0.738132894039154,1,0.2151898734177215,Initial Access
2018-02-14 12:06:40,0.6871930360794067,0.49414774775505066,Initial Access,0.735768735408783,1,0.13215859030837,Initial Access
2018-02-14 12:06:45,0.6577882766723633,0.49119675159454346,Initial Access,0.706601083278656,1,0.0909090909090909,Initial Access
2018-02-14 12:06:50,0.5935951471328735,0.47710907459259033,Initial Access,0.6338648796081543,1,0.0978593272171253,Initial Access
2018-02-14 12:06:55,0.4512191116809845,0.4279673397541046,Benign,0.5353448987007141,1,0.3523809523809524,Initial Access
2018-02-14 12:07:00,0.3247468173503876,0.3830868601799011,Benign,0.680418074131012,1,0.1502590673575129,Initial Access
2018-02-14 12:07:05,0.1811712682247162,0.3229046165943146,Benign,0.8400500416755676,1,0.1550802139037433,Initial Access
2018-02-14 12:07:10,0.08301705867052078,0.24966390430927277,Benign,0.9306125044822693,1,0.1379310344827586,Initial Access
2018-02-14 12:07:15,0.03323071077466011,0.18177762627601624,Benign,0.9721468091011047,1,0.1787709497206704,Initial Access
2018-02-14 12:07:20,0.01941043697297573,0.14942620694637299,Benign,0.9836613535881042,1,0.0951086956521739,Initial Access
2018-02-14 12:07:25,0.011221899650990963,0.12079225480556488,Benign,0.9903449416160583,1,0.1189024390243902,Initial Access
2018-02-14 12:07:30,0.007434641011059284,0.10207851976156235,Benign,0.9935263395309448,1,0.0901856763925729,Initial Access
2018-02-14 12:07:35,0.005360526964068413,0.08653033524751663,Benign,0.9953692555427551,1,0.1134969325153374,Initial Access
2018-02-14 12:07:40,0.004477433394640684,0.07966849207878113,Benign,0.9961568713188171,1,0.2482758620689655,Initial Access
2018-02-14 12:07:45,0.003750564530491829,0.07307340204715729,Benign,0.9966468214988708,1,0.3302752293577982,Initial Access
2018-02-14 12:07:50,0.003303081262856722,0.06863440573215485,Benign,0.9968985319137573,1,0.2916666666666667,Initial Access
2018-02-14 12:07:55,0.0034772357903420925,0.06990459561347961,Benign,0.9966641068458557,1,0.2537313432835821,Initial Access
2018-02-14 12:08:00,0.0036628921516239643,0.06834878027439117,Benign,0.9965998530387878,1,0.2857142857142857,Initial Access
2018-02-14 12:08:05,0.004696782678365707,0.07418860495090485,Benign,0.9957551956176758,1,0.3218390804597701,Initial Access
2018-02-14 12:08:10,0.006215834990143776,0.08089163154363632,Benign,0.9946449995040894,1,0.2767857142857143,Initial Access
2018-02-14 12:08:15,0.006896329112350941,0.0815729945898056,Benign,0.9941838383674622,1,0.1172161172161172,Initial Access
2018-02-14 12:08:20,0.007391676772385836,0.08639359474182129,Benign,0.9936965107917786,1,0.1632653061224489,Initial Access
2018-02-14 12:08:25,0.008209068328142166,0.09338536113500595,Benign,0.9931725859642029,1,0.2234636871508379,Initial Access
2018-02-14 12:08:30,0.010033709928393364,0.10198433697223663,Benign,0.9917874932289124,1,0.3269230769230769,Initial Access
2018-02-14 12:08:35,0.015056299045681953,0.12054168432950974,Benign,0.9875771999359131,1,0.3220338983050847,Initial Access
2018-02-14 12:08:40,0.014514761045575142,0.11852241307497025,Benign,0.9880594611167908,1,0.3015873015873015,Initial Access
2018-02-14 12:08:45,0.02196040190756321,0.13671892881393433,Benign,0.9815183281898499,1,0.2672413793103448,Initial Access
2018-02-14 12:08:50,0.027159433811903,0.1450130045413971,Benign,0.9768763184547424,1,0.3125,Initial Access
2018-02-14 12:08:55,0.03950243443250656,0.16191722452640533,Benign,0.9660905003547668,1,0.2929292929292929,Initial Access
2018-02-14 12:09:00,0.06241250038146973,0.19452255964279175,Benign,0.9447233080863953,1,0.392156862745098,Initial Access
2018-02-14 12:09:05,0.12780293822288513,0.2518775165081024,Benign,0.8872408866882324,1,0.2735042735042735,Initial Access
2018-02-14 12:09:10,0.26901158690452576,0.332742303609848,Benign,0.7578442096710205,1,0.237410071942446,Initial Access
2018-02-14 12:09:15,0.48106464743614197,0.4291614294052124,Benign,0.5480481386184692,1,0.2091503267973856,Initial Access
2018-02-14 12:09:20,0.5705513954162598,0.45312902331352234,Initial Access,0.555462658405304,1,0.25,Initial Access
2018-02-14 12:09:25,0.5849538445472717,0.4585742950439453,Initial Access,0.5811636447906494,1,0.1324041811846689,Initial Access
2018-02-14 12:09:30,0.5697017908096313,0.4552663266658783,Initial Access,0.5667523741722107,1,0.2357142857142857,Initial Access
2018-02-14 12:09:35,0.5724564790725708,0.4547085762023926,Initial Access,0.5748661756515503,1,0.2661870503597122,Initial Access
2018-02-14 12:09:40,0.5551252365112305,0.4445253908634186,Initial Access,0.5453506708145142,1,0.2566371681415929,Initial Access
2018-02-14 12:09:45,0.5486718416213989,0.44377151131629944,Initial Access,0.5356220006942749,1,0.3939393939393939,Initial Access
2018-02-14 12:09:50,0.536022424697876,0.4361860752105713,Initial Access,0.5156338214874268,1,0.182741116751269,Initial Access
2018-02-14 12:09:55,0.5087125301361084,0.422553688287735,Benign,0.5175977945327759,1,0.3608247422680412,Initial Access
2018-02-14 12:10:00,0.5993829369544983,0.45831185579299927,Initial Access,0.6114909052848816,1,0.2549019607843137,Initial Access
2018-02-14 12:10:05,0.6408277153968811,0.47291868925094604,Initial Access,0.6689014434814453,1,0.319672131147541,Initial Access
2018-02-14 12:10:10,0.6780129671096802,0.47638702392578125,Initial Access,0.709864616394043,1,0.213235294117647,Initial Access
2018-02-14 12:10:15,0.7025598883628845,0.4832182824611664,Initial Access,0.7324392199516296,1,0.267515923566879,Initial Access
2018-02-14 12:10:20,0.7307659387588501,0.4930203855037689,Initial Access,0.7591233849525452,1,0.2098765432098765,Initial Access
2018-02-14 12:10:25,0.7560323476791382,0.5030069947242737,Initial Access,0.7851056456565857,1,0.2631578947368421,Initial Access
2018-02-14 12:10:30,0.7663306593894958,0.5100001692771912,Initial Access,0.7952766418457031,1,0.1538461538461538,Initial Access
2018-02-14 12:10:35,0.7586516737937927,0.5088525414466858,Initial Access,0.7878571152687073,0,0.0,Benign
2018-02-14 12:10:40,0.7846148014068604,0.5196717977523804,Initial Access,0.8086327314376831,0,0.0,Benign
2018-02-14 12:10:45,0.7911268472671509,0.5221843719482422,Initial Access,0.8152297139167786,0,0.0,Benign
2018-02-14 12:10:50,0.7691280841827393,0.522597074508667,Initial Access,0.7979377508163452,0,0.0,Benign
2018-02-14 12:10:55,0.7271521091461182,0.5163724422454834,Initial Access,0.7592928409576416,0,0.0,Benign
2018-02-14 12:11:00,0.6844627857208252,0.5022068619728088,Initial Access,0.717102587223053,0,0.0,Benign
2018-02-14 12:11:05,0.6120631694793701,0.4888332486152649,Initial Access,0.6340226531028748,0,0.0,Benign
2018-02-14 12:11:10,0.5350024700164795,0.4899788200855255,Initial Access,0.5323423147201538,0,0.0,Benign
2018-02-14 12:11:15,0.44853129982948303,0.4454369843006134,Benign,0.5719037652015686,0,0.0,Benign
2018-02-14 12:11:20,0.30792176723480225,0.3793683648109436,Benign,0.7090243101119995,0,0.0,Benign
2018-02-14 12:11:25,0.13285905122756958,0.2853558659553528,Benign,0.8833911418914795,0,0.0,Benign
2018-02-14 12:11:30,0.044223010540008545,0.19998431205749512,Benign,0.9622736573219299,0,0.0,Benign
2018-02-14 12:11:35,0.018050342798233032,0.1420242339372635,Benign,0.9846948981285095,0,0.0,Benign
2018-02-14 12:11:40,0.008275086991488934,0.10444363951683044,Benign,0.9932357668876648,0,0.0,Benign
2018-02-14 12:11:45,0.004947279579937458,0.08391755074262619,Benign,0.9963571429252625,0,0.0,Benign
2018-02-14 12:11:50,0.0034067234955728054,0.07129821181297302,Benign,0.9975747466087341,0,0.0,Benign
2018-02-14 12:11:55,0.002636547666043043,0.06224048137664795,Benign,0.9980975985527039,0,0.0,Benign
2018-02-14 12:12:00,0.002496180357411504,0.059037379920482635,Benign,0.9982666969299316,0,0.0,Benign
2018-02-14 12:12:05,0.002350197872146964,0.05529801920056343,Benign,0.998400866985321,0,0.0,Benign
2018-02-14 12:12:10,0.0021067303605377674,0.052645400166511536,Benign,0.9986786246299744,0,0.0,Benign
2018-02-14 12:12:15,0.0019577182829380035,0.05168747156858444,Benign,0.9988009929656982,0,0.0,Benign
2018-02-14 12:12:20,0.0018305383855476975,0.04992728680372238,Benign,0.9988735318183899,0,0.0,Benign
2018-02-14 12:12:25,0.0018003054428845644,0.050258416682481766,Benign,0.9988768696784973,0,0.0,Benign
2018-02-14 12:12:30,0.0017191446386277676,0.04911201819777489,Benign,0.9989219903945923,0,0.0,Benign
2018-02-14 12:12:35,0.0017292232951149344,0.049025580286979675,Benign,0.9988996982574463,0,0.0,Benign
2018-02-14 12:12:40,0.001654740539379418,0.04792074114084244,Benign,0.9989646673202515,0,0.0,Benign
2018-02-14 12:12:45,0.0016152275493368506,0.04681631550192833,Benign,0.9989689588546753,0,0.0,Benign
2018-02-14 12:12:50,0.0016427882947027683,0.04556289315223694,Benign,0.9989370703697205,0,0.0,Benign
2018-02-14 12:12:55,0.0016644533025100827,0.04617784917354584,Benign,0.9989320635795593,0,0.0,Benign
2018-02-14 12:13:00,0.001680945511907339,0.04553178697824478,Benign,0.9989238381385803,0,0.0,Benign
2018-02-14 12:13:05,0.0016597589710727334,0.045454759150743484,Benign,0.9989442229270935,0,0.0,Benign
2018-02-14 12:13:10,0.0016588096041232347,0.04403397813439369,Benign,0.9989394545555115,0,0.0,Benign
2018-02-14 12:13:15,0.0016797337448224425,0.04449572041630745,Benign,0.9989476799964905,0,0.0,Benign
2018-02-14 12:13:20,0.0016870034160092473,0.043866489082574844,Benign,0.9989100694656372,0,0.0,Benign
2018-02-14 12:13:25,0.0016943651717156172,0.04293356463313103,Benign,0.9988824725151062,0,0.0,Benign
2018-02-14 12:13:30,0.0017706166254356503,0.042985159903764725,Benign,0.9988210797309875,0,0.0,Benign
2018-02-14 12:13:35,0.0019142539240419865,0.04284902662038803,Benign,0.9987248778343201,0,0.0,Benign
2018-02-14 12:13:40,0.0020244757179170847,0.04263616353273392,Benign,0.9986334443092346,0,0.0,Benign
2018-02-14 12:13:45,0.002191500971093774,0.043515559285879135,Benign,0.9985119700431824,0,0.0,Benign
2018-02-14 12:13:50,0.0023895942140370607,0.04549454152584076,Benign,0.9983221888542175,0,0.0,Benign
2018-02-14 12:13:55,0.002474249107763171,0.04689989984035492,Benign,0.9982168078422546,0,0.0,Benign
2018-02-14 12:14:00,0.002731143496930599,0.04934936389327049,Benign,0.9979846477508545,0,0.0,Benign
2018-02-14 12:14:05,0.0028264797292649746,0.050604067742824554,Benign,0.9979193806648254,0,0.0,Benign
2018-02-14 12:14:10,0.0026915003545582294,0.05087447911500931,Benign,0.9980229139328003,0,0.0,Benign
2018-02-14 12:14:15,0.0025221994146704674,0.04990550875663757,Benign,0.9980664849281311,0,0.0,Benign
2018-02-14 12:14:20,0.002674603369086981,0.05120620131492615,Benign,0.9977688789367676,0,0.0,Benign
2018-02-14 12:14:25,0.0025938241742551327,0.053462281823158264,Benign,0.9978477954864502,0,0.0,Benign
2018-02-14 12:14:30,0.0023107125889509916,0.05175797641277313,Benign,0.998166561126709,0,0.0,Benign
2018-02-14 12:14:35,0.002180364215746522,0.05153152719140053,Benign,0.9982455968856812,0,0.0,Benign
2018-02-14 12:14:40,0.002130845794454217,0.0526156947016716,Benign,0.9982518553733826,0,0.0,Benign
2018-02-14 12:14:45,0.0020550887566059828,0.053597498685121536,Benign,0.9982489347457886,0,0.0,Benign
2018-02-14 12:14:50,0.0019512687576934695,0.05281936377286911,Benign,0.9983474016189575,0,0.0,Benign
2018-02-14 12:14:55,0.0018326593562960625,0.051171183586120605,Benign,0.9985449314117432,0,0.0,Benign
2018-02-14 12:15:00,0.0017237040447071195,0.0499516986310482,Benign,0.9986950755119324,0,0.0,Benign
2018-02-14 12:15:05,0.00172731454949826,0.04814127832651138,Benign,0.998735249042511,0,0.0,Benign
2018-02-14 12:15:10,0.0016645491123199463,0.04679837077856064,Benign,0.9987934827804565,0,0.0,Benign
2018-02-14 12:15:15,0.00163468427490443,0.04625747352838516,Benign,0.998826801776886,0,0.0,Benign
2018-02-14 12:15:20,0.0016762837767601013,0.04733696207404137,Benign,0.9988403916358948,0,0.0,Benign
2018-02-14 12:15:25,0.001634619664400816,0.046907953917980194,Benign,0.998906135559082,0,0.0,Benign
2018-02-14 12:15:30,0.001608130056411028,0.046249259263277054,Benign,0.9989455342292786,0,0.0,Benign
2018-02-14 12:15:35,0.0016029280377551913,0.04520494490861893,Benign,0.998964786529541,0,0.0,Benign
2018-02-14 12:15:40,0.0015803996939212084,0.044328514486551285,Benign,0.9989988207817078,0,0.0,Benign
2018-02-14 12:15:45,0.0016002433840185404,0.04589354619383812,Benign,0.9989849925041199,0,0.0,Benign
2018-02-14 12:15:50,0.001656337408348918,0.04663226008415222,Benign,0.9989349246025085,0,0.0,Benign
2018-02-14 12:15:55,0.001637485809624195,0.04629955440759659,Benign,0.9989745616912842,0,0.0,Benign
2018-02-14 12:16:00,0.001627720077522099,0.045698460191488266,Benign,0.9989977478981018,0,0.0,Benign
2018-02-14 12:16:05,0.0016348040662705898,0.04512222856283188,Benign,0.9989842772483826,0,0.0,Benign
2018-02-14 12:16:10,0.0016698604449629784,0.04487079754471779,Benign,0.9989621639251709,0,0.0,Benign
2018-02-14 12:16:15,0.0016687940806150436,0.045030295848846436,Benign,0.9989546537399292,0,0.0,Benign
2018-02-14 12:16:20,0.0017379133496433496,0.04437840357422829,Benign,0.9988753199577332,0,0.0,Benign
2018-02-14 12:16:25,0.003735841019079089,0.05886298045516014,Benign,0.9978764057159424,0,0.0,Benign
2018-02-14 12:16:30,0.0037180506624281406,0.0623803548514843,Benign,0.9976540207862854,0,0.0,Benign
2018-02-14 12:16:35,0.003361499635502696,0.06391491740942001,Benign,0.9977868795394897,0,0.0,Benign
2018-02-14 12:16:40,0.0031377621926367283,0.06479540467262268,Benign,0.997800886631012,0,0.0,Benign
2018-02-14 12:16:45,0.0029614868108183146,0.06463240087032318,Benign,0.9978852868080139,0,0.0,Benign
2018-02-14 12:16:50,0.002801398513838649,0.062356822192668915,Benign,0.9979783892631531,0,0.0,Benign
2018-02-14 12:16:55,0.0026881415396928787,0.06130332872271538,Benign,0.9980498552322388,0,0.0,Benign
2018-02-14 12:17:00,0.002598527120426297,0.05936373770236969,Benign,0.9981216788291931,0,0.0,Benign
2018-02-14 12:17:05,0.002510952530428767,0.05665794387459755,Benign,0.998187243938446,0,0.0,Benign
2018-02-14 12:17:10,0.0023371141869574785,0.05377998575568199,Benign,0.9983286261558533,0,0.0,Benign
2018-02-14 12:17:15,0.0021650241687893867,0.05258960649371147,Benign,0.9985597729682922,0,0.0,Benign
2018-02-14 12:17:20,0.002218132372945547,0.04990531504154205,Benign,0.9984447360038757,0,0.0,Benign
2018-02-14 12:17:25,0.0023029844742268324,0.048940207809209824,Benign,0.9984305500984192,0,0.0,Benign
2018-02-14 12:17:30,0.002410109620541334,0.048115748912096024,Benign,0.9983981251716614,0,0.0,Benign
2018-02-14 12:17:35,0.002531485864892602,0.04765021428465843,Benign,0.9983550906181335,0,0.0,Benign
2018-02-14 12:17:40,0.0023886929266154766,0.046615127474069595,Benign,0.9984642267227173,0,0.0,Benign
2018-02-14 12:17:45,0.00252277753315866,0.047840557992458344,Benign,0.9983329176902771,0,0.0,Benign
2018-02-14 12:17:50,0.0025448596570640802,0.04826774075627327,Benign,0.9983458518981934,0,0.0,Benign
2018-02-14 12:17:55,0.0026112354826182127,0.04898848757147789,Benign,0.9983096122741699,0,0.0,Benign
2018-02-14 12:18:00,0.0026383171789348125,0.04901072382926941,Benign,0.9982894062995911,0,0.0,Benign
2018-02-14 12:18:05,0.002285837195813656,0.04867853224277496,Benign,0.9985456466674805,0,0.0,Benign
2018-02-14 12:18:10,0.002408329863101244,0.04832567647099495,Benign,0.998482882976532,0,0.0,Benign
2018-02-14 12:18:15,0.002591388765722513,0.04793529212474823,Benign,0.9983950257301331,0,0.0,Benign
2018-02-14 12:18:20,0.002828571479767561,0.0471351183950901,Benign,0.9982428550720215,0,0.0,Benign
2018-02-14 12:18:25,0.0032305798958986998,0.04803716018795967,Benign,0.9979821443557739,0,0.0,Benign
2018-02-14 12:18:30,0.003130716737359762,0.04670453816652298,Benign,0.9980220794677734,0,0.0,Benign
2018-02-14 12:18:35,0.0033203945495188236,0.04737885296344757,Benign,0.997870683670044,0,0.0,Benign
2018-02-14 12:18:40,0.003225203836336732,0.0477532334625721,Benign,0.9979952573776245,0,0.0,Benign
2018-02-14 12:18:45,0.0032127134036272764,0.051516834646463394,Benign,0.9979830980300903,0,0.0,Benign
2018-02-14 12:18:50,0.0032992702908813953,0.050837546586990356,Benign,0.9979210495948792,0,0.0,Benign
2018-02-14 12:18:55,0.003414806444197893,0.052920762449502945,Benign,0.9978360533714294,0,0.0,Benign
2018-02-14 12:19:00,0.0031084660440683365,0.05396721884608269,Benign,0.9980505704879761,0,0.0,Benign
2018-02-14 12:19:05,0.0027725156396627426,0.053943999111652374,Benign,0.9982648491859436,0,0.0,Benign
2018-02-14 12:19:10,0.002509528072550893,0.05259456858038902,Benign,0.99842369556427,0,0.0,Benign
2018-02-14 12:19:15,0.002431116532534361,0.05281470715999603,Benign,0.9985356330871582,0,0.0,Benign
2018-02-14 12:19:20,0.002606858965009451,0.05332467705011368,Benign,0.9983565211296082,0,0.0,Benign
2018-02-14 12:19:25,0.002739221788942814,0.053635403513908386,Benign,0.9982231259346008,0,0.0,Benign
2018-02-14 12:19:30,0.0029705623164772987,0.05517137795686722,Benign,0.9980431795120239,0,0.0,Benign
2018-02-14 12:19:35,0.0032521355897188187,0.05618744716048241,Benign,0.9978267550468445,0,0.0,Benign
2018-02-14 12:19:40,0.003686917247250676,0.05892959237098694,Benign,0.997519314289093,0,0.0,Benign
2018-02-14 12:19:45,0.004021746572107077,0.062117062509059906,Benign,0.9973053932189941,0,0.0,Benign
2018-02-14 12:19:50,0.004020556807518005,0.06408625841140747,Benign,0.9973721504211426,0,0.0,Benign
2018-02-14 12:19:55,0.0036308960989117622,0.062405720353126526,Benign,0.9976721405982971,0,0.0,Benign
2018-02-14 12:20:00,0.003327637678012252,0.06058301776647568,Benign,0.9979064464569092,0,0.0,Benign
2018-02-14 12:20:05,0.0028467068914324045,0.05791025608778,Benign,0.9981720447540283,0,0.0,Benign
2018-02-14 12:20:10,0.002673222217708826,0.057317182421684265,Benign,0.9982787370681763,0,0.0,Benign
2018-02-14 12:20:15,0.002643672516569495,0.056924525648355484,Benign,0.9982482194900513,0,0.0,Benign
2018-02-14 12:20:20,0.0025422696489840746,0.05417036637663841,Benign,0.9982593655586243,0,0.0,Benign
2018-02-14 12:20:25,0.002873664489015937,0.05563109740614891,Benign,0.9979948997497559,0,0.0,Benign
2018-02-14 12:20:30,0.002620284678414464,0.05338522046804428,Benign,0.9981814622879028,0,0.0,Benign
2018-02-14 12:20:35,0.0025522427167743444,0.0529886819422245,Benign,0.9982144832611084,0,0.0,Benign
2018-02-14 12:20:40,0.0026524579152464867,0.05522947013378143,Benign,0.9980993866920471,0,0.0,Benign
2018-02-14 12:20:45,0.0027254584711045027,0.05871652811765671,Benign,0.9980535507202148,0,0.0,Benign
2018-02-14 12:20:50,0.002567562973126769,0.05950688570737839,Benign,0.9981264472007751,0,0.0,Benign
2018-02-14 12:20:55,0.0025153046008199453,0.05995149537920952,Benign,0.998024582862854,0,0.0,Benign
2018-02-14 12:21:00,0.0022811354137957096,0.057380806654691696,Benign,0.9981595873832703,0,0.0,Benign
2018-02-14 12:21:05,0.0020832561422139406,0.05574455484747887,Benign,0.9982818365097046,0,0.0,Benign
2018-02-14 12:21:10,0.001984986709430814,0.054506197571754456,Benign,0.9983499050140381,0,0.0,Benign
2018-02-14 12:21:15,0.0020160404965281487,0.05468666926026344,Benign,0.998387336730957,0,0.0,Benign
2018-02-14 12:21:20,0.0018975359853357077,0.053873006254434586,Benign,0.9984563589096069,0,0.0,Benign
2018-02-14 12:21:25,0.0017996842507272959,0.05331927910447121,Benign,0.998553454875946,0,0.0,Benign
2018-02-14 12:21:30,0.0018397271633148193,0.054170917719602585,Benign,0.9985390901565552,0,0.0,Benign
2018-02-14 12:21:35,0.001820089528337121,0.05348064750432968,Benign,0.9985058307647705,0,0.0,Benign
2018-02-14 12:21:40,0.0019699661061167717,0.05572821572422981,Benign,0.9983853101730347,0,0.0,Benign
2018-02-14 12:21:45,0.001987513154745102,0.05580940470099449,Benign,0.9983195662498474,0,0.0,Benign
2018-02-14 12:21:50,0.001854665344581008,0.05437298119068146,Benign,0.9983850717544556,0,0.0,Benign
2018-02-14 12:21:55,0.0018060068832710385,0.05393381416797638,Benign,0.9983848333358765,0,0.0,Benign
2018-02-14 12:22:00,0.0017447294667363167,0.05272883176803589,Benign,0.9983736276626587,0,0.0,Benign
2018-02-14 12:22:05,0.0016898463945835829,0.051115818321704865,Benign,0.9983978867530823,0,0.0,Benign
2018-02-14 12:22:10,0.0016236533410847187,0.049709342420101166,Benign,0.9984826445579529,0,0.0,Benign
2018-02-14 12:22:15,0.0015700692310929298,0.04759056121110916,Benign,0.9985576272010803,0,0.0,Benign
2018-02-14 12:22:20,0.0015823275316506624,0.045811258256435394,Benign,0.9985906481742859,0,0.0,Benign
2018-02-14 12:22:25,0.001609658938832581,0.04450313746929169,Benign,0.9986391663551331,0,0.0,Benign
2018-02-14 12:22:30,0.001697290688753128,0.04383491352200508,Benign,0.9986347556114197,0,0.0,Benign
2018-02-14 12:22:35,0.0017351615242660046,0.042517125606536865,Benign,0.9986783862113953,0,0.0,Benign
2018-02-14 12:22:40,0.0018197994213551283,0.04208797961473465,Benign,0.9986396431922913,0,0.0,Benign
2018-02-14 12:22:45,0.0021087443456053734,0.044883113354444504,Benign,0.9984025359153748,0,0.0,Benign
2018-02-14 12:22:50,0.0022945089731365442,0.047344185411930084,Benign,0.9982184767723083,0,0.0,Benign
2018-02-14 12:22:55,0.0024021558929234743,0.048388220369815826,Benign,0.9981306195259094,0,0.0,Benign
2018-02-14 12:23:00,0.0024861441925168037,0.04939070716500282,Benign,0.9980370402336121,0,0.0,Benign
2018-02-14 12:23:05,0.002899595070630312,0.05239398777484894,Benign,0.9975979924201965,0,0.0,Benign
2018-02-14 12:23:10,0.0035846976097673178,0.05588378384709358,Benign,0.9970493316650391,0,0.0,Benign
2018-02-14 12:23:15,0.0036215116269886494,0.057134147733449936,Benign,0.9970747232437134,0,0.0,Benign
2018-02-14 12:23:20,0.004388215485960245,0.06241903081536293,Benign,0.996515154838562,0,0.0,Benign
2018-02-14 12:23:25,0.004272388760000467,0.06111061945557594,Benign,0.996553897857666,0,0.0,Benign
2018-02-14 12:23:30,0.004446164704859257,0.06173420324921608,Benign,0.9963756203651428,0,0.0,Benign
2018-02-14 12:23:35,0.005319383926689625,0.06464873999357224,Benign,0.9956186413764954,0,0.0,Benign
2018-02-14 12:23:40,0.006005110219120979,0.07033639401197433,Benign,0.9949069619178772,0,0.0,Benign
2018-02-14 12:23:45,0.005959981121122837,0.07179079204797745,Benign,0.9946684241294861,0,0.0,Benign
2018-02-14 12:23:50,0.005740678403526545,0.07035631686449051,Benign,0.9947279095649719,0,0.0,Benign
2018-02-14 12:23:55,0.005492683034390211,0.06710657477378845,Benign,0.9949000477790833,0,0.0,Benign
2018-02-14 12:24:00,0.0049728588201105595,0.0643049106001854,Benign,0.9952729344367981,0,0.0,Benign
2018-02-14 12:24:05,0.0044893259182572365,0.06111161410808563,Benign,0.995832622051239,0,0.0,Benign
2018-02-14 12:24:10,0.004460599739104509,0.06006699427962303,Benign,0.9958536624908447,0,0.0,Benign
2018-02-14 12:24:15,0.004051099065691233,0.05992894247174263,Benign,0.9963310360908508,0,0.0,Benign
2018-02-14 12:24:20,0.003697114996612072,0.05878061801195145,Benign,0.9966863989830017,0,0.0,Benign
2018-02-14 12:24:25,0.0037432361859828234,0.05750804767012596,Benign,0.9966713786125183,0,0.0,Benign
2018-02-14 12:24:30,0.0039466083981096745,0.05824518948793411,Benign,0.9964669942855835,0,0.0,Benign
2018-02-14 12:24:35,0.004103526473045349,0.05752763897180557,Benign,0.996489942073822,0,0.0,Benign
2018-02-14 12:24:40,0.003907142207026482,0.053939446806907654,Benign,0.9967888593673706,0,0.0,Benign
2018-02-14 12:24:45,0.0037604281678795815,0.05486532673239708,Benign,0.9969186782836914,0,0.0,Benign
2018-02-14 12:24:50,0.003347080899402499,0.05477256700396538,Benign,0.997260570526123,0,0.0,Benign
2018-02-14 12:24:55,0.0033421951811760664,0.05668487399816513,Benign,0.997495174407959,0,0.0,Benign
2018-02-14 12:25:00,0.003053476335480809,0.05609912425279617,Benign,0.9978392720222473,0,0.0,Benign
2018-02-14 12:25:05,0.002879285952076316,0.05368027091026306,Benign,0.9979332685470581,0,0.0,Benign
2018-02-14 12:25:10,0.0030069993808865547,0.052822571247816086,Benign,0.997900128364563,0,0.0,Benign
2018-02-14 12:25:15,0.0030890738125890493,0.0531192310154438,Benign,0.9979262351989746,0,0.0,Benign
2018-02-14 12:25:20,0.0033075930550694466,0.05215811729431152,Benign,0.9978519678115845,0,0.0,Benign
2018-02-14 12:25:25,0.0032994553912431,0.051388002932071686,Benign,0.9978827834129333,0,0.0,Benign
2018-02-14 12:25:30,0.0030885760206729174,0.04935719445347786,Benign,0.9980941414833069,0,0.0,Benign
2018-02-14 12:25:35,0.002974269213154912,0.04658467695116997,Benign,0.998181939125061,0,0.0,Benign
2018-02-14 12:25:40,0.003127498086541891,0.05041017383337021,Benign,0.9981271624565125,0,0.0,Benign
2018-02-14 12:25:45,0.003072824329137802,0.04859334975481033,Benign,0.9981722831726074,0,0.0,Benign
2018-02-14 12:25:50,0.0034144558012485504,0.049916498363018036,Benign,0.99795001745224,0,0.0,Benign
2018-02-14 12:25:55,0.003868158208206296,0.04925168305635452,Benign,0.9977110624313354,0,0.0,Benign
2018-02-14 12:26:00,0.004441460128873587,0.05020161345601082,Benign,0.9973446726799011,0,0.0,Benign
2018-02-14 12:26:05,0.004394213203340769,0.0500948391854763,Benign,0.9974207878112793,0,0.0,Benign
2018-02-14 12:26:10,0.004389522131532431,0.050280455499887466,Benign,0.9974064230918884,0,0.0,Benign
2018-02-14 12:26:15,0.004240692593157291,0.049609992653131485,Benign,0.9974949359893799,0,0.0,Benign
2018-02-14 12:26:20,0.004282762762159109,0.05087951943278313,Benign,0.9974638223648071,0,0.0,Benign
2018-02-14 12:26:25,0.004951494745910168,0.05104128271341324,Benign,0.9970920085906982,0,0.0,Benign
2018-02-14 12:26:30,0.00603253860026598,0.05626411363482475,Benign,0.996399998664856,0,0.0,Benign
2018-02-14 12:26:35,0.007742953486740589,0.06184164062142372,Benign,0.9954631924629211,0,0.0,Benign
2018-02-14 12:26:40,0.009447991847991943,0.06661248207092285,Benign,0.9945862293243408,0,0.0,Benign
2018-02-14 12:26:45,0.008597560226917267,0.06556598842144012,Benign,0.994906485080719,0,0.0,Benign
2018-02-14 12:26:50,0.007175370119512081,0.062033761292696,Benign,0.9956966638565063,0,0.0,Benign
2018-02-14 12:26:55,0.006762015167623758,0.061025310307741165,Benign,0.9958516359329224,0,0.0,Benign
2018-02-14 12:27:00,0.006804407574236393,0.061678722500801086,Benign,0.9958471655845642,0,0.0,Benign
2018-02-14 12:27:05,0.005785047076642513,0.056198686361312866,Benign,0.9965066313743591,0,0.0,Benign
2018-02-14 12:27:10,0.006098663434386253,0.05526350438594818,Benign,0.9961525797843933,0,0.0,Benign
2018-02-14 12:27:15,0.005534943658858538,0.055432166904211044,Benign,0.9965856075286865,0,0.0,Benign
2018-02-14 12:27:20,0.005764907691627741,0.056223224848508835,Benign,0.996505618095398,0,0.0,Benign
2018-02-14 12:27:25,0.005022987257689238,0.05393624305725098,Benign,0.9969333410263062,0,0.0,Benign
2018-02-14 12:27:30,0.004460739437490702,0.0555267408490181,Benign,0.9972442388534546,0,0.0,Benign
2018-02-14 12:27:35,0.0038801985792815685,0.05485072731971741,Benign,0.9976432919502258,0,0.0,Benign
2018-02-14 12:27:40,0.0036680521443486214,0.05703809857368469,Benign,0.9978440999984741,0,0.0,Benign
2018-02-14 12:27:45,0.0034778255503624678,0.05654989928007126,Benign,0.9978882670402527,0,0.0,Benign
2018-02-14 12:27:50,0.0034486036747694016,0.05508432164788246,Benign,0.9978603720664978,0,0.0,Benign
2018-02-14 12:27:55,0.0032789066899567842,0.05552106350660324,Benign,0.9979473948478699,0,0.0,Benign
2018-02-14 12:28:00,0.0029823482036590576,0.054352954030036926,Benign,0.9980732202529907,0,0.0,Benign
2018-02-14 12:28:05,0.0025314113590866327,0.05341732129454613,Benign,0.9983261227607727,0,0.0,Benign
2018-02-14 12:28:10,0.0023343840148299932,0.053984738886356354,Benign,0.9984105825424194,0,0.0,Benign
2018-02-14 12:28:15,0.0020757210440933704,0.05311523750424385,Benign,0.9985195994377136,0,0.0,Benign
2018-02-14 12:28:20,0.0019857347942888737,0.05404477193951607,Benign,0.9984935522079468,0,0.0,Benign
2018-02-14 12:28:25,0.001985102891921997,0.055143553763628006,Benign,0.9983892440795898,0,0.0,Benign
2018-02-14 12:28:30,0.0020294643472880125,0.05536385625600815,Benign,0.9981955885887146,0,0.0,Benign
2018-02-14 12:28:35,0.001966157928109169,0.054247625172138214,Benign,0.9982683658599854,0,0.0,Benign
2018-02-14 12:28:40,0.0019332240335643291,0.053545739501714706,Benign,0.9982307553291321,0,0.0,Benign
2018-02-14 12:28:45,0.0022146841511130333,0.05872258171439171,Benign,0.997969925403595,0,0.0,Benign
2018-02-14 12:28:50,0.0022678785026073456,0.059508003294467926,Benign,0.9980637431144714,0,0.0,Benign
2018-02-14 12:28:55,0.002234488958492875,0.058974698185920715,Benign,0.9980409741401672,0,0.0,Benign
2018-02-14 12:29:00,0.00222450727596879,0.05872339382767677,Benign,0.9979345798492432,0,0.0,Benign
2018-02-14 12:29:05,0.0021057394333183765,0.05680456385016441,Benign,0.9980510473251343,0,0.0,Benign
2018-02-14 12:29:10,0.002075898926705122,0.05637482553720474,Benign,0.9980039000511169,0,0.0,Benign
2018-02-14 12:29:15,0.001992076402530074,0.0551101490855217,Benign,0.998029887676239,0,0.0,Benign
2018-02-14 12:29:20,0.0021491374354809523,0.056684453040361404,Benign,0.9979609251022339,0,0.0,Benign
2018-02-14 12:29:25,0.001991298981010914,0.05514097586274147,Benign,0.9981986880302429,0,0.0,Benign
2018-02-14 12:29:30,0.0018539875745773315,0.05344756692647934,Benign,0.9984065890312195,0,0.0,Benign
2018-02-14 12:29:35,0.0017137936083599925,0.05068117380142212,Benign,0.998604953289032,0,0.0,Benign
2018-02-14 12:29:40,0.0017406545812264085,0.051371242851018906,Benign,0.9985931515693665,0,0.0,Benign
2018-02-14 12:29:45,0.0019057601457461715,0.054093413054943085,Benign,0.9984391331672668,0,0.0,Benign
2018-02-14 12:29:50,0.0018440437270328403,0.05401564761996269,Benign,0.9984753727912903,0,0.0,Benign
2018-02-14 12:29:55,0.001886935206130147,0.05448639765381813,Benign,0.998399555683136,0,0.0,Benign
2018-02-14 12:30:00,0.0018952011596411467,0.0542839914560318,Benign,0.998340368270874,0,0.0,Benign
2018-02-14 12:30:05,0.0017949544126167893,0.05275467038154602,Benign,0.9984498023986816,0,0.0,Benign
2018-02-14 12:30:10,0.001716278726235032,0.05154088884592056,Benign,0.9985198378562927,0,0.0,Benign
2018-02-14 12:30:15,0.0016931388527154922,0.05107100307941437,Benign,0.9985094666481018,0,0.0,Benign
2018-02-14 12:30:20,0.0016929630655795336,0.04997041076421738,Benign,0.9984825253486633,0,0.0,Benign
2018-02-14 12:30:25,0.0017042775871232152,0.049973078072071075,Benign,0.9984654188156128,0,0.0,Benign
2018-02-14 12:30:30,0.0017810727003961802,0.04984670132398605,Benign,0.9983810186386108,0,0.0,Benign
2018-02-14 12:30:35,0.001796661177650094,0.050604935735464096,Benign,0.9982860684394836,0,0.0,Benign
2018-02-14 12:30:40,0.0017101387493312359,0.04948410764336586,Benign,0.9983394145965576,0,0.0,Benign
2018-02-14 12:30:45,0.0016956988256424665,0.04914376512169838,Benign,0.9983433485031128,0,0.0,Benign
2018-02-14 12:30:50,0.0017093450296670198,0.048503097146749496,Benign,0.9982905983924866,0,0.0,Benign
2018-02-14 12:30:55,0.0018204959342256188,0.049267251044511795,Benign,0.998206615447998,0,0.0,Benign
2018-02-14 12:31:00,0.0018648381810635328,0.04984031990170479,Benign,0.998128354549408,0,0.0,Benign
2018-02-14 12:31:05,0.0019872947596013546,0.04959766939282417,Benign,0.9979758858680725,0,0.0,Benign
2018-02-14 12:31:10,0.0020702059846371412,0.05151259899139404,Benign,0.9978713989257812,0,0.0,Benign
2018-02-14 12:31:15,0.002180683659389615,0.0509522370994091,Benign,0.997755229473114,0,0.0,Benign
2018-02-14 12:31:20,0.00232922681607306,0.05344393476843834,Benign,0.9976071119308472,0,0.0,Benign
2018-02-14 12:31:25,0.0023912745527923107,0.05298256874084473,Benign,0.9975420236587524,0,0.0,Benign
2018-02-14 12:31:30,0.002383039565756917,0.05271544307470322,Benign,0.9975304007530212,0,0.0,Benign
2018-02-14 12:31:35,0.002188908401876688,0.052864816039800644,Benign,0.9978006482124329,0,0.0,Benign
2018-02-14 12:31:40,0.002271693665534258,0.05497000366449356,Benign,0.9978147745132446,0,0.0,Benign
2018-02-14 12:31:45,0.002398611744865775,0.056996166706085205,Benign,0.9977460503578186,0,0.0,Benign
2018-02-14 12:31:50,0.002442250493913889,0.05808613449335098,Benign,0.9977084398269653,0,0.0,Benign
2018-02-14 12:31:55,0.002449310850352049,0.05716181546449661,Benign,0.9977418184280396,0,0.0,Benign
2018-02-14 12:32:00,0.0023344936780631542,0.05590232089161873,Benign,0.9978979825973511,0,0.0,Benign
2018-02-14 12:32:05,0.002223410876467824,0.054109860211610794,Benign,0.9980770349502563,0,0.0,Benign
2018-02-14 12:32:10,0.0020246596541255713,0.052244558930397034,Benign,0.9983605742454529,0,0.0,Benign
2018-02-14 12:32:15,0.001963340910151601,0.051926083862781525,Benign,0.9984874725341797,0,0.0,Benign
2018-02-14 12:32:20,0.0018834620714187622,0.051841430366039276,Benign,0.9985666871070862,0,0.0,Benign
2018-02-14 12:32:25,0.0018888156628236175,0.05298206955194473,Benign,0.9985175728797913,0,0.0,Benign
2018-02-14 12:32:30,0.001831780537031591,0.05240035057067871,Benign,0.9986006617546082,0,0.0,Benign
2018-02-14 12:32:35,0.001807910273782909,0.0512542799115181,Benign,0.9986240863800049,0,0.0,Benign
2018-02-14 12:32:40,0.0017913627671077847,0.04934640973806381,Benign,0.9986048340797424,0,0.0,Benign
2018-02-14 12:32:45,0.0017560631968080997,0.04706620052456856,Benign,0.9986741542816162,0,0.0,Benign
2018-02-14 12:32:50,0.0017616978147998452,0.04606187716126442,Benign,0.998702883720398,0,0.0,Benign
2018-02-14 12:32:55,0.0017890705494210124,0.046114373952150345,Benign,0.9987448453903198,0,0.0,Benign
2018-02-14 12:33:00,0.0018968787044286728,0.04651977866888046,Benign,0.9986867308616638,0,0.0,Benign
2018-02-14 12:33:05,0.0019688003230839968,0.04690764844417572,Benign,0.9986668825149536,0,0.0,Benign
2018-02-14 12:33:10,0.0019833603873848915,0.04667557403445244,Benign,0.9986820816993713,0,0.0,Benign
2018-02-14 12:33:15,0.0020108302123844624,0.04604649916291237,Benign,0.9986705780029297,0,0.0,Benign
2018-02-14 12:33:20,0.0022978715132921934,0.04814756289124489,Benign,0.9985051155090332,0,0.0,Benign
2018-02-14 12:33:25,0.0024801078252494335,0.04806627705693245,Benign,0.9983910322189331,0,0.0,Benign
2018-02-14 12:33:30,0.0024570098612457514,0.04881257191300392,Benign,0.9984145164489746,0,0.0,Benign
2018-02-14 12:33:35,0.002388928085565567,0.048652492463588715,Benign,0.9984772801399231,0,0.0,Benign
2018-02-14 12:33:40,0.0023256372660398483,0.049429453909397125,Benign,0.998542070388794,0,0.0,Benign
2018-02-14 12:33:45,0.002460262505337596,0.05254858732223511,Benign,0.9985092282295227,0,0.0,Benign
2018-02-14 12:33:50,0.0024515094701200724,0.05427084490656853,Benign,0.9985128045082092,0,0.0,Benign
2018-02-14 12:33:55,0.0024454740341752768,0.055660996586084366,Benign,0.9984962940216064,0,0.0,Benign
2018-02-14 12:34:00,0.002585990121588111,0.057473309338092804,Benign,0.9983499050140381,0,0.0,Benign
2018-02-14 12:34:05,0.0025179774966090918,0.056006837636232376,Benign,0.998337984085083,0,0.0,Benign
2018-02-14 12:34:10,0.002358008874580264,0.05458838492631912,Benign,0.9983900785446167,0,0.0,Benign
2018-02-14 12:34:15,0.0021751741878688335,0.05107880383729935,Benign,0.9984955787658691,0,0.0,Benign
2018-02-14 12:34:20,0.002030709758400917,0.04837159067392349,Benign,0.9985722303390503,0,0.0,Benign
2018-02-14 12:34:25,0.0019758325070142746,0.04666019231081009,Benign,0.9986036419868469,0,0.0,Benign
2018-02-14 12:34:30,0.0019580526277422905,0.04640902951359749,Benign,0.9986096620559692,0,0.0,Benign
2018-02-14 12:34:35,0.0019941164646297693,0.04735958203673363,Benign,0.9985677003860474,0,0.0,Benign
2018-02-14 12:34:40,0.0019825100898742676,0.04646965116262436,Benign,0.9986372590065002,0,0.0,Benign
2018-02-14 12:34:45,0.001973846461623907,0.04532129690051079,Benign,0.9986053109169006,0,0.0,Benign
2018-02-14 12:34:50,0.0020386376418173313,0.046271421015262604,Benign,0.998542308807373,0,0.0,Benign
2018-02-14 12:34:55,0.00206396565772593,0.046004608273506165,Benign,0.9985252022743225,0,0.0,Benign
2018-02-14 12:35:00,0.002176980720832944,0.04725748300552368,Benign,0.9984710812568665,0,0.0,Benign
2018-02-14 12:35:05,0.002282559871673584,0.047874439507722855,Benign,0.9984126091003418,0,0.0,Benign
2018-02-14 12:35:10,0.0028077145107090473,0.050426553934812546,Benign,0.9980176687240601,0,0.0,Benign
2018-02-14 12:35:15,0.00324657722376287,0.05310709774494171,Benign,0.997647225856781,0,0.0,Benign
2018-02-14 12:35:20,0.00444875517860055,0.0624198354780674,Benign,0.9967336654663086,0,0.0,Benign
2018-02-14 12:35:25,0.005482835229486227,0.070164255797863,Benign,0.9958845973014832,0,0.0,Benign
2018-02-14 12:35:30,0.005958933383226395,0.07410648465156555,Benign,0.9952276945114136,0,0.0,Benign
2018-02-14 12:35:35,0.006751256063580513,0.07913774251937866,Benign,0.9941346049308777,0,0.0,Benign
2018-02-14 12:35:40,0.007257059216499329,0.08121737092733383,Benign,0.9934171438217163,0,0.0,Benign
2018-02-14 12:35:45,0.006884963251650333,0.08270762115716934,Benign,0.9938153028488159,0,0.0,Benign
2018-02-14 12:35:50,0.006185748148709536,0.08281927555799484,Benign,0.9943788647651672,0,0.0,Benign
2018-02-14 12:35:55,0.005315234884619713,0.07966070622205734,Benign,0.9951218962669373,0,0.0,Benign
2018-02-14 12:36:00,0.0051423232071101665,0.07564324140548706,Benign,0.9952131509780884,0,0.0,Benign
2018-02-14 12:36:05,0.004533218685537577,0.07014911621809006,Benign,0.995762050151825,0,0.0,Benign
2018-02-14 12:36:10,0.005788541864603758,0.07348302006721497,Benign,0.9947993755340576,0,0.0,Benign
2018-02-14 12:36:15,0.006369014736264944,0.07538390159606934,Benign,0.9943272471427917,0,0.0,Benign
2018-02-14 12:36:20,0.006472458131611347,0.07465898990631104,Benign,0.9943521022796631,0,0.0,Benign
2018-02-14 12:36:25,0.006038399878889322,0.07217679172754288,Benign,0.9948714971542358,0,0.0,Benign
2018-02-14 12:36:30,0.006760003976523876,0.07597880065441132,Benign,0.994387686252594,0,0.0,Benign
2018-02-14 12:36:35,0.006755654700100422,0.07643841207027435,Benign,0.9945492148399353,0,0.0,Benign
2018-02-14 12:36:40,0.008711354807019234,0.0852552130818367,Benign,0.9933660626411438,0,0.0,Benign
2018-02-14 12:36:45,0.0092301731929183,0.08684235066175461,Benign,0.9931288957595825,0,0.0,Benign
2018-02-14 12:36:50,0.008682680316269398,0.08358148485422134,Benign,0.9935944676399231,0,0.0,Benign
2018-02-14 12:36:55,0.009390292689204216,0.08687706291675568,Benign,0.9932627081871033,0,0.0,Benign
2018-02-14 12:37:00,0.011275975033640862,0.09538283944129944,Benign,0.9921214580535889,0,0.0,Benign
2018-02-14 12:37:05,0.011393697932362556,0.09417498856782913,Benign,0.9923406839370728,0,0.0,Benign
2018-02-14 12:37:10,0.011552697978913784,0.0923646092414856,Benign,0.9926683902740479,0,0.0,Benign
2018-02-14 12:37:15,0.00969806220382452,0.08058229088783264,Benign,0.9939583539962769,0,0.0,Benign
2018-02-14 12:37:20,0.0076990313827991486,0.07362160086631775,Benign,0.9952566027641296,0,0.0,Benign
2018-02-14 12:37:25,0.008522987365722656,0.07460541278123856,Benign,0.9946278929710388,0,0.0,Benign
2018-02-14 12:37:30,0.009063221514225006,0.07344634085893631,Benign,0.9943629503250122,0,0.0,Benign
2018-02-14 12:37:35,0.007967027835547924,0.06955686211585999,Benign,0.995108425617218,0,0.0,Benign
2018-02-14 12:37:40,0.005696633365005255,0.06198938190937042,Benign,0.9965471625328064,0,0.0,Benign
2018-02-14 12:37:45,0.004705457016825676,0.056973569095134735,Benign,0.9971422553062439,0,0.0,Benign
2018-02-14 12:37:50,0.005017559044063091,0.057668719440698624,Benign,0.9968715310096741,0,0.0,Benign
2018-02-14 12:37:55,0.0045016114600002766,0.05800987407565117,Benign,0.997253954410553,0,0.0,Benign
2018-02-14 12:38:00,0.003815713571384549,0.054990723729133606,Benign,0.9976722598075867,0,0.0,Benign
2018-02-14 12:38:05,0.0035847960971295834,0.05400586500763893,Benign,0.9978495836257935,0,0.0,Benign
2018-02-14 12:38:10,0.0033270036801695824,0.05251491814851761,Benign,0.9980314373970032,0,0.0,Benign
2018-02-14 12:38:15,0.0030498842243105173,0.05157211795449257,Benign,0.9981607794761658,0,0.0,Benign
2018-02-14 12:38:20,0.0027849662583321333,0.049393024295568466,Benign,0.9983017444610596,0,0.0,Benign
2018-02-14 12:38:25,0.0025157604832202196,0.04740407317876816,Benign,0.9984793066978455,0,0.0,Benign
2018-02-14 12:38:30,0.002448807703331113,0.04595746099948883,Benign,0.9985262155532837,0,0.0,Benign
2018-02-14 12:38:35,0.002558914478868246,0.044704899191856384,Benign,0.998426079750061,0,0.0,Benign
2018-02-14 12:38:40,0.002623785985633731,0.044116243720054626,Benign,0.998370349407196,0,0.0,Benign
2018-02-14 12:38:45,0.0026476397179067135,0.04375554621219635,Benign,0.998364269733429,0,0.0,Benign
2018-02-14 12:38:50,0.002840352477505803,0.04485488310456276,Benign,0.9982326030731201,0,0.0,Benign
2018-02-14 12:38:55,0.003069063648581505,0.0452873669564724,Benign,0.9980792999267578,0,0.0,Benign
2018-02-14 12:39:00,0.0037136904429644346,0.0483948290348053,Benign,0.997687578201294,0,0.0,Benign
2018-02-14 12:39:05,0.003973500337451696,0.04976266622543335,Benign,0.9975405931472778,0,0.0,Benign
2018-02-14 12:39:10,0.0042520929127931595,0.05156710371375084,Benign,0.9974117875099182,0,0.0,Benign
2018-02-14 12:39:15,0.005211911629885435,0.05601900815963745,Benign,0.9968529343605042,0,0.0,Benign
2018-02-14 12:39:20,0.006467921659350395,0.060746368020772934,Benign,0.9962528944015503,0,0.0,Benign
2018-02-14 12:39:25,0.007116406224668026,0.06576623022556305,Benign,0.9959130883216858,0,0.0,Benign
2018-02-14 12:39:30,0.007619082927703857,0.06871785968542099,Benign,0.9956560134887695,0,0.0,Benign
2018-02-14 12:39:35,0.008432467468082905,0.07398748397827148,Benign,0.995366096496582,0,0.0,Benign
2018-02-14 12:39:40,0.009660640731453896,0.07668232172727585,Benign,0.9945775270462036,0,0.0,Benign
2018-02-14 12:39:45,0.010274100117385387,0.076003298163414,Benign,0.9943388104438782,0,0.0,Benign
2018-02-14 12:39:50,0.011875341646373272,0.07719294726848602,Benign,0.9936150312423706,0,0.0,Benign
2018-02-14 12:39:55,0.013101736083626747,0.07600706070661545,Benign,0.9931564927101135,0,0.0,Benign
2018-02-14 12:40:00,0.01402364857494831,0.07507510483264923,Benign,0.9929498434066772,0,0.0,Benign
2018-02-14 12:40:05,0.01415896788239479,0.07064186781644821,Benign,0.9930984377861023,0,0.0,Benign
2018-02-14 12:40:10,0.014284645207226276,0.06779436767101288,Benign,0.9932409524917603,0,0.0,Benign
2018-02-14 12:40:15,0.013427596539258957,0.0654461681842804,Benign,0.9935908317565918,0,0.0,Benign
2018-02-14 12:40:20,0.013928091153502464,0.06503746658563614,Benign,0.9934576153755188,0,0.0,Benign
2018-02-14 12:40:25,0.012450004927814007,0.06070037931203842,Benign,0.9940642714500427,0,0.0,Benign
2018-02-14 12:40:30,0.01162262074649334,0.05993829295039177,Benign,0.9942572116851807,0,0.0,Benign
2018-02-14 12:40:35,0.01195686124265194,0.06338533014059067,Benign,0.9940535426139832,0,0.0,Benign
2018-02-14 12:40:40,0.010550694540143013,0.06291313469409943,Benign,0.9946598410606384,0,0.0,Benign
2018-02-14 12:40:45,0.009057428687810898,0.06120387092232704,Benign,0.9952249526977539,0,0.0,Benign
2018-02-14 12:40:50,0.008443750441074371,0.05828675255179405,Benign,0.9955254197120667,0,0.0,Benign
2018-02-14 12:40:55,0.007812310475856066,0.0588800348341465,Benign,0.9957154393196106,0,0.0,Benign
2018-02-14 12:41:00,0.007035443093627691,0.05603991448879242,Benign,0.9960971474647522,0,0.0,Benign
2018-02-14 12:41:05,0.006538421846926212,0.05675823241472244,Benign,0.9962310194969177,0,0.0,Benign
2018-02-14 12:41:10,0.0058283512480556965,0.05493267625570297,Benign,0.9965859651565552,0,0.0,Benign
2018-02-14 12:41:15,0.005926769692450762,0.05787074193358421,Benign,0.9965415596961975,0,0.0,Benign
2018-02-14 12:41:20,0.0054940213449299335,0.056086938828229904,Benign,0.9967266321182251,0,0.0,Benign
2018-02-14 12:41:25,0.005219579208642244,0.05678657814860344,Benign,0.9968829154968262,0,0.0,Benign
2018-02-14 12:41:30,0.005113128572702408,0.05730874836444855,Benign,0.9969544410705566,0,0.0,Benign
2018-02-14 12:41:35,0.004425471182912588,0.053752344101667404,Benign,0.9973849654197693,0,0.0,Benign
2018-02-14 12:41:40,0.004590277560055256,0.05738290771842003,Benign,0.9972891807556152,0,0.0,Benign
2018-02-14 12:41:45,0.004546435084193945,0.056603990495204926,Benign,0.9972611665725708,0,0.0,Benign
2018-02-14 12:41:50,0.004724977537989616,0.056752368807792664,Benign,0.9971752166748047,0,0.0,Benign
2018-02-14 12:41:55,0.004806790966540575,0.05616167560219765,Benign,0.9971439242362976,0,0.0,Benign
2018-02-14 12:42:00,0.005197875667363405,0.05563679710030556,Benign,0.9969518184661865,0,0.0,Benign
2018-02-14 12:42:05,0.005695099476724863,0.057757895439863205,Benign,0.9967576861381531,0,0.0,Benign
2018-02-14 12:42:10,0.005985749885439873,0.056825924664735794,Benign,0.9967404007911682,0,0.0,Benign
2018-02-14 12:42:15,0.006256365682929754,0.059173617511987686,Benign,0.9965267777442932,0,0.0,Benign
2018-02-14 12:42:20,0.006243311334401369,0.0613086000084877,Benign,0.9964035749435425,0,0.0,Benign
2018-02-14 12:42:25,0.006079003214836121,0.06108516827225685,Benign,0.9964578747749329,0,0.0,Benign
2018-02-14 12:42:30,0.005841971840709448,0.05901718884706497,Benign,0.9966173768043518,0,0.0,Benign
2018-02-14 12:42:35,0.006319090258330107,0.059746190905570984,Benign,0.9963573813438416,0,0.0,Benign
2018-02-14 12:42:40,0.006026063114404678,0.05943440645933151,Benign,0.9963856935501099,0,0.0,Benign
2018-02-14 12:42:45,0.005874421447515488,0.06051633507013321,Benign,0.9964843988418579,0,0.0,Benign
2018-02-14 12:42:50,0.005771355703473091,0.06091446429491043,Benign,0.9964540004730225,0,0.0,Benign
2018-02-14 12:42:55,0.005554922390729189,0.06253980100154877,Benign,0.9965144991874695,0,0.0,Benign
2018-02-14 12:43:00,0.00532336113974452,0.06312577426433563,Benign,0.996690034866333,0,0.0,Benign
2018-02-14 12:43:05,0.004759062547236681,0.06209973245859146,Benign,0.9970928430557251,0,0.0,Benign
2018-02-14 12:43:10,0.004412337206304073,0.06192215159535408,Benign,0.9972947239875793,0,0.0,Benign
2018-02-14 12:43:15,0.0038780609611421824,0.05747305229306221,Benign,0.9976226687431335,0,0.0,Benign
2018-02-14 12:43:20,0.003780936123803258,0.05555550754070282,Benign,0.9976711869239807,0,0.0,Benign
2018-02-14 12:43:25,0.003909491002559662,0.05429308861494064,Benign,0.9975607395172119,0,0.0,Benign
2018-02-14 12:43:30,0.003632614389061928,0.05402127280831337,Benign,0.9977819323539734,0,0.0,Benign
2018-02-14 12:43:35,0.003423939924687147,0.05428468436002731,Benign,0.997843861579895,0,0.0,Benign
2018-02-14 12:43:40,0.0032841782085597515,0.052750833332538605,Benign,0.9978790283203125,0,0.0,Benign
2018-02-14 12:43:45,0.0037767263129353523,0.057313356548547745,Benign,0.9975583553314209,0,0.0,Benign
2018-02-14 12:43:50,0.0035715559497475624,0.0546286478638649,Benign,0.9977297186851501,0,0.0,Benign
2018-02-14 12:43:55,0.0040979026816785336,0.056148823350667953,Benign,0.9973850846290588,0,0.0,Benign
2018-02-14 12:44:00,0.004527105484157801,0.05788467451930046,Benign,0.9970687031745911,0,0.0,Benign
2018-02-14 12:44:05,0.004481531213968992,0.05758363753557205,Benign,0.9971563816070557,0,0.0,Benign
2018-02-14 12:44:10,0.004168341401964426,0.05313374102115631,Benign,0.9973287582397461,0,0.0,Benign
2018-02-14 12:44:15,0.0038855799939483404,0.051958680152893066,Benign,0.9974900484085083,0,0.0,Benign
2018-02-14 12:44:20,0.0036718444898724556,0.04924940690398216,Benign,0.9976844787597656,0,0.0,Benign
2018-02-14 12:44:25,0.003681421745568514,0.05008666217327118,Benign,0.9976962208747864,0,0.0,Benign
2018-02-14 12:44:30,0.003215170931071043,0.0505233071744442,Benign,0.9980358481407166,0,0.0,Benign
2018-02-14 12:44:35,0.0032015484757721424,0.050823040306568146,Benign,0.9980179071426392,0,0.0,Benign
2018-02-14 12:44:40,0.0028752831276506186,0.04811611399054527,Benign,0.9981898665428162,0,0.0,Benign
2018-02-14 12:44:45,0.0028161138761788607,0.04885414242744446,Benign,0.998223602771759,0,0.0,Benign
2018-02-14 12:44:50,0.002593612065538764,0.046728525310754776,Benign,0.9983727335929871,0,0.0,Benign
2018-02-14 12:44:55,0.0025828054640442133,0.046202827244997025,Benign,0.9983508586883545,0,0.0,Benign
2018-02-14 12:45:00,0.002861234825104475,0.04534758999943733,Benign,0.9981791973114014,0,0.0,Benign
2018-02-14 12:45:05,0.0029565405566245317,0.045163679867982864,Benign,0.9980930685997009,0,0.0,Benign
2018-02-14 12:45:10,0.0035013628657907248,0.045683614909648895,Benign,0.9977147579193115,0,0.0,Benign
2018-02-14 12:45:15,0.004556381143629551,0.049134645611047745,Benign,0.9970290064811707,0,0.0,Benign
2018-02-14 12:45:20,0.005140426103025675,0.05255948379635811,Benign,0.9966862797737122,0,0.0,Benign
2018-02-14 12:45:25,0.0056542600505054,0.055307772010564804,Benign,0.9964218139648438,0,0.0,Benign
2018-02-14 12:45:30,0.006870350334793329,0.05968499928712845,Benign,0.9956254959106445,0,0.0,Benign
2018-02-14 12:45:35,0.008381685242056847,0.06570472568273544,Benign,0.9945889711380005,0,0.0,Benign
2018-02-14 12:45:40,0.00802409928292036,0.06950091570615768,Benign,0.9949517250061035,0,0.0,Benign
2018-02-14 12:45:45,0.007556994911283255,0.06869619339704514,Benign,0.9952653646469116,0,0.0,Benign
2018-02-14 12:45:50,0.006116331554949284,0.06991405040025711,Benign,0.9959828853607178,0,0.0,Benign
2018-02-14 12:45:55,0.006012671627104282,0.07385754585266113,Benign,0.9960760474205017,0,0.0,Benign
2018-02-14 12:46:00,0.005491450894623995,0.07241343706846237,Benign,0.9964136481285095,0,0.0,Benign
2018-02-14 12:46:05,0.005089959595352411,0.07212475687265396,Benign,0.9966768026351929,0,0.0,Benign
2018-02-14 12:46:10,0.005311721470206976,0.07506900280714035,Benign,0.9965044260025024,0,0.0,Benign
2018-02-14 12:46:15,0.0050313398241996765,0.07373233139514923,Benign,0.9967202544212341,0,0.0,Benign
2018-02-14 12:46:20,0.004869723226875067,0.07100030779838562,Benign,0.9967208504676819,0,0.0,Benign
2018-02-14 12:46:25,0.0050054374150931835,0.07066906988620758,Benign,0.9965803027153015,0,0.0,Benign
2018-02-14 12:46:30,0.004616133403033018,0.06747084856033325,Benign,0.9968916773796082,0,0.0,Benign
2018-02-14 12:46:35,0.004172192886471748,0.062173452228307724,Benign,0.9972050786018372,0,0.0,Benign
2018-02-14 12:46:40,0.003877051640301943,0.05963417515158653,Benign,0.9974231719970703,0,0.0,Benign
2018-02-14 12:46:45,0.0037836942356079817,0.05835491046309471,Benign,0.9975557327270508,0,0.0,Benign
2018-02-14 12:46:50,0.0034926028456538916,0.05504628270864487,Benign,0.9977738261222839,0,0.0,Benign
2018-02-14 12:46:55,0.003391336416825652,0.053959429264068604,Benign,0.9978531002998352,0,0.0,Benign
2018-02-14 12:47:00,0.003149577649310231,0.053064122796058655,Benign,0.998035728931427,0,0.0,Benign
2018-02-14 12:47:05,0.0031817122362554073,0.05476987361907959,Benign,0.9979648590087891,0,0.0,Benign
2018-02-14 12:47:10,0.003326572012156248,0.056065019220113754,Benign,0.9978582262992859,0,0.0,Benign
2018-02-14 12:47:15,0.0032285014167428017,0.0540260411798954,Benign,0.9979871511459351,0,0.0,Benign
2018-02-14 12:47:20,0.0030555715784430504,0.051529932767152786,Benign,0.9981221556663513,0,0.0,Benign
2018-02-14 12:47:25,0.003000062657520175,0.05085252597928047,Benign,0.9981517195701599,0,0.0,Benign
2018-02-14 12:47:30,0.0030793005134910345,0.05137515068054199,Benign,0.9980923533439636,0,0.0,Benign
2018-02-14 12:47:35,0.003416194347664714,0.05112503468990326,Benign,0.997814416885376,0,0.0,Benign
2018-02-14 12:47:40,0.0038186602760106325,0.05030405893921852,Benign,0.9975973963737488,0,0.0,Benign
2018-02-14 12:47:45,0.00455911410972476,0.05158555507659912,Benign,0.9971611499786377,0,0.0,Benign
2018-02-14 12:47:50,0.0047320169396698475,0.053312186151742935,Benign,0.9970959424972534,0,0.0,Benign
2018-02-14 12:47:55,0.004445111379027367,0.053434889763593674,Benign,0.9972862005233765,0,0.0,Benign
2018-02-14 12:48:00,0.004525090102106333,0.05100543797016144,Benign,0.9972699284553528,0,0.0,Benign
2018-02-14 12:48:05,0.005290990229696035,0.056017421185970306,Benign,0.9968048334121704,0,0.0,Benign
2018-02-14 12:48:10,0.006079749204218388,0.06147957593202591,Benign,0.9963853359222412,0,0.0,Benign
2018-02-14 12:48:15,0.006503778975456953,0.0649416372179985,Benign,0.9961507320404053,0,0.0,Benign
2018-02-14 12:48:20,0.006830359343439341,0.0621875524520874,Benign,0.9960877895355225,0,0.0,Benign
2018-02-14 12:48:25,0.006681935396045446,0.05945494398474693,Benign,0.99625164270401,0,0.0,Benign
2018-02-14 12:48:30,0.007320692762732506,0.05885127931833267,Benign,0.9959366321563721,0,0.0,Benign
2018-02-14 12:48:35,0.00813780352473259,0.061240144073963165,Benign,0.9956533908843994,0,0.0,Benign
2018-02-14 12:48:40,0.010318917222321033,0.06390618532896042,Benign,0.9943786263465881,0,0.0,Benign
2018-02-14 12:48:45,0.013304155319929123,0.06870922446250916,Benign,0.9926633834838867,0,0.0,Benign
2018-02-14 12:48:50,0.015896571800112724,0.07562540471553802,Benign,0.9910548329353333,0,0.0,Benign
2018-02-14 12:48:55,0.01924346387386322,0.08092700690031052,Benign,0.9894047975540161,0,0.0,Benign
2018-02-14 12:49:00,0.02380950376391411,0.08445549756288528,Benign,0.9874609112739563,0,0.0,Benign
2018-02-14 12:49:05,0.02960887737572193,0.08826915919780731,Benign,0.9851281046867371,0,0.0,Benign
2018-02-14 12:49:10,0.03636946901679039,0.09280511736869812,Benign,0.9828245639801025,0,0.0,Benign
2018-02-14 12:49:15,0.03134399279952049,0.08924766629934311,Benign,0.9851199984550476,0,0.0,Benign
2018-02-14 12:49:20,0.02602337673306465,0.0862615630030632,Benign,0.9872094392776489,0,0.0,Benign
2018-02-14 12:49:25,0.020876672118902206,0.08211863785982132,Benign,0.9894351363182068,0,0.0,Benign
2018-02-14 12:49:30,0.01918301358819008,0.08264076709747314,Benign,0.9902200102806091,0,0.0,Benign
2018-02-14 12:49:35,0.017554031684994698,0.07659592479467392,Benign,0.9912589192390442,0,0.0,Benign
2018-02-14 12:49:40,0.015535476617515087,0.07353617995977402,Benign,0.9923237562179565,0,0.0,Benign
2018-02-14 12:49:45,0.015509696677327156,0.06929395347833633,Benign,0.9924903512001038,0,0.0,Benign
2018-02-14 12:49:50,0.014151616021990776,0.06690877676010132,Benign,0.9928820133209229,0,0.0,Benign
2018-02-14 12:49:55,0.01376877911388874,0.06640835106372833,Benign,0.9926885962486267,0,0.0,Benign
2018-02-14 12:50:00,0.01181901153177023,0.06866583228111267,Benign,0.9933452606201172,0,0.0,Benign
2018-02-14 12:50:05,0.010385144501924515,0.0703074038028717,Benign,0.9937758445739746,0,0.0,Benign
2018-02-14 12:50:10,0.009367753751575947,0.07271276414394379,Benign,0.9939157366752625,0,0.0,Benign
2018-02-14 12:50:15,0.009012069553136826,0.07578861713409424,Benign,0.9938907623291016,0,0.0,Benign
2018-02-14 12:50:20,0.008445619605481625,0.07741759717464447,Benign,0.9941896200180054,0,0.0,Benign
2018-02-14 12:50:25,0.008660119958221912,0.07934530079364777,Benign,0.9940224289894104,0,0.0,Benign
2018-02-14 12:50:30,0.011361206881701946,0.08859298378229141,Benign,0.9921228289604187,0,0.0,Benign
2018-02-14 12:50:35,0.014518288895487785,0.09603634476661682,Benign,0.9899495840072632,0,0.0,Benign
2018-02-14 12:50:40,0.01624476909637451,0.09731090813875198,Benign,0.9890598058700562,0,0.0,Benign
2018-02-14 12:50:45,0.01741884835064411,0.09751961380243301,Benign,0.9884938597679138,0,0.0,Benign
2018-02-14 12:50:50,0.015509900636970997,0.09664292633533478,Benign,0.9897624850273132,0,0.0,Benign
2018-02-14 12:50:55,0.015141504816710949,0.091762974858284,Benign,0.9901716113090515,0,0.0,Benign
2018-02-14 12:51:00,0.018150513991713524,0.09328393638134003,Benign,0.9885134100914001,0,0.0,Benign
2018-02-14 12:51:05,0.017586929723620415,0.08753985166549683,Benign,0.9892309308052063,0,0.0,Benign
2018-02-14 12:51:10,0.02266024611890316,0.09300099313259125,Benign,0.9865264296531677,0,0.0,Benign
2018-02-14 12:51:15,0.02008718065917492,0.09242025017738342,Benign,0.9877968430519104,0,0.0,Benign
2018-02-14 12:51:20,0.020891614258289337,0.09713640809059143,Benign,0.9863038659095764,0,0.0,Benign
2018-02-14 12:51:25,0.021275516599416733,0.10062569379806519,Benign,0.9859232902526855,0,0.0,Benign
2018-02-14 12:51:30,0.027552496641874313,0.10890179872512817,Benign,0.982308030128479,0,0.0,Benign
2018-02-14 12:51:35,0.03432537615299225,0.11467050760984421,Benign,0.9787880182266235,0,0.0,Benign
2018-02-14 12:51:40,0.0489061139523983,0.13114990293979645,Benign,0.968410849571228,0,0.0,Benign
2018-02-14 12:51:45,0.0614619255065918,0.15121154487133026,Benign,0.9564265608787537,0,0.0,Benign
2018-02-14 12:51:50,0.05796968564391136,0.15253545343875885,Benign,0.958534300327301,0,0.0,Benign
2018-02-14 12:51:55,0.04340410605072975,0.14087547361850739,Benign,0.9690374135971069,0,0.0,Benign
2018-02-14 12:52:00,0.028682639822363853,0.1322958916425705,Benign,0.9793256521224976,0,0.0,Benign
2018-02-14 12:52:05,0.017247041687369347,0.11221905797719955,Benign,0.9870425462722778,0,0.0,Benign
2018-02-14 12:52:10,0.010859459638595581,0.09577132761478424,Benign,0.9918361306190491,0,0.0,Benign
2018-02-14 12:52:15,0.006578091531991959,0.07691984623670578,Benign,0.9950770735740662,0,0.0,Benign
2018-02-14 12:52:20,0.004939487669616938,0.06557376682758331,Benign,0.9962592124938965,0,0.0,Benign
2018-02-14 12:52:25,0.004061311949044466,0.059347230941057205,Benign,0.9968492388725281,0,0.0,Benign
2018-02-14 12:52:30,0.003713524667546153,0.05665824934840202,Benign,0.9971351623535156,0,0.0,Benign
2018-02-14 12:52:35,0.0030659621115773916,0.05252283066511154,Benign,0.997722327709198,0,0.0,Benign
2018-02-14 12:52:40,0.0027186390943825245,0.04982166364789009,Benign,0.9980679154396057,0,0.0,Benign
2018-02-14 12:52:45,0.002488353056833148,0.047680288553237915,Benign,0.9982699155807495,0,0.0,Benign
2018-02-14 12:52:50,0.002344386652112007,0.04632080718874931,Benign,0.9983999133110046,0,0.0,Benign
2018-02-14 12:52:55,0.0024495127145200968,0.04675629362463951,Benign,0.9983068704605103,0,0.0,Benign
2018-02-14 12:53:00,0.0025370416697114706,0.046877022832632065,Benign,0.9982876181602478,0,0.0,Benign
2018-02-14 12:53:05,0.0025021240580826998,0.04832756891846657,Benign,0.9982991814613342,0,0.0,Benign
2018-02-14 12:53:10,0.002382586244493723,0.048372503370046616,Benign,0.9983835220336914,0,0.0,Benign
2018-02-14 12:53:15,0.0023238875437527895,0.0473816841840744,Benign,0.9984283447265625,0,0.0,Benign
2018-02-14 12:53:20,0.0025563722010701895,0.04711557924747467,Benign,0.9983091354370117,0,0.0,Benign
2018-02-14 12:53:25,0.0030086752958595753,0.048905905336141586,Benign,0.9980493783950806,0,0.0,Benign
2018-02-14 12:53:30,0.0031990038696676493,0.05094841122627258,Benign,0.9979275465011597,0,0.0,Benign
2018-02-14 12:53:35,0.003415340557694435,0.053757406771183014,Benign,0.9977760910987854,0,0.0,Benign
2018-02-14 12:53:40,0.004041642416268587,0.05775511637330055,Benign,0.9973898530006409,0,0.0,Benign
2018-02-14 12:53:45,0.004348816815763712,0.05884514003992081,Benign,0.9971858859062195,0,0.0,Benign
2018-02-14 12:53:50,0.004434074740856886,0.05877210944890976,Benign,0.9971831440925598,0,0.0,Benign
2018-02-14 12:53:55,0.004411382135003805,0.05829004943370819,Benign,0.9971910119056702,0,0.0,Benign
2018-02-14 12:54:00,0.003768210532143712,0.05447065457701683,Benign,0.9976692795753479,0,0.0,Benign
2018-02-14 12:54:05,0.0033857759553939104,0.053707998245954514,Benign,0.9979298114776611,0,0.0,Benign
2018-02-14 12:54:10,0.0030513519886881113,0.052168868482112885,Benign,0.9981011748313904,0,0.0,Benign
2018-02-14 12:54:15,0.00288572208955884,0.051868122071027756,Benign,0.9982178807258606,0,0.0,Benign
2018-02-14 12:54:20,0.0026789901312440634,0.0518021397292614,Benign,0.9983148574829102,0,0.0,Benign
2018-02-14 12:54:25,0.002477688016369939,0.04986927658319473,Benign,0.9984500408172607,0,0.0,Benign
2018-02-14 12:54:30,0.0023626754991710186,0.04868648201227188,Benign,0.9985089898109436,0,0.0,Benign
2018-02-14 12:54:35,0.002498446963727474,0.048689357936382294,Benign,0.9983938336372375,0,0.0,Benign
2018-02-14 12:54:40,0.002799533074721694,0.04976440221071243,Benign,0.9981642365455627,0,0.0,Benign
2018-02-14 12:54:45,0.0030534113757312298,0.05095084756612778,Benign,0.9979902505874634,0,0.0,Benign
2018-02-14 12:54:50,0.0030598135199397802,0.049972839653491974,Benign,0.9979571104049683,0,0.0,Benign
2018-02-14 12:54:55,0.0032213525846600533,0.05119019374251366,Benign,0.9978405237197876,0,0.0,Benign
2018-02-14 12:55:00,0.0029551072511821985,0.04961397126317024,Benign,0.9980837106704712,0,0.0,Benign
2018-02-14 12:55:05,0.0026647942140698433,0.048976920545101166,Benign,0.9983002543449402,0,0.0,Benign
2018-02-14 12:55:10,0.002599341794848442,0.04786258563399315,Benign,0.9983289837837219,0,0.0,Benign
2018-02-14 12:55:15,0.0026089921593666077,0.04810650646686554,Benign,0.9983277916908264,0,0.0,Benign
2018-02-14 12:55:20,0.002750227227807045,0.04801996052265167,Benign,0.99822598695755,0,0.0,Benign
2018-02-14 12:55:25,0.0031171280425041914,0.04836354777216911,Benign,0.9979575872421265,0,0.0,Benign
2018-02-14 12:55:30,0.003475339151918888,0.05013761669397354,Benign,0.9977421760559082,0,0.0,Benign
2018-02-14 12:55:35,0.00395778426900506,0.050522580742836,Benign,0.9974849224090576,0,0.0,Benign
2018-02-14 12:55:40,0.0044356659054756165,0.05089596286416054,Benign,0.9972694516181946,0,0.0,Benign
2018-02-14 12:55:45,0.004645303823053837,0.05156045779585838,Benign,0.9971996545791626,0,0.0,Benign
2018-02-14 12:55:50,0.005078235175460577,0.054369449615478516,Benign,0.9969196319580078,0,0.0,Benign
2018-02-14 12:55:55,0.004927944391965866,0.05601774901151657,Benign,0.9968875050544739,0,0.0,Benign
2018-02-14 12:56:00,0.004630161914974451,0.05821143463253975,Benign,0.997032880783081,0,0.0,Benign
2018-02-14 12:56:05,0.004402517341077328,0.05818720534443855,Benign,0.9971668124198914,0,0.0,Benign
2018-02-14 12:56:10,0.004776895046234131,0.05973213165998459,Benign,0.9969518184661865,0,0.0,Benign
2018-02-14 12:56:15,0.004329499322921038,0.0600685253739357,Benign,0.9972892999649048,0,0.0,Benign
2018-02-14 12:56:20,0.003887902945280075,0.05848270282149315,Benign,0.9975284934043884,0,0.0,Benign
2018-02-14 12:56:25,0.003723551519215107,0.05741087347269058,Benign,0.9976389408111572,0,0.0,Benign
2018-02-14 12:56:30,0.003947639837861061,0.05887322872877121,Benign,0.9975427389144897,0,0.0,Benign
2018-02-14 12:56:35,0.003548859851434827,0.05852437764406204,Benign,0.9978333115577698,0,0.0,Benign
2018-02-14 12:56:40,0.0032359107863157988,0.055587977170944214,Benign,0.9979676604270935,0,0.0,Benign
2018-02-14 12:56:45,0.003191035706549883,0.055843062698841095,Benign,0.9979836940765381,0,0.0,Benign
2018-02-14 12:56:50,0.002733265282586217,0.05227375775575638,Benign,0.9982494711875916,0,0.0,Benign
2018-02-14 12:56:55,0.0027479524724185467,0.049333248287439346,Benign,0.9981829524040222,0,0.0,Benign
2018-02-14 12:57:00,0.0027405130676925182,0.048601679503917694,Benign,0.9981617331504822,0,0.0,Benign
2018-02-14 12:57:05,0.002948931884020567,0.049873121082782745,Benign,0.9980424642562866,0,0.0,Benign
2018-02-14 12:57:10,0.0032962518744170666,0.05290387570858002,Benign,0.9978356957435608,0,0.0,Benign
2018-02-14 12:57:15,0.0032906322740018368,0.05467590317130089,Benign,0.997844934463501,0,0.0,Benign
2018-02-14 12:57:20,0.0032589591573923826,0.054154541343450546,Benign,0.9978742599487305,0,0.0,Benign
2018-02-14 12:57:25,0.003332389984279871,0.05346336588263512,Benign,0.9978631138801575,0,0.0,Benign
2018-02-14 12:57:30,0.003671193728223443,0.054327428340911865,Benign,0.9976885318756104,0,0.0,Benign
2018-02-14 12:57:35,0.004423320759087801,0.0568058043718338,Benign,0.9973064661026001,0,0.0,Benign
2018-02-14 12:57:40,0.004733047913759947,0.05518791079521179,Benign,0.9972431659698486,0,0.0,Benign
2018-02-14 12:57:45,0.005119399633258581,0.0546753816306591,Benign,0.9970500469207764,0,0.0,Benign
2018-02-14 12:57:50,0.00480641471222043,0.05244157463312149,Benign,0.9971821308135986,0,0.0,Benign
2018-02-14 12:57:55,0.004630374722182751,0.04926328733563423,Benign,0.9972705245018005,0,0.0,Benign
2018-02-14 12:58:00,0.004510513972491026,0.050479449331760406,Benign,0.9973465204238892,0,0.0,Benign
2018-02-14 12:58:05,0.004113051574677229,0.04985286667943001,Benign,0.9975919723510742,0,0.0,Benign
2018-02-14 12:58:10,0.003916616551578045,0.05038454011082649,Benign,0.9977070093154907,0,0.0,Benign
2018-02-14 12:58:15,0.0037742999847978354,0.04979156702756882,Benign,0.9978109002113342,0,0.0,Benign
2018-02-14 12:58:20,0.0035569528117775917,0.04871278628706932,Benign,0.9979051351547241,0,0.0,Benign
2018-02-14 12:58:25,0.0033760201185941696,0.048468511551618576,Benign,0.9979997277259827,0,0.0,Benign
2018-02-14 12:58:30,0.0034997162874788046,0.047437191009521484,Benign,0.9979130625724792,0,0.0,Benign
2018-02-14 12:58:35,0.0035425738897174597,0.04722735285758972,Benign,0.9978526830673218,0,0.0,Benign
2018-02-14 12:58:40,0.0037292055785655975,0.04676922783255577,Benign,0.9977487921714783,0,0.0,Benign
2018-02-14 12:58:45,0.00395300704985857,0.04759308323264122,Benign,0.9975544810295105,0,0.0,Benign
2018-02-14 12:58:50,0.003962985239923,0.04922995716333389,Benign,0.9974753260612488,0,0.0,Benign
2018-02-14 12:58:55,0.003707103431224823,0.052034106105566025,Benign,0.9976886510848999,0,0.0,Benign
2018-02-14 12:59:00,0.003227395238354802,0.05138108879327774,Benign,0.9979939460754395,0,0.0,Benign
2018-02-14 12:59:05,0.0027977738063782454,0.052073489874601364,Benign,0.9982888102531433,0,0.0,Benign
2018-02-14 12:59:10,0.002587223658338189,0.052033837884664536,Benign,0.9984683394432068,0,0.0,Benign
2018-02-14 12:59:15,0.002443378558382392,0.052068304270505905,Benign,0.998589813709259,0,0.0,Benign
2018-02-14 12:59:20,0.0022291147615760565,0.05093609169125557,Benign,0.9986947178840637,0,0.0,Benign
2018-02-14 12:59:25,0.0021216028835624456,0.05152963101863861,Benign,0.9987358450889587,0,0.0,Benign
2018-02-14 12:59:30,0.0020352343562990427,0.0516027994453907,Benign,0.9987607002258301,0,0.0,Benign
2018-02-14 12:59:35,0.0019328991184011102,0.050324201583862305,Benign,0.9988105297088623,0,0.0,Benign
2018-02-14 12:59:40,0.0018712354358285666,0.04973467066884041,Benign,0.9988467693328857,0,0.0,Benign
2018-02-14 12:59:45,0.0017857125494629145,0.04768948256969452,Benign,0.9988762736320496,0,0.0,Benign
2018-02-14 12:59:50,0.0016826172359287739,0.046438202261924744,Benign,0.9989504814147949,0,0.0,Benign
2018-02-14 12:59:55,0.001641435781493783,0.04583016782999039,Benign,0.9989641904830933,0,0.0,Benign
